,origins_eet,destinations_eet,origins_mc,destinations_mc
1,522,147,478,146
2,162,270,162,255
3,808,4818,758,4756
4,44,544,79,610
5,131,43,144,46
6,119,29,116,35
7,154,23,154,28
8,90,18,104,20
9,1532,370,1531,396
10,1108,210,1128,219
11,4,7,4,2
12,50,344,45,351
13,140,73,128,44
14,651,128,587,113
15,103,28,97,17
16,3,84,10,90
17,96,27,84,33
18,86,42,104,51
19,30,18,34,20
20,248,706,231,699
21,151,24,140,24
22,71,103,74,123
23,137,95,121,100
24,184,61,200,72
25,2,609,4,643
26,1,23,1,35
27,231,55,251,49
28,46,31,49,31
29,53,1098,49,1109
30,311,60,327,45
31,655,208,675,233
32,314,1029,340,1086
33,61,17,59,18
34,339,158,378,170
35,65,17,48,18
36,318,1516,282,1440
37,170,69,167,77
38,199,53,207,50
39,63,347,69,364
40,116,90,130,93
41,49,19,40,20
42,30,10,41,12
43,121,42,101,30
44,43,19,41,13
45,280,544,297,544
46,45,3,45,8
47,272,64,259,60
48,500,106,481,107
49,363,367,345,344
50,43,384,50,394
51,85,30,86,17
52,26,31,18,37
53,536,124,512,123
54,139,27,133,29
55,64,1474,73,1463
56,112,5,123,4
57,40,15,49,26
58,83,45,78,21
59,141,229,137,235
60,70,16,78,21
61,36,168,45,177
62,417,121,355,134
63,57,49,59,46
64,318,295,301,290
65,317,81,349,90
66,217,51,218,66
67,5,124,1,110
68,491,116,463,89
69,114,25,133,21
70,13,73,19,57
71,146,50,158,49
72,37,11,26,9
73,68,15,78,16
74,48,48,51,52
75,111,38,99,43
76,940,269,933,213
77,57,26,65,25
78,4,12,1,11
80,287,55,271,51
81,461,871,469,907
82,425,112,439,114
83,89,46,90,47
84,617,244,599,222
85,101,46,95,30
86,321,1017,338,1067
87,256,65,260,49
88,14,152,12,120
89,3,25,5,23
90,93,19,85,19
91,24,6,25,4
92,37,15,39,18
93,8,111,5,111
94,97,223,84,218
95,68,19,67,23
96,66,34,60,23
97,230,411,234,384
98,180,39,165,42
99,76,206,69,177
100,324,117,305,88
101,199,788,174,746
102,24,54,24,69
103,42,1,27,2
104,567,142,566,116
105,175,27,196,18
106,218,49,214,27
107,530,135,541,133
108,482,75,474,67
109,285,108,237,96
110,117,26,131,23
111,358,131,395,115
112,631,253,641,209
113,141,37,129,26
114,551,206,588,245
115,191,46,176,45
116,61,123,66,113
118,110,53,126,59
119,155,56,152,64
120,233,44,230,72
121,718,181,718,188
122,5,2,6,5
123,95,602,108,592
124,84,110,91,112
125,104,14,97,33
126,105,14,91,19
127,245,56,274,75
128,21,134,16,136
129,60,12,51,24
130,28,19,34,7
131,30,624,40,631
132,61,109,52,135
133,274,178,306,218
134,152,63,148,46
135,432,216,391,220
136,49,76,44,73
137,113,20,93,21
138,562,142,552,116
139,74,637,85,596
140,129,31,142,19
141,97,21,88,21
142,48,9,51,9
143,53,16,55,13
144,188,153,189,156
145,262,248,250,256
146,169,36,157,39
147,264,364,213,299
148,330,313,301,308
149,62,12,56,8
150,199,67,192,60
151,331,84,363,99
152,146,67,164,59
153,173,210,168,214
154,4,37,4,41
155,6,31,15,54
156,229,84,210,93
157,75,38,74,31
158,107,20,83,39
159,118,513,114,481
160,103,29,89,20
161,592,161,592,179
162,244,196,273,203
163,70,17,76,19
164,161,77,176,73
165,47,20,55,23
166,526,71,543,80
167,117,24,115,28
168,34,65,33,62
169,154,31,128,30
170,144,27,110,21
171,329,90,349,86
172,482,156,497,174
173,475,72,493,85
175,44,17,37,18
176,74,60,83,66
177,175,754,157,788
178,72,23,85,29
179,62,9,54,10
180,60,18,57,25
181,92,41,103,42
182,121,113,122,115
183,470,151,495,147
184,38,5,45,11
185,457,127,455,150
186,560,172,527,200
187,20,5,29,9
188,254,68,243,65
189,76,19,75,18
190,183,189,178,169
191,136,54,145,54
192,113,30,142,30
193,10,75,14,52
194,396,105,397,61
195,60,8,59,8
196,216,64,223,64
197,115,21,123,19
198,119,103,139,100
199,12,233,12,256
200,287,71,279,84
201,53,26,54,21
202,165,34,160,42
203,203,1053,184,1061
204,285,436,290,443
205,697,196,675,143
206,123,25,112,28
207,43,113,53,106
208,187,36,168,58
209,281,38,276,58
210,3,25,0,18
211,189,47,186,54
212,386,104,379,107
213,398,142,389,134
214,58,17,60,14
215,176,226,175,181
216,154,36,140,27
217,172,57,179,55
218,203,33,192,36
219,5,944,2,995
220,39,10,33,1
221,136,46,154,45
222,11,63,19,75
223,280,51,270,38
224,15,89,16,76
225,11,492,16,493
226,87,104,85,119
227,69,24,82,33
228,183,58,189,59
229,102,527,103,542
230,96,16,104,26
231,131,48,132,58
232,61,662,59,694
233,33,45,45,45
234,19,112,18,134
235,136,71,159,51
236,161,41,170,25
237,143,102,148,90
238,0,2,0,3
239,235,68,233,68
240,100,54,102,92
241,236,165,184,136
242,133,85,108,102
243,214,73,256,66
244,311,93,296,96
245,67,400,74,385
246,163,44,163,64
247,23,9,19,6
248,91,36,76,42
249,28,49,22,46
250,258,49,266,52
251,10,5,17,13
252,115,21,111,27
253,70,11,54,10
254,65,23,75,20
255,163,83,156,97
256,251,52,225,41
257,368,109,403,112
258,79,190,79,161
259,15,36,19,28
261,1341,707,1359,723
262,111,100,118,90
263,190,401,205,328
264,75,130,73,111
265,33,109,31,111
266,628,239,621,250
267,129,61,138,57
268,58,15,58,17
269,62,82,60,89
270,201,22,160,43
271,91,40,90,28
272,1058,313,1094,267
273,79,166,62,127
274,121,271,115,248
275,115,35,107,43
276,225,39,200,43
277,281,96,267,113
278,293,114,305,106
279,116,52,101,49
280,69,84,66,72
281,76,33,72,31
282,216,208,171,199
283,178,52,178,57
284,3,1682,7,1678
285,240,106,219,102
286,272,76,295,82
287,452,121,409,118
288,302,377,256,386
289,147,49,153,47
290,78,32,83,27
291,0,29,0,28
292,18,96,19,93
293,52,14,60,21
294,128,35,121,47
295,160,50,178,28
296,137,143,136,145
297,126,796,114,854
298,63,32,48,18
299,109,31,96,23
300,235,1230,207,1186
301,64,13,50,10
302,112,78,123,64
303,296,598,337,611
304,0,6,0,3
305,60,160,49,141
306,83,24,77,21
307,95,27,94,9
308,895,221,966,215
309,169,41,196,37
310,53,41,48,58
311,317,94,320,112
312,269,414,286,418
313,168,49,160,48
314,72,17,94,19
315,138,42,112,42
316,371,138,345,128
317,43,85,38,75
318,172,89,181,121
319,82,86,73,102
320,28,1011,31,1083
321,77,7,61,15
322,149,37,159,57
323,325,102,313,122
324,324,59,277,68
325,91,218,88,177
326,127,39,134,48
327,2,28,1,26
328,266,53,260,48
329,240,99,221,72
330,192,48,188,59
331,67,12,63,19
332,45,18,40,20
333,205,54,206,53
334,152,103,145,106
335,425,133,427,142
336,138,59,139,73
337,130,54,132,47
338,4,74,0,71
339,61,198,49,154
340,26,64,19,79
341,83,24,79,31
342,152,196,145,177
343,67,9,64,14
344,163,74,161,66
345,2059,341,1982,387
346,215,51,202,58
347,460,2377,500,2379
348,113,10,94,18
349,89,23,80,21
350,226,779,218,778
351,87,15,81,25
352,71,14,78,18
353,94,12,102,23
354,43,12,50,8
355,154,24,121,29
356,243,75,216,69
357,54,297,46,307
358,15,293,18,312
359,41,39,49,33
360,51,7,49,9
361,107,23,104,24
362,206,616,229,652
363,384,115,355,105
364,217,43,210,39
365,277,337,280,196
366,35,8,31,19
367,426,97,401,85
368,8,41,3,29
369,16,514,9,540
370,75,14,56,11
371,74,256,65,244
372,72,24,76,9
373,111,22,106,31
374,24,157,31,170
375,197,55,177,52
376,30,138,30,143
377,1,30,2,30
378,233,53,254,68
379,43,297,45,295
380,372,567,387,510
381,0,6,0,11
382,209,110,213,123
383,111,43,114,49
384,120,8,109,18
385,171,90,154,107
386,27,8,39,4
387,98,36,83,39
388,68,27,85,19
389,94,87,77,81
390,122,76,132,54
391,1215,635,1070,592
392,54,69,51,67
393,325,151,338,142
394,72,100,68,90
395,108,231,100,233
396,25,8,25,7
397,147,44,167,33
398,120,52,106,55
399,1100,193,1150,203
400,59,302,94,313
401,140,644,167,578
402,742,241,768,246
403,30,368,29,330
404,98,17,95,14
405,98,26,95,40
406,294,56,275,54
407,25,321,19,335
408,279,39,270,41
409,27,12,28,15
410,508,79,487,80
411,155,29,140,22
412,47,24,45,19
413,85,43,89,44
414,258,45,244,38
415,194,55,229,39
417,65,23,60,25
418,110,14,113,20
419,219,47,212,66
420,263,110,262,116
421,17,1235,25,1265
422,72,18,74,18
423,106,27,106,28
424,327,66,349,73
425,134,124,151,182
426,427,163,419,160
427,162,43,184,59
428,11,192,18,182
429,183,37,187,48
430,154,529,170,515
431,4,2,5,2
432,78,25,76,21
433,3,14,0,6
434,4,33,10,49
435,52,15,42,16
436,71,1491,70,1509
437,203,969,181,879
438,99,30,83,19
439,106,428,127,417
440,160,64,157,69
441,167,43,141,43
442,60,48,61,50
443,92,36,91,27
444,41,1655,43,1623
445,466,121,466,127
446,175,48,178,51
447,181,53,225,60
448,271,57,266,68
449,60,9,64,18
450,62,59,74,62
451,39,9,56,11
452,177,44,163,42
453,40,79,32,88
454,466,112,465,103
455,17,662,23,683
456,161,69,145,64
457,151,178,161,198
458,210,43,235,29
459,146,135,165,130
460,122,26,112,19
461,25,140,24,124
462,37,15,44,12
463,20,250,24,262
464,156,48,185,60
465,81,325,100,346
466,212,36,163,33
467,30,1,33,1
468,87,35,106,46
469,48,13,45,25
470,21,180,16,183
471,20,562,17,517
473,35,121,42,117
474,168,257,147,279
475,25,82,26,97
476,14,7,11,1
477,88,109,101,121
478,46,25,48,21
479,19,24,17,10
480,758,154,738,185
481,103,28,96,36
482,361,68,368,83
483,324,89,333,88
484,3,121,3,137
485,130,26,116,24
486,703,488,709,440
487,42,3,41,8
488,352,285,321,239
489,136,13,112,10
490,54,151,55,158
491,593,129,591,139
492,482,122,461,149
493,141,205,147,179
494,17,46,27,51
495,93,19,85,28
496,58,10,45,9
497,250,98,268,96
498,96,41,87,27
499,266,99,224,72
500,262,117,270,137
501,567,121,586,139
502,169,34,160,19
503,47,20,37,15
504,45,15,51,7
505,78,16,70,14
506,312,132,306,126
507,10,106,7,99
508,128,84,136,81
509,73,13,58,16
510,195,74,205,61
511,385,144,436,133
512,194,43,223,50
513,157,38,168,31
514,226,86,211,99
515,43,11,42,16
516,111,23,101,35
517,408,138,392,118
518,13,996,14,1100
519,13,275,8,255
520,4,25,4,25
521,43,13,31,7
522,3,28,1,14
523,25,16,22,9
524,45,18,56,29
525,170,30,175,58
526,23,113,24,101
527,24,388,26,421
528,79,28,87,19
529,182,44,197,40
530,48,16,41,16
531,57,414,71,389
532,63,33,49,25
533,20,42,29,42
534,116,34,111,20
535,307,71,312,95
536,74,27,78,21
537,97,64,103,70
538,201,65,194,53
539,152,25,157,43
540,63,106,65,103
541,279,112,257,95
542,387,165,392,156
544,8,4,12,2
545,903,171,893,174
546,33,29,33,28
547,62,27,67,33
548,226,50,235,51
549,112,56,109,58
550,114,19,101,16
551,382,648,384,618
552,534,129,551,99
553,416,63,430,66
554,83,53,89,66
555,133,29,139,41
556,359,167,331,153
557,32,7,33,7
558,678,210,652,228
559,88,167,91,165
560,0,23,0,32
561,529,163,539,155
562,98,43,110,39
563,129,50,141,36
564,200,1111,208,1114
565,83,40,97,43
566,189,65,164,46
567,91,38,106,47
568,96,46,121,20
569,13,46,7,46
570,126,23,129,24
571,89,20,95,23
572,85,41,87,49
573,290,80,306,81
574,246,310,264,305
575,197,111,197,86
576,44,18,39,12
577,14,654,24,616
578,44,6,38,7
579,36,870,41,893
580,72,108,94,146
581,112,36,124,29
582,181,90,188,100
583,214,70,202,73
584,104,24,106,24
585,4,1167,5,1181
586,3,531,2,512
587,51,19,51,12
588,285,95,263,89
589,268,243,280,285
590,138,29,149,25
591,103,44,111,39
592,260,52,279,71
594,39,11,31,9
595,1109,284,1056,282
596,119,34,112,21
597,78,23,101,23
598,21,16,22,13
599,112,40,99,57
600,234,35,240,52
601,39,273,31,270
602,79,17,72,17
603,105,72,106,67
604,40,15,61,10
605,357,126,379,109
606,202,93,211,89
607,87,23,85,26
608,122,27,140,30
609,2,76,1,66
610,180,36,191,46
611,363,57,381,61
612,71,16,58,14
613,64,28,69,18
614,75,37,73,38
615,188,872,195,790
616,193,34,224,47
617,252,65,255,71
618,471,171,464,166
619,115,400,125,406
620,202,1191,196,1228
621,616,149,615,131
622,626,128,614,126
623,272,66,272,67
624,431,98,394,77
625,119,19,122,39
626,204,3214,186,3130
627,393,1616,383,1621
628,140,657,117,599
629,233,97,224,110
630,442,79,431,105
631,142,77,143,76
632,145,25,158,22
633,73,20,70,21
634,33,39,37,29
635,259,254,250,234
636,210,82,183,88
637,14,58,18,51
638,90,14,88,19
639,17,7,25,3
640,69,539,61,593
641,307,75,353,68
642,280,114,248,83
643,462,124,433,112
644,110,20,98,29
645,163,160,150,129
646,132,71,121,77
647,203,79,176,64
648,423,124,445,145
649,32,4,48,7
650,8,49,7,40
651,308,101,317,95
652,36,9,37,17
653,77,18,52,10
654,139,29,171,32
655,419,103,426,126
656,1281,1189,1254,1132
657,43,24,52,11
658,117,13,95,19
659,260,60,253,65
660,474,127,472,127
661,269,126,271,136
663,55,34,57,32
664,3,1369,6,1359
665,63,19,77,20
666,2,4,0,5
667,217,142,209,118
668,91,17,89,14
669,180,60,205,52
670,135,42,145,47
671,17,177,17,195
672,60,14,64,14
673,422,135,428,137
674,190,54,183,66
675,91,24,86,29
676,593,129,598,118
677,29,3,27,11
678,32,1576,25,1641
679,193,125,200,119
680,250,57,279,53
681,169,28,147,33
682,11,25,11,18
683,69,23,70,27
684,290,75,290,61
685,61,17,57,12
686,935,267,1018,238
687,95,57,101,52
688,974,196,885,177
689,208,36,213,40
690,255,46,257,82
691,192,55,212,51
692,2,992,7,945
693,107,29,96,25
694,69,127,67,114
695,287,163,307,158
696,4,85,9,83
697,393,99,409,98
698,180,47,177,41
699,24,35,26,29
700,59,22,48,17
701,46,5,40,3
702,176,61,129,65
704,68,22,68,19
705,99,25,98,29
706,447,102,411,121
707,75,195,75,181
708,372,72,319,68
709,34,2,36,12
710,605,208,626,207
711,78,175,78,160
712,148,33,140,56
713,60,24,73,27
714,386,195,368,190
715,242,42,223,55
716,170,40,162,46
717,187,50,186,35
718,139,31,118,28
719,2,28,10,25
720,129,394,112,338
721,13,387,11,342
722,282,50,261,52
723,41,1398,29,1432
724,48,14,46,8
725,369,77,370,80
726,267,63,252,61
727,281,108,314,115
728,78,91,69,90
729,65,12,59,13
730,151,52,138,58
731,116,59,137,47
732,31,3,21,4
733,181,80,176,93
734,362,124,359,277
735,141,335,117,306
736,11,16,11,23
737,336,72,304,86
738,98,22,103,27
739,8,9,9,2
740,324,134,327,131
741,22,193,9,174
742,150,27,179,17
743,429,1823,454,1866
744,58,61,49,54
745,497,102,495,101
746,49,600,66,598
747,623,504,610,499
748,117,7,119,15
749,125,21,111,28
750,110,56,114,45
751,855,260,885,256
752,88,28,94,20
753,186,66,201,62
754,370,126,377,141
755,116,37,118,37
756,138,55,137,49
757,80,17,93,12
758,103,46,111,39
759,36,201,35,185
760,148,78,151,92
761,57,341,53,329
762,97,33,79,22
763,17,14,18,12
764,14,51,10,57
765,99,43,99,29
766,235,43,220,51
767,163,37,177,47
768,164,42,147,49
769,253,55,246,58
771,78,22,67,18
772,15,186,15,155
773,124,430,129,445
774,194,53,196,69
775,58,21,54,14
776,199,39,199,49
777,28,9,33,10
778,102,32,89,16
779,276,64,245,81
780,132,23,156,44
781,191,75,167,74
782,238,54,204,93
783,106,24,122,26
784,101,90,95,67
785,365,90,324,89
786,56,91,77,102
787,76,19,71,15
788,175,36,172,15
789,337,246,337,237
790,118,26,121,24
791,6,177,4,206
792,307,259,316,260
793,512,126,477,98
794,120,74,119,59
795,477,285,480,323
796,114,38,99,32
797,158,72,150,82
798,71,19,73,13
799,24,55,33,80
800,63,107,58,89
801,135,30,124,35
802,242,1524,259,1488
803,121,17,105,37
804,113,31,116,21
805,210,53,239,74
806,376,327,351,312
807,8,80,12,86
808,327,1919,323,1880
809,170,309,163,279
810,306,44,283,45
811,57,140,56,103
812,179,106,180,109
814,487,153,528,135
815,1,10,2,7
816,48,94,38,94
817,202,77,237,84
818,371,78,381,81
819,88,24,88,25
820,83,26,89,22
821,94,36,112,45
822,84,504,82,489
823,221,41,214,65
824,225,78,242,79
825,66,157,55,141
826,608,162,639,165
827,248,57,215,70
828,84,19,93,26
829,238,60,207,58
830,272,73,284,88
831,79,21,84,25
832,837,235,894,217
833,81,32,76,27
834,58,72,62,57
835,81,156,95,169
836,65,255,68,192
837,431,78,465,76
838,195,56,215,45
839,27,22,28,16
840,333,63,337,71
841,107,12,94,14
842,270,57,269,44
843,78,15,83,21
844,66,16,68,13
845,208,38,204,44
846,118,38,110,27
847,143,23,152,31
848,231,77,218,89
849,147,44,158,41
850,154,93,161,78
851,379,105,382,85
852,151,294,132,308
853,134,63,148,50
854,111,22,112,36
855,270,63,266,76
856,108,20,130,30
857,934,240,941,203
858,320,80,291,80
859,69,142,73,159
860,106,28,93,23
861,67,1174,58,1125
862,451,583,436,586
863,248,105,244,80
864,253,97,267,82
865,35,25,53,17
866,24,190,23,166
867,15,13,16,16
868,129,54,142,58
869,611,168,643,160
870,176,70,161,61
871,191,62,180,41
872,187,97,200,100
873,438,99,459,117
874,244,55,220,61
875,276,49,287,55
876,150,37,173,48
877,104,21,105,26
878,461,124,492,153
879,44,10,30,5
880,114,53,96,35
881,297,96,304,91
882,7,37,8,40
883,173,58,164,45
884,79,26,82,30
885,132,146,108,134
886,130,49,145,35
887,94,13,88,19
888,8,257,8,256
889,188,83,184,75
890,200,366,188,394
891,71,23,67,25
892,153,38,130,44
893,100,29,97,31
894,144,80,150,74
895,746,602,722,579
896,83,21,93,21
897,110,165,107,194
898,102,48,110,41
899,207,286,214,282
900,177,79,183,74
901,208,268,191,263
902,258,48,236,52
903,91,21,77,14
904,39,285,38,283
905,326,142,346,155
906,167,57,180,57
907,192,67,229,77
908,209,1140,199,1188
909,257,75,241,57
910,140,24,132,18
911,241,169,219,148
912,65,58,52,49
913,585,264,599,258
914,26,164,22,155
915,67,1291,52,1318
916,144,27,140,33
917,110,21,108,23
918,220,51,228,53
919,268,74,257,52
920,109,98,96,91
921,198,83,192,106
922,194,37,194,50
923,48,44,58,23
924,118,34,131,38
925,16,310,14,354
926,389,80,384,68
927,555,143,544,162
928,55,11,57,16
929,1963,374,1881,377
930,848,209,859,210
931,45,73,55,83
932,3,32,5,29
933,67,36,86,44
934,111,49,101,33
935,58,113,55,100
936,46,11,37,19
937,474,167,455,149
938,274,119,329,148
939,137,32,143,41
940,83,169,83,189
941,11,386,11,396
942,98,43,111,39
943,76,30,71,31
944,148,433,152,430
945,108,42,98,27
946,92,19,78,31
947,74,27,71,33
948,130,802,130,806
949,184,116,161,148
950,105,33,111,31
951,124,43,124,31
952,46,859,46,882
953,78,12,69,9
954,132,30,150,23
955,118,31,139,30
956,177,121,153,125
957,74,20,102,31
958,125,32,125,35
959,60,16,68,17
960,145,63,135,72
961,70,66,75,62
962,101,41,107,35
963,183,92,190,91
964,11,117,7,81
965,83,72,94,78
966,18,8,21,6
967,46,5,40,6
968,48,123,44,159
969,191,60,203,63
970,46,14,34,7
971,70,54,70,34
972,82,67,76,69
973,113,28,116,36
974,88,16,72,22
976,81,384,84,409
977,271,80,281,77
978,136,35,114,25
979,45,10,33,8
980,23,34,31,37
981,139,217,143,191
983,137,70,137,59
984,88,32,88,31
985,137,28,146,33
986,83,51,86,53
987,53,81,50,86
988,164,54,167,44
989,80,13,88,15
990,135,139,121,135
991,235,1119,206,1143
992,168,52,175,49
993,48,23,47,30
994,146,26,148,30
995,139,25,136,34
996,65,16,56,17
997,156,53,154,42
998,275,184,269,161
999,325,67,319,60
1000,187,85,169,63
1001,301,371,306,365
1002,52,64,48,58
1003,0,40,0,48
1004,83,36,78,26
1005,324,118,287,134
1006,87,364,58,367
1007,230,67,267,68
1008,163,32,148,42
1009,57,67,68,66
1010,206,53,197,48
1011,255,81,262,92
1012,141,45,146,42
1013,342,225,355,215
1014,5,33,5,34
1015,313,424,321,394
1016,133,351,149,395
1017,494,292,519,302
1018,164,158,133,146
1019,28,674,28,616
1020,134,24,120,29
1021,370,228,341,216
1022,6,137,3,156
1023,196,34,179,40
1024,305,517,340,541
1025,80,76,75,70
1026,28,128,14,108
1027,76,28,89,22
1028,59,8,57,12
1029,38,18,42,24
1030,65,203,55,208
1031,72,152,65,132
1032,11,26,13,38
1033,365,188,397,209
1034,134,40,118,32
1035,759,129,734,140
1036,289,90,273,96
1037,64,116,66,121
1038,441,507,430,506
1039,110,11,118,22
1040,216,47,221,40
1041,119,841,105,825
1042,93,95,86,93
1043,91,18,93,14
1044,184,422,159,428
1045,71,27,69,32
1046,92,47,101,46
1047,178,161,195,149
1048,168,129,164,129
1049,28,14,40,12
1050,324,216,353,191
1051,132,16,130,24
1052,51,12,39,23
1053,61,18,54,24
1054,26,21,38,14
1055,151,39,137,37
1056,144,82,151,61
1057,425,127,433,120
1058,138,41,126,40
1059,403,195,399,169
1060,15,784,13,863
1061,252,55,241,60
1062,391,266,382,268
1063,41,122,45,132
1064,191,939,200,944
1065,126,46,137,39
1066,41,81,41,89
1067,218,59,240,52
1068,11,185,21,175
1069,155,807,153,750
1070,393,75,392,66
1071,291,150,304,181
1072,112,28,116,30
1073,382,251,432,265
1075,114,40,118,47
1076,7,53,4,44
1077,338,100,341,79
1078,190,64,205,65
1079,50,65,40,82
1080,211,45,195,44
1081,43,187,50,188
1082,51,88,54,85
1083,33,11,32,6
1084,135,38,162,30
1085,680,195,677,200
1086,177,42,196,42
1087,8,42,10,51
1088,64,10,73,5
1089,795,190,749,184
1090,92,739,94,745
1091,3,1258,4,1277
1092,62,24,70,25
1093,324,65,329,82
1094,8,104,7,125
1095,236,67,213,67
1096,82,19,78,23
1097,227,60,237,52
1098,14,252,20,246
1099,301,132,338,130
1100,1,5,2,9
1101,168,77,164,89
1102,324,268,324,278
1103,1064,253,1072,229
1104,266,59,265,55
1105,18,216,12,155
1106,16,6,20,5
1107,91,38,109,34
1108,82,33,78,23
1109,4,1034,5,1054
1110,254,88,253,69
1111,83,62,70,62
1112,113,20,109,29
1113,173,402,148,396
1114,10,89,5,87
1115,404,140,375,127
1116,19,25,27,19
1117,400,151,381,173
1118,235,51,235,52
1119,221,81,201,69
1120,39,42,42,45
1121,155,48,118,44
1122,236,34,203,20
1123,124,12,109,16
1124,902,170,908,190
1125,173,103,167,123
1126,288,55,289,92
1127,1,32,1,41
1128,57,50,54,41
1129,60,662,70,569
1130,67,19,65,25
1131,230,61,210,62
1132,119,17,151,14
1133,239,65,229,56
1134,130,57,138,61
1135,841,338,848,342
1136,127,20,103,23
1137,190,49,163,46
1138,430,59,486,85
1139,397,95,426,104
1140,208,44,220,42
1141,299,61,336,83
1142,121,28,125,41
1143,30,13,41,13
1144,5,115,1,90
1145,128,265,120,289
1146,174,40,163,40
1147,169,54,178,48
1148,51,25,59,22
1149,206,89,197,87
1150,58,211,69,231
1151,115,31,113,28
1152,10,110,5,110
1153,144,51,152,58
1154,92,34,100,40
1155,64,1072,84,1130
1156,118,135,120,123
1157,4,109,7,99
1158,133,22,113,22
1159,67,1431,55,1425
1160,475,88,476,86
1161,303,67,322,70
1162,391,88,384,91
1163,92,8,83,14
1164,337,520,323,471
1166,357,108,367,121
1167,325,85,353,52
1168,93,408,71,390
1169,677,203,674,217
1170,74,49,60,49
1171,168,75,170,81
1172,62,21,63,23
1173,71,117,77,109
1174,118,3384,129,3421
1175,32,39,36,35
1176,134,50,154,48
1177,35,47,38,46
1178,893,311,920,290
1179,108,38,107,61
1180,204,2046,187,1992
1181,166,674,165,693
1182,21,1372,18,1369
1183,266,365,226,385
1184,245,100,245,81
1185,286,1202,284,1224
1186,301,85,292,58
1187,79,34,65,36
1188,145,38,137,43
1189,98,31,103,33
1190,147,43,134,38
1192,447,84,459,79
1193,73,25,71,19
1194,8,75,8,71
1195,64,250,60,285
1196,34,123,27,133
1197,414,140,366,155
1198,9,64,12,47
1199,396,91,468,100
1200,296,428,332,365
1201,62,19,69,18
1202,4,43,10,64
1203,519,93,498,94
1204,278,60,261,51
1205,78,115,82,97
1206,159,42,160,41
1208,507,86,447,108
1209,29,1962,23,1969
1210,0,28,0,32
1211,44,160,35,140
1212,67,12,63,10
1213,9,92,3,100
1214,62,149,68,164
1215,177,142,191,152
1216,56,9,69,16
1217,259,67,278,75
1218,67,9,64,14
1219,128,32,130,36
1220,57,32,54,29
1221,28,886,35,881
1222,89,19,73,21
1223,195,133,205,123
1224,69,27,64,32
1225,441,878,438,868
1226,69,320,58,295
1227,11,5,7,5
1228,63,35,57,35
1229,209,28,232,36
1230,14,565,19,559
1231,163,34,145,42
1232,270,46,253,41
1233,162,51,165,34
1234,172,67,148,136
1235,102,55,101,39
1236,68,20,61,25
1237,50,32,67,43
1238,108,25,89,28
1239,4,332,5,362
1240,176,39,160,46
1241,187,92,178,90
1242,42,22,41,27
1243,167,22,150,30
1244,18,90,22,83
1245,211,51,234,38
1246,85,444,71,419
1247,177,234,175,239
1248,123,118,105,124
1249,314,79,304,71
1250,161,36,166,41
1251,47,10,41,14
1252,426,94,414,80
1253,64,16,64,27
1254,61,11,67,4
1255,106,18,98,18
1256,1116,343,1160,346
1257,51,179,49,157
1258,68,411,65,482
1259,87,43,78,33
1260,57,376,70,390
1261,25,201,16,251
1262,59,234,75,249
1263,578,181,627,164
1264,24,4,26,3
1265,163,136,174,140
1266,64,30,65,19
1267,54,20,65,16
1268,3,94,0,100
1269,69,843,93,905
1270,110,26,107,38
1271,120,30,112,37
1272,711,667,705,656
1273,14,2878,9,2967
1274,245,63,253,52
1275,412,111,442,127
1276,199,43,198,55
1277,18,106,17,106
1278,204,52,219,67
1279,490,96,454,99
1280,297,77,335,65
1281,279,59,281,60
1282,111,230,128,265
1283,104,30,122,60
1284,299,58,266,65
1285,153,31,148,42
1286,803,229,843,220
1287,146,30,116,26
1288,190,24,190,31
1289,182,53,172,58
1290,92,62,77,83
1291,106,213,112,246
1292,300,142,287,141
1293,100,1435,79,1427
1294,65,19,58,23
1295,59,55,54,69
1296,27,451,33,460
1297,21,3,10,3
1298,70,20,66,20
1299,154,54,176,56
1300,107,343,100,343
1301,72,405,77,359
1302,55,7,54,9
1303,42,14,44,15
1305,46,244,57,266
1306,23,225,23,215
1307,365,243,353,222
1308,25,79,26,92
1309,137,2109,145,2026
1310,375,65,388,82
1311,206,48,224,38
1312,16,290,20,290
1313,91,112,87,123
1314,66,16,70,14
1315,28,14,27,14
1316,74,34,79,38
1317,71,27,57,30
1318,208,41,206,51
1319,83,14,92,12
1320,35,79,22,80
1321,143,195,157,207
1322,212,91,228,117
1323,382,99,416,120
1324,63,17,66,29
1325,76,620,73,625
1326,28,240,31,218
1327,225,233,243,234
1328,10,27,10,35
1329,8,3,12,7
1330,68,17,65,21
1331,186,53,198,72
1332,6,63,13,62
1333,96,32,96,30
1334,212,66,210,69
1335,42,83,48,115
1336,88,39,81,34
1337,344,118,381,111
1338,113,23,99,27
1339,137,45,150,37
1340,133,61,149,64
1341,610,202,633,181
1342,165,122,182,113
1343,119,20,99,17
1344,794,269,812,234
1345,104,12,115,29
1346,881,207,903,223
1347,59,18,67,25
1348,61,23,72,16
1349,23,9,24,13
1350,95,182,113,192
1351,146,187,162,214
1352,60,13,57,19
1353,61,59,42,50
1354,101,35,108,35
1355,234,95,243,96
1356,119,81,116,89
1357,60,27,46,23
1358,201,41,173,32
1359,163,626,126,609
1360,139,36,143,23
1361,238,89,232,91
1362,188,52,164,54
1363,337,93,322,66
1364,39,2501,48,2555
1365,48,50,41,49
1366,57,25,49,36
1367,319,245,353,216
1368,128,301,105,328
1369,469,403,446,393
1370,50,279,39,285
1371,136,53,110,71
1372,134,23,123,30
1373,95,160,91,162
1374,137,24,134,27
1375,787,194,768,201
1376,555,142,603,167
1377,247,958,238,845
1378,172,36,165,30
1379,349,141,340,144
1380,9593,9068,9535,9127
1381,103,28,96,24
1382,95,41,105,22
1383,194,31,190,43
1384,268,71,281,87
1385,90,14,78,11
1386,360,115,345,149
1387,34,16,36,11
1388,61,22,55,14
1389,78,15,65,13
1390,87,27,84,20
1391,428,126,406,103
1392,55,72,59,84
1393,88,41,90,43
1394,60,23,57,18
1395,39,1036,45,1092
1396,133,2746,137,2740
1397,522,156,515,186
1398,160,21,181,27
1399,368,154,358,172
1400,246,77,240,97
1401,68,38,65,34
1402,115,34,118,44
1403,189,102,205,73
1404,242,52,216,42
1405,247,56,243,62
1406,340,113,328,129
1407,100,14,95,13
1408,85,26,99,15
1410,146,40,145,53
1411,53,203,60,162
1412,60,48,64,39
1413,80,74,98,57
1414,544,110,579,137
1415,78,109,86,141
1416,189,52,196,52
1417,2,49,1,50
1418,347,988,357,993
1419,133,47,124,41
1420,229,67,237,72
1421,157,97,121,97
1423,139,154,138,138
1424,86,814,65,830
1425,63,23,55,16
1426,339,368,348,350
1427,170,67,174,68
1428,109,38,107,42
1429,228,43,221,53
1430,48,35,59,31
1431,275,56,259,59
1432,113,38,91,39
1433,87,41,61,46
1434,117,56,102,74
1435,246,41,233,60
1436,44,15,51,14
1437,66,128,75,105
1438,263,64,252,83
1439,180,68,221,59
1440,50,3,59,13
1441,214,72,218,64
1442,4,127,3,106
1443,107,35,120,30
1444,40,382,41,387
1445,73,40,71,26
1446,64,9,59,9
1447,101,31,90,28
1448,274,370,288,387
1449,80,31,79,41
1450,729,153,754,168
1451,40,209,35,229
1452,218,55,260,60
1453,44,44,36,43
1454,469,103,459,105
1455,25,75,18,65
1456,161,31,145,32
1457,108,21,123,17
1458,18,137,34,186
1459,112,22,103,21
1460,23,793,34,798
1461,75,150,83,159
1462,474,154,478,159
1463,296,76,251,82
1464,166,58,171,50
1465,204,105,207,98
1466,90,80,68,62
1467,19,61,24,61
1468,45,7,47,7
1469,108,15,121,49
1470,211,206,196,211
1471,327,116,324,101
1472,29,325,20,362
1473,31,9,43,4
1474,64,60,51,42
1475,174,57,158,75
1476,437,66,449,91
1477,60,240,67,306
1478,51,15,65,8
1479,297,147,299,145
1480,3,80,3,56
1481,23,16,20,3
1482,2,3,0,3
1483,174,55,182,50
1484,144,56,124,45
1485,710,365,689,352
1486,467,92,459,106
1487,83,25,90,19
1488,57,83,36,109
1489,99,55,87,44
1490,7,7,6,4
1491,186,81,181,74
1492,2343,846,2298,870
1493,49,24,45,43
1494,89,53,88,58
1495,124,343,149,327
1496,237,211,233,192
1497,139,733,151,740
1498,204,109,180,94
1499,50,187,48,179
1500,45,1760,45,1717
1501,215,51,195,40
1502,222,67,252,100
1503,303,135,284,164
1504,405,179,399,175
1505,577,91,528,114
1506,84,1606,86,1626
1507,303,184,274,180
1508,79,710,91,736
1509,191,168,195,175
1510,487,326,499,353
1511,34,13,50,11
1512,232,56,240,53
1513,63,31,61,38
1514,40,36,35,33
1515,182,129,199,97
1516,151,49,166,68
1517,121,25,108,31
1518,291,149,303,146
1519,107,27,119,26
1520,38,9,38,10
1521,13,4,6,5
1522,192,1058,195,1054
1523,121,38,120,37
1524,522,106,533,107
1525,240,102,243,103
1526,84,26,80,30
1527,174,41,174,43
1528,96,25,82,37
1529,223,44,245,45
1530,16,203,28,200
1531,141,69,161,65
1532,59,324,74,312
1533,9,607,23,603
1534,43,14,31,6
1535,3368,1306,3345,1277
1536,148,36,164,28
1537,184,311,203,289
1538,98,29,77,28
1539,114,23,111,25
1540,118,913,116,936
1541,294,91,295,102
1543,329,191,350,199
1544,39,4,37,3
1545,10,11,22,5
1546,56,16,55,15
1547,438,136,423,167
1548,36,7,47,16
1549,34,17,42,18
1550,19,106,34,118
1551,149,65,149,47
1552,237,128,218,130
1553,109,45,111,41
1554,187,44,198,33
1555,45,15,42,9
1556,359,114,407,137
1557,111,35,108,29
1558,347,71,366,75
1559,73,450,74,440
1560,110,26,104,22
1561,14,64,8,63
1562,7,174,8,170
1563,358,137,341,133
1564,77,11,70,19
1565,225,76,218,86
1566,92,38,82,30
1567,110,20,98,18
1569,8,149,16,147
1570,18,48,17,46
1571,0,8,1,6
1572,51,12,43,11
1573,104,18,102,31
1574,218,34,201,44
1575,99,43,95,36
1576,264,70,262,73
1577,329,252,366,290
1578,134,44,139,64
1579,99,479,99,459
1580,260,100,316,98
1581,227,153,223,157
1582,262,60,249,45
1583,174,31,156,25
1584,156,57,191,49
1585,200,66,206,89
1586,374,126,409,132
1587,1365,355,1271,403
1588,94,26,105,28
1589,24,75,37,75
1591,84,20,77,17
1592,57,37,60,28
1593,47,64,59,55
1594,25,8,39,9
1595,60,70,70,79
1596,120,27,112,25
1597,204,1332,188,1267
1598,9,7,9,12
1599,237,52,230,51
1600,166,29,148,49
1601,213,66,223,78
1602,54,11,44,15
1603,43,360,39,349
1604,17,114,13,129
1605,206,67,200,63
1606,388,214,401,234
1607,61,186,70,201
1608,86,42,85,20
1609,207,49,222,54
1610,205,205,203,204
1611,60,71,62,43
1612,151,442,180,434
1613,39,16,38,32
1614,127,37,144,39
1615,181,53,179,50
1616,38,14,52,12
1617,236,62,242,75
1618,295,247,276,249
1619,46,7,45,15
1620,221,60,225,61
1621,90,74,95,69
1622,274,93,279,118
1623,108,24,115,21
1624,137,2334,135,2409
1625,899,1184,855,1147
1626,225,49,238,49
1627,381,312,373,324
1628,661,114,654,140
1629,10,112,6,124
1630,105,20,102,32
1631,125,485,139,567
1632,3,9,2,11
1633,199,921,187,885
1634,77,46,70,55
1635,1,656,1,641
1636,75,27,78,22
1637,16,12,13,14
1638,95,59,102,59
1639,111,73,122,64
1640,253,53,223,55
1641,226,59,217,51
1642,12,27,4,15
1643,195,53,183,41
1645,161,46,168,46
1646,344,80,338,104
1647,112,33,91,37
1648,263,46,266,42
1649,134,14,120,24
1650,13,43,21,33
1651,271,89,255,80
1652,140,161,136,179
1653,155,193,186,245
1654,125,27,144,40
1655,64,12,55,15
1656,89,60,83,45
1657,882,159,953,174
1658,130,25,122,34
1659,93,79,95,81
1660,79,23,89,34
1661,319,91,319,115
1662,118,53,99,57
1663,81,7,90,6
1664,59,8,48,12
1665,50,64,54,75
1666,73,90,79,78
1667,12,105,16,85
1668,45,22,32,9
1669,146,19,142,12
1670,505,180,522,193
1671,242,41,229,45
1672,77,15,71,17
1673,82,12,84,9
1674,353,112,364,101
1675,168,38,172,49
1676,1072,632,1061,634
1677,231,61,221,65
1678,177,68,183,51
1680,79,50,88,54
1681,24,11,24,11
1682,102,44,96,38
1683,54,14,50,19
1684,46,123,55,112
1685,100,31,119,21
1686,173,34,158,26
1687,916,423,875,431
1688,106,27,121,32
1689,195,81,202,92
1690,254,96,258,117
1691,136,286,134,304
1692,27,11,35,9
1693,116,47,104,41
1694,363,122,343,113
1695,580,121,538,134
1696,0,32,0,39
1697,525,231,564,276
1698,20,6,26,4
1699,483,186,498,161
1700,122,31,128,31
1701,58,59,63,48
1702,387,77,423,71
1703,144,28,132,27
1704,527,426,527,416
1705,267,54,281,56
1706,442,139,424,125
1707,23,658,24,635
1708,239,86,247,88
1709,228,545,210,468
1710,261,227,219,246
1711,52,26,42,19
1712,394,56,383,68
1713,37,16,36,14
1714,235,73,263,89
1715,85,19,94,19
1716,2,5,1,10
1717,99,81,94,67
1719,241,57,216,59
1720,32,301,30,288
1721,56,29,54,27
1722,67,167,89,190
1723,184,66,174,51
1724,215,76,246,69
1725,182,41,174,33
1726,134,109,129,128
1727,33,16,31,14
1729,985,954,1017,948
1730,116,37,134,37
1731,369,111,329,100
1732,6,2042,15,1948
1733,2,25,1,21
1734,432,80,405,82
1735,171,31,174,35
1736,26,35,20,45
1737,30,15,20,14
1738,297,76,312,68
1739,92,23,97,34
1740,26,8,28,4
1741,158,38,140,57
1742,117,21,108,21
1743,79,18,71,10
1744,3,149,7,138
1745,132,33,125,78
1746,588,115,592,104
1747,244,75,254,73
1748,176,48,171,40
1749,306,64,312,55
1750,9,8,14,0
1752,370,134,381,104
1753,252,125,239,91
1754,313,111,317,130
1755,532,415,507,394
1756,213,43,203,40
1757,4,14,4,7
1758,43,8,43,8
1759,296,1201,300,1088
1760,282,73,266,71
1761,76,82,72,98
1762,20,92,28,102
1763,168,63,160,50
1764,547,547,560,533
1765,176,829,167,888
1766,257,83,267,76
1767,122,65,153,69
1768,265,82,245,94
1769,45,14,38,19
1770,65,1169,80,1139
1771,14,80,11,68
1772,387,59,349,79
1773,134,72,110,53
1774,62,33,58,53
1775,529,254,518,257
1776,52,32,61,26
1777,908,192,908,201
1778,250,326,253,312
1779,386,85,411,90
1780,91,16,74,14
1781,83,34,76,35
1782,57,23,39,17
1783,153,281,159,278
1784,518,109,486,115
1785,275,748,265,763
1786,55,29,80,44
1787,54,30,55,15
1788,83,42,81,44
1789,409,95,443,87
1790,117,28,123,12
1791,233,106,246,96
1792,57,24,53,20
1793,176,248,157,268
1794,24,251,23,265
1795,17,2,25,2
1796,97,30,83,23
1797,427,198,399,164
1798,9,123,7,106
1799,31,141,43,134
1800,45,499,34,475
1801,1090,826,1104,866
1802,30,169,37,206
1803,228,87,213,93
1804,181,113,198,107
1805,127,147,144,136
1806,63,255,68,255
1808,116,24,117,15
1809,94,46,94,50
1810,256,66,297,79
1811,109,26,95,13
1812,380,1004,372,961
1813,181,38,160,54
1814,87,513,99,497
1815,77,10,67,13
1816,278,93,275,96
1817,54,129,50,120
1818,307,102,298,105
1819,79,20,60,13
1820,16,276,22,258
1821,111,35,130,39
1822,294,2119,266,2142
1823,46,8,48,8
1824,349,132,333,112
1825,23,6,26,9
1826,169,48,180,46
1827,127,24,124,29
1828,428,75,436,66
1829,124,45,114,47
1830,30,16,30,10
1831,19,126,19,115
1832,164,294,162,315
1833,69,25,76,19
1834,40,37,42,25
1835,203,224,216,211
1836,465,113,452,133
1837,150,67,154,65
1838,144,97,136,102
1839,19,11,15,11
1840,155,28,170,41
1841,182,38,173,33
1842,108,725,106,699
1843,150,24,174,21
1844,32,2,23,7
1845,3,217,3,231
1847,106,36,120,39
1848,196,61,179,47
1849,31,21,31,28
1850,227,863,256,901
1851,128,55,123,59
1852,33,25,29,26
1853,48,13,48,5
1854,7,9,16,6
1855,310,219,291,216
1856,83,46,89,53
1857,100,19,90,14
1858,82,111,73,104
1859,168,59,172,56
1860,247,44,248,43
1861,144,1275,132,1244
1862,365,180,395,185
1863,98,567,88,544
1864,278,1761,240,1764
1865,2,24,5,38
1866,163,33,154,37
1867,611,199,619,232
1868,85,11,89,19
1869,229,47,246,60
1870,88,19,77,15
1871,254,46,231,49
1872,34,182,28,204
1873,60,20,51,26
1874,943,1282,932,1199
1875,223,3968,208,3925
1876,196,46,191,30
1877,31,15,36,12
1878,54,64,64,72
1879,5,11,8,21
1880,131,51,129,29
1881,380,126,364,126
1882,13,146,30,168
1883,155,44,199,36
1884,227,1740,221,1799
1885,120,50,119,52
1886,213,225,206,188
1887,685,135,700,132
1888,259,42,243,48
1889,93,950,110,957
1890,285,75,339,61
1891,270,83,240,88
1892,330,136,320,130
1893,183,180,179,185
1894,243,263,279,270
1895,20,4,27,2
1896,20,241,27,228
1897,66,9,70,14
1898,76,34,77,39
1899,575,121,619,131
1900,196,32,173,34
1901,1048,656,1118,674
1902,270,192,261,185
1903,999,216,1050,215
1904,165,48,159,46
1905,182,99,172,114
1906,204,41,213,48
1907,118,38,124,38
1908,7,27,5,24
1909,234,69,232,67
1910,236,74,234,72
1911,104,17,118,20
1912,584,235,619,241
1913,645,93,662,105
1914,6,4,6,1
1915,60,12,46,16
1916,172,167,166,169
1917,296,56,302,61
1918,297,104,301,105
1919,449,235,403,211
1920,140,1120,182,1148
1921,304,71,274,78
1922,95,39,95,36
1923,130,35,145,47
1924,283,73,270,59
1925,119,41,142,30
1926,4,107,4,103
1927,190,35,165,34
1928,347,151,334,166
1929,38,26,46,22
1930,122,77,123,54
1931,251,345,228,320
1932,463,64,439,80
1933,230,65,227,64
1934,279,166,299,159
1935,234,53,247,56
1936,143,20,132,20
1937,57,23,64,12
1938,24,34,20,28
1939,378,722,371,707
1940,222,87,226,76
1941,21,596,23,571
1942,17,2,14,5
1943,143,68,151,70
1944,325,51,352,45
1945,280,91,268,79
1946,88,27,94,13
1947,41,41,43,55
1948,199,453,213,421
1949,16,23,17,19
1950,57,13,47,9
1951,327,106,314,103
1952,413,102,376,104
1953,31,148,31,150
1954,298,82,296,71
1955,357,145,334,158
1956,138,43,140,39
1957,57,16,63,7
1958,221,106,204,73
1959,329,59,358,77
1960,25,850,27,825
1961,34,39,40,47
1962,128,30,134,29
1963,297,187,273,178
1964,680,119,635,128
1965,498,298,486,286
1967,106,308,94,311
1968,207,53,184,89
1969,49,25,50,21
1970,280,81,305,98
1971,253,39,276,38
1972,59,9,55,6
1973,248,65,251,55
1974,450,202,450,193
1975,133,133,148,169
1976,586,288,613,326
1977,68,29,73,33
1978,37,85,33,69
1979,87,19,84,20
1980,52,17,56,17
1981,164,77,180,71
1982,125,143,123,129
1983,86,36,76,24
1984,313,1032,305,1004
1985,89,83,73,78
1986,121,65,128,65
1987,294,91,296,110
1988,34,14,39,19
1989,17,5,21,4
1990,161,43,158,40
1991,70,367,60,419
1992,51,232,50,270
1993,278,452,244,446
1994,12,5,8,6
1995,57,21,54,21
1996,438,101,434,116
1997,305,302,303,304
1998,245,98,244,114
1999,59,74,63,91
2000,21,44,22,51
2001,87,22,71,26
2002,560,126,547,127
2003,628,181,612,185
2004,460,133,445,156
2005,404,120,427,90
2006,123,601,134,661
2007,266,199,287,198
2008,5,51,8,47
2009,1,13,1,16
2010,169,51,173,35
2011,11,160,9,166
2012,40,16,51,9
2013,180,890,167,832
2014,340,64,309,74
2015,294,80,303,81
2016,105,48,108,39
2017,80,71,88,105
2018,61,2977,44,2928
2019,167,37,166,34
2020,19,61,16,41
2021,324,2243,304,2188
2022,147,113,147,116
2023,292,82,321,80
2024,64,21,77,18
2025,15,321,17,309
2026,51,64,49,48
2027,58,29,64,12
2029,227,52,234,67
2030,252,270,263,264
2031,365,79,336,69
2032,195,41,210,35
2033,400,129,365,139
2034,565,127,522,126
2035,176,67,190,56
2036,288,80,224,81
2037,37,105,40,120
2038,165,45,141,50
2039,441,208,413,181
2040,161,149,158,116
2041,1550,345,1460,342
2042,146,1066,139,1039
2043,128,33,143,26
2044,150,23,162,37
2045,152,88,155,89
2046,404,120,413,107
2047,124,74,110,59
2048,85,40,76,50
2049,68,22,52,17
2050,181,85,212,65
2051,247,66,254,58
2052,98,99,107,90
2053,211,74,204,74
2054,179,316,180,324
2055,100,230,122,224
2056,21,39,15,38
2057,88,283,64,278
2058,192,47,219,53
2059,36,266,52,280
2060,75,26,69,32
2061,213,58,204,59
2062,157,1397,161,1334
2063,5,2545,3,2468
2064,78,684,80,679
2065,89,27,84,28
2066,52,280,56,311
2067,21,3,20,7
2068,229,79,239,92
2069,141,42,149,31
2070,928,1291,890,1214
2072,42,29,36,27
2073,71,145,64,174
2074,145,63,131,66
2075,115,207,105,204
2076,118,21,132,31
2077,10,4,5,7
2078,134,49,150,44
2079,297,90,274,75
2080,54,14,41,12
2081,179,61,152,79
2082,13,173,6,178
2083,127,59,118,45
2084,31,96,37,83
2085,212,222,208,249
2086,218,52,195,46
2087,324,93,315,92
2088,131,87,145,84
2089,288,68,268,68
2090,1216,346,1178,332
2091,150,42,159,23
2092,62,525,59,538
2093,415,113,402,122
2094,157,238,169,242
2095,208,53,189,69
2096,28,134,15,94
2097,286,67,250,73
2098,111,37,150,27
2099,237,370,214,325
2100,230,72,224,66
2101,234,63,224,48
2102,127,26,138,27
2103,166,453,157,400
2104,169,1608,177,1664
2105,211,187,202,191
2106,74,207,68,203
2107,646,103,584,127
2108,207,53,212,43
2109,139,36,130,33
2110,152,26,154,27
2111,65,82,65,99
2112,192,51,201,51
2113,614,1219,649,1277
2114,158,24,138,30
2115,289,134,288,146
2116,2,22,2,11
2117,48,269,42,273
2118,47,19,58,13
2119,449,292,431,305
2120,176,34,189,35
2121,67,77,59,84
2122,129,268,149,226
2123,161,29,149,28
2124,35,12,41,14
2125,534,145,518,137
2126,34,105,28,90
2127,330,79,278,85
2128,227,53,246,50
2129,86,516,83,503
2130,59,11,55,12
2131,79,20,81,17
2132,259,107,295,111
2133,323,307,348,314
2134,176,91,179,108
2135,241,1251,232,1271
2136,70,7,53,8
2137,133,52,149,34
2138,620,201,645,215
2139,117,20,135,36
2140,138,40,133,33
2141,77,18,89,10
2142,1007,208,1020,205
2143,114,26,125,35
2144,475,143,481,157
2145,65,30,61,13
2146,383,92,393,100
2148,105,46,100,41
2149,12,35,19,40
2150,704,171,771,181
2151,124,72,128,81
2152,65,13,65,12
2153,121,38,103,17
2154,3,15,3,25
2155,75,31,62,27
2156,29,609,19,583
2157,292,148,303,144
2158,51,716,53,749
2159,472,143,455,130
2160,340,105,346,119
2161,91,32,87,38
2162,105,31,84,29
2163,76,283,71,245
2165,610,237,644,283
2166,126,114,109,90
2167,56,16,55,8
2168,15,10,20,5
2169,225,243,242,214
2170,353,65,357,79
2171,75,546,77,522
2172,174,1521,168,1502
2173,85,40,94,28
2174,140,20,118,21
2175,259,56,264,58
2176,240,70,283,79
2177,55,51,47,45
2178,122,69,127,75
2179,166,32,167,58
2180,181,31,177,23
2181,15,257,20,280
2182,314,83,355,62
2183,190,168,187,160
2184,415,179,404,190
2185,99,19,89,14
2186,1,5,2,4
2187,247,59,247,56
2188,539,159,520,132
2189,183,127,147,113
2190,160,35,159,29
2191,116,34,124,31
2192,9,1204,6,1233
2193,214,43,237,69
2194,38,27,37,17
2195,93,19,111,19
2197,83,21,83,19
2198,4,65,7,65
2199,46,23,52,22
2200,207,157,229,139
2201,118,53,121,22
2202,86,207,97,207
2203,343,53,343,71
2204,156,40,139,34
2205,82,25,65,12
2206,394,121,393,126
2207,312,204,261,183
2208,67,131,82,127
2209,155,58,145,40
2210,65,33,66,25
2211,26,181,38,169
2212,129,31,122,28
2213,50,655,46,715
2214,132,31,132,33
2215,103,32,89,36
2216,13,20,11,16
2217,15,36,13,18
2218,19,162,13,147
2219,41,53,48,53
2220,99,259,110,273
2221,669,138,682,125
2222,908,172,930,157
2223,68,34,65,12
2224,78,41,88,53
2225,54,79,51,86
2226,26,78,23,63
2227,221,536,212,553
2228,86,18,70,26
2229,178,41,216,54
2230,447,147,420,128
2231,71,18,73,16
2232,481,174,465,152
2234,122,39,132,29
2235,295,109,268,96
2236,212,81,198,106
2237,35,748,28,817
2238,8,198,6,216
2239,19,353,32,366
2240,165,53,169,36
2241,90,186,75,170
2242,363,160,402,159
2243,356,84,338,45
2244,234,52,232,50
2245,531,153,503,168
2246,167,182,203,150
2247,110,25,107,26
2248,4,18,8,33
2249,85,27,110,38
2250,203,755,199,741
2252,467,149,487,127
2254,3,36,6,44
2255,215,79,233,69
2256,67,8,64,10
2257,129,36,157,70
2258,303,96,292,78
2259,7,22,6,13
2260,78,40,68,34
2261,200,43,186,33
2262,651,118,646,105
2263,82,26,74,20
2264,74,34,83,35
2265,147,67,149,48
2266,105,155,99,167
2267,127,32,148,25
2268,58,276,52,299
2269,270,61,254,58
2270,141,19,135,26
2271,59,15,55,17
2272,17,354,23,345
2273,135,61,135,66
2274,48,9,39,1
2275,7,111,8,101
2276,78,33,85,21
2277,155,39,161,43
2278,88,21,84,14
2279,176,60,198,47
2280,84,26,88,22
2281,35,13,39,7
2282,65,14,65,18
2283,185,31,192,40
2284,257,72,288,78
2285,13,55,22,61
2286,101,21,108,11
2287,50,23,47,22
2288,41,18,42,10
2289,16,11,12,7
2290,69,384,78,379
2291,190,47,197,47
2292,219,36,200,20
2293,307,93,312,75
2294,11,93,27,125
2295,28,9,19,8
2296,11,46,16,56
2297,96,434,84,410
2298,145,343,131,337
2299,157,269,159,271
2300,29,432,34,457
2301,12,29,11,43
2302,67,115,54,132
2303,125,34,126,36
2304,324,109,313,106
2305,457,121,468,116
2306,623,121,628,128
2307,69,4,56,7
2308,362,243,362,322
2309,114,27,107,22
2310,458,951,407,949
2311,75,14,71,12
2312,98,31,108,37
2313,113,45,132,49
2314,100,1584,90,1624
2315,179,34,163,36
2316,27,9,29,6
2317,2,71,5,74
2318,27,430,23,417
2319,36,196,38,201
2320,230,77,226,69
2321,104,44,105,46
2322,302,62,295,64
2323,64,57,71,57
2324,134,486,142,495
2325,156,43,179,51
2326,280,67,309,60
2327,104,17,87,13
2328,140,24,154,38
2329,34,7,46,12
2331,35,11,48,19
2332,176,210,154,203
2333,173,33,163,53
2334,105,35,109,32
2335,261,141,237,151
2336,133,34,115,31
2337,75,35,67,29
2338,231,159,208,173
2339,398,103,387,76
2340,163,26,171,36
2341,62,20,61,19
2342,77,27,86,26
2343,166,42,160,35
2344,146,43,139,37
2345,204,81,177,64
2346,49,47,51,42
2347,38,90,23,99
2348,147,58,105,47
2349,202,90,205,94
2350,377,125,386,105
2351,15,58,26,55
2352,223,57,201,59
2353,349,102,320,83
2354,3,68,0,44
2355,187,54,203,34
2356,121,797,133,805
2357,37,187,33,203
2358,8,266,9,268
2359,321,113,300,89
2360,450,143,458,146
2361,72,13,66,13
2362,105,208,107,225
2363,111,12,97,10
2364,95,14,88,9
2365,4,65,7,78
2367,76,26,81,29
2368,100,102,106,117
2369,146,16,130,28
2370,189,53,170,41
2371,78,18,71,31
2372,305,78,332,68
2373,39,7,36,10
2374,35,15,34,14
2375,56,9,62,12
2376,225,100,244,114
2377,223,66,226,54
2378,101,51,108,41
2379,364,103,344,108
2380,10,110,9,115
2381,198,35,186,46
2382,235,94,206,84
2383,243,100,247,96
2384,18,520,13,565
2385,418,145,431,112
2386,28,8,22,13
2387,282,71,242,64
2388,220,43,230,41
2389,68,29,57,21
2390,124,46,129,37
2391,449,231,444,261
2392,323,98,281,83
2393,7,37,6,23
2394,94,22,106,28
2395,77,19,73,21
2396,180,57,165,43
2397,164,70,168,82
2398,123,25,121,27
2399,184,32,195,33
2400,450,132,461,183
2401,54,20,37,14
2402,95,22,97,20
2403,476,108,467,120
2404,34,9,31,11
2405,76,59,60,55
2406,30,72,31,57
2407,213,55,191,62
2408,332,108,292,92
2409,358,189,403,186
2410,197,36,198,46
2411,60,7,61,17
2412,64,25,79,22
2413,82,13,73,17
2414,126,50,146,47
2415,53,24,44,16
2416,1226,3938,1286,3924
2417,232,563,252,566
2418,3,1159,6,1070
2420,89,1365,94,1339
2421,1277,465,1253,439
2422,12,487,11,495
2423,90,42,97,64
2424,114,34,123,35
2427,69,150,54,141
2428,3609,548,3603,530
2429,83,36,82,64
2430,51,137,40,142
2431,111,35,116,43
2432,332,177,301,136
2433,111,164,124,192
2434,49,6,48,3
2435,13,2559,18,2522
2436,97,20,89,20
2437,273,113,248,101
2438,393,122,412,135
2439,43,46,42,36
2440,273,82,250,73
2441,556,95,470,95
2442,43,311,29,316
2443,117,29,97,25
2444,0,266,0,260
2446,231,43,233,31
2447,9,87,4,79
2448,237,82,272,79
2449,56,10,52,6
2450,425,122,440,114
2451,67,67,66,54
2452,28,6,31,14
2453,59,41,54,50
2454,157,44,172,35
2455,233,57,239,57
2456,197,50,172,55
2457,168,46,149,66
2458,0,89,0,72
2459,115,28,124,22
2460,186,119,180,123
2461,130,36,126,29
2462,135,30,129,30
2463,57,19,63,28
2464,556,93,564,134
2465,42,1476,37,1461
2466,69,6,70,9
2467,182,44,206,45
2468,547,155,502,153
2469,162,184,153,260
2470,186,60,233,61
2471,43,1198,39,1194
2472,93,29,78,18
2474,263,54,227,42
2475,14,143,14,140
2476,1435,1261,1381,1295
2477,244,465,191,470
2478,12,130,14,127
2479,545,132,529,143
2481,315,99,317,75
2482,198,43,176,40
2483,73,1256,62,1262
2484,4,85,0,66
2485,93,66,94,69
2486,223,187,241,142
2487,73,30,83,24
2488,288,107,293,94
2489,252,90,245,85
2490,223,82,224,84
2491,199,51,203,32
2492,122,35,104,27
2493,124,46,107,58
2494,66,17,60,15
2495,41,10,48,10
2496,112,105,100,106
2497,108,35,83,34
2498,240,81,245,96
2499,746,237,763,227
2500,4,3,5,4
2501,969,259,906,242
2502,192,47,196,53
2503,147,51,155,50
2504,130,1506,142,1480
2505,41,4,24,11
2506,4,37,3,39
2507,28,13,18,13
2508,92,12,67,28
2509,25,3,25,4
2510,855,409,828,447
2511,205,58,197,53
2512,287,122,287,101
2513,100,276,115,288
2514,7,1926,4,1863
2515,420,255,441,258
2516,69,269,50,240
2517,322,715,304,691
2518,463,119,484,110
2519,96,154,94,154
2520,78,18,78,13
2521,48,111,52,131
2523,198,74,204,52
2524,324,47,343,55
2525,74,110,62,90
2526,11,6,11,8
2527,211,42,194,39
2528,826,125,858,138
2529,284,100,271,82
2530,368,153,360,135
2531,5,34,15,25
2532,626,276,613,262
2533,288,57,291,69
2534,168,58,131,61
2535,393,113,418,118
2536,72,13,68,8
2537,630,136,625,128
2538,689,293,704,259
2539,3,1353,2,1374
2540,44,48,46,33
2541,143,36,135,26
2542,13,316,12,295
2543,112,37,93,41
2544,83,15,85,34
2545,64,17,78,26
2546,515,115,540,105
2547,389,1758,374,1715
2548,191,75,172,46
2549,43,22,41,24
2550,8,2548,6,2610
2551,127,16,124,14
2552,866,408,865,402
2553,173,33,172,44
2554,47,192,43,205
2555,86,17,57,15
2556,64,24,66,23
2557,205,58,210,80
2558,134,42,171,37
2559,15,87,22,80
2560,263,285,284,277
2561,144,35,134,40
2562,194,68,206,61
2563,176,36,163,40
2564,45,27,46,29
2565,72,57,81,44
2566,186,64,155,48
2567,16,44,7,26
2568,100,18,83,15
2569,108,559,96,550
2570,54,19,53,14
2571,42,22,30,14
2572,102,50,101,52
2573,179,40,213,52
2574,75,14,62,14
2575,162,123,178,133
2576,209,74,222,52
2577,89,20,85,20
2578,63,9,47,8
2579,128,91,123,67
2580,21,3,22,3
2581,97,42,99,40
2583,210,55,193,64
2584,42,4,42,5
2585,512,116,521,154
2586,145,38,142,33
2587,188,31,198,30
2588,52,19,53,10
2589,76,20,80,24
2590,258,33,237,56
2591,254,63,264,44
2592,7,28,8,28
2593,3,1213,2,1203
2594,469,4971,444,4804
2595,117,43,125,37
2596,107,15,107,24
2598,132,26,140,24
2599,79,15,80,22
2600,23,12,37,7
2601,27,4,30,2
2602,57,1191,59,1122
2603,152,31,135,35
2604,592,137,564,161
2605,137,37,134,26
2606,47,47,40,43
2607,178,56,172,52
2608,69,17,79,21
2609,31,9,28,10
2610,42,16,48,18
2611,96,28,83,36
2612,162,404,145,380
2613,7,5,10,6
2614,24,11,29,8
2615,71,18,68,13
2616,235,44,231,42
2617,17,62,11,55
2618,120,132,110,123
2619,96,200,108,173
2620,41,87,39,98
2622,331,122,366,129
2623,181,118,184,65
2624,3,43,7,49
2625,551,114,517,132
2626,14,2074,10,2034
2627,155,567,161,534
2628,61,13,71,13
2629,76,18,77,15
2630,115,45,104,42
2631,144,42,187,46
2632,185,19,189,22
2633,81,99,79,104
2634,81,224,79,193
2635,283,192,300,194
2636,97,27,115,23
2637,485,159,476,161
2638,51,270,46,269
2639,386,102,409,107
2640,3,538,0,492
2641,30,14,33,21
2642,364,885,342,916
2643,515,194,520,196
2644,208,36,201,50
2645,92,122,106,121
2646,182,73,187,75
2647,82,18,90,6
2648,75,22,72,21
2649,80,8,84,15
2650,85,15,86,23
2651,465,234,439,212
2653,233,1816,196,1859
2654,132,41,133,52
2655,155,37,170,34
2656,113,39,105,38
2657,69,44,69,39
2658,69,29,75,26
2659,75,130,74,100
2660,70,24,84,23
2661,42,965,55,908
2662,370,129,386,104
2663,167,318,173,323
2664,591,97,612,104
2665,508,146,526,153
2666,720,151,681,143
2667,16,120,18,112
2668,199,117,211,106
2669,221,67,203,86
2670,52,99,40,82
2671,348,89,332,83
2672,251,99,249,111
2673,113,26,81,27
2674,73,7,69,7
2675,267,179,267,188
2676,166,40,188,45
2677,328,205,350,192
2678,29,21,28,21
2679,406,94,402,88
2680,16,99,14,87
2681,69,36,64,46
2682,124,24,126,20
2683,380,66,358,55
2684,55,24,62,17
2685,124,28,132,28
2686,300,93,334,90
2687,3,97,3,99
2688,486,452,474,460
2689,119,252,139,233
2690,433,84,485,86
2691,1298,374,1290,331
2692,62,19,89,16
2693,391,127,419,127
2694,206,349,189,324
2695,32,28,35,33
2696,13,20,12,14
2697,88,19,88,14
2698,49,12,75,20
2699,230,79,226,107
2700,169,130,158,131
2701,101,333,106,329
2702,213,57,201,63
2703,141,39,130,37
2704,487,168,468,174
2705,258,1441,250,1464
2706,2,2053,3,2015
2707,59,23,69,8
2708,182,37,171,38
2709,189,48,183,46
2710,276,63,241,56
2711,54,6,72,9
2712,70,19,61,14
2713,60,255,56,236
2714,84,16,109,16
2715,111,36,88,30
2716,47,36,58,23
2717,64,11,60,24
2718,370,139,344,130
2719,129,36,149,51
2720,2,464,6,515
2721,145,40,151,56
2722,354,142,369,165
2723,4,114,5,112
2724,95,33,91,42
2725,47,19,54,40
2726,347,174,365,207
2727,429,410,428,365
2728,697,1963,680,1992
2729,49,62,52,61
2730,79,8,68,7
2731,86,25,94,29
2732,144,34,136,34
2733,293,52,295,54
2734,11,146,16,177
2735,324,169,371,175
2736,89,133,97,115
2737,93,37,75,33
2738,67,45,64,48
2739,201,57,180,74
2740,286,76,305,85
2741,395,74,395,68
2742,19,81,23,97
2743,57,28,60,20
2744,130,37,119,31
2745,198,369,244,368
2746,108,53,110,58
2747,203,44,211,39
2748,244,39,217,56
2749,269,93,272,119
2750,104,378,77,387
2751,207,32,220,46
2752,61,12,62,10
2753,79,17,81,12
2754,68,29,74,28
2755,105,25,84,20
2756,388,144,374,169
2757,93,28,95,33
2758,525,101,517,100
2759,129,144,140,160
2760,37,29,26,26
2761,270,120,257,119
2762,148,107,169,131
2763,20,96,16,103
2764,170,86,141,85
2765,106,22,100,14
2766,171,227,174,245
2767,597,216,603,239
2768,685,330,696,320
2769,73,11,76,10
2770,43,31,47,19
2771,652,150,642,158
2772,210,34,180,44
2773,133,197,141,212
2774,188,42,186,46
2775,8,573,8,545
2776,148,198,137,172
2777,169,86,155,80
2778,177,34,177,36
2779,31,6,30,7
2780,567,119,575,122
2781,94,53,94,54
2782,164,85,150,75
2784,108,79,123,110
2785,173,45,170,45
2786,232,74,244,70
2787,432,1761,402,1648
2788,60,454,63,430
2789,142,112,140,67
2790,273,64,274,104
2791,46,78,53,84
2792,105,65,73,54
2793,85,26,83,26
2794,191,201,185,209
2795,48,11,45,15
2796,105,34,102,31
2797,64,13,67,10
2799,291,61,288,54
2800,311,933,297,942
2801,361,89,353,82
2802,77,14,75,22
2803,154,55,143,62
2804,53,13,66,12
2806,184,53,168,38
2807,97,1033,107,968
2808,115,38,115,34
2809,3,1,7,3
2810,100,29,108,30
2811,12,42,11,47
2812,153,85,132,78
2813,106,29,96,16
2814,60,10,89,13
2815,277,135,291,102
2816,48,20,54,15
2817,5,8,12,7
2818,232,60,218,56
2819,128,31,110,29
2820,32,129,37,134
2821,908,165,918,192
2822,169,147,157,138
2823,84,28,84,26
2824,138,246,135,240
2825,106,40,128,43
2826,803,148,811,159
2827,201,63,203,44
2828,0,9,1,7
2829,226,66,228,56
2830,65,13,65,14
2831,92,22,81,16
2832,11,199,11,193
2833,96,315,104,326
2834,725,368,794,422
2835,227,266,217,273
2836,9,74,11,68
2837,71,15,87,23
2838,175,61,173,57
2839,337,90,340,101
2840,223,55,260,54
2841,738,2459,716,2353
2842,2,641,2,655
2843,67,17,72,23
2844,97,43,97,33
2845,215,49,194,38
2846,3,1262,3,1288
2847,109,236,107,237
2848,127,34,104,23
2849,116,44,132,46
2850,54,57,50,58
2851,8,54,20,63
2852,359,179,339,188
2853,56,11,53,18
2854,350,217,338,176
2855,383,96,388,101
2856,63,14,62,11
2857,42,24,39,19
2858,89,20,81,18
2859,522,131,565,162
2860,49,234,43,255
2861,121,33,141,34
2862,55,145,70,123
2863,46,15,39,22
2864,20,379,29,467
2865,28,11,37,11
2866,64,22,75,11
2867,146,272,173,317
2868,17,149,16,136
2869,153,29,136,16
2870,77,801,64,782
2871,110,43,95,28
2872,101,39,125,53
2873,157,34,139,53
2874,189,25,181,31
2875,16,207,9,215
2876,198,47,220,51
2877,66,16,75,17
2878,265,103,262,112
2879,19,3,20,3
2880,38,31,34,27
2881,87,181,78,192
2882,57,235,57,252
2883,81,97,99,115
2884,25,379,19,347
2885,275,118,251,140
2886,207,201,203,202
2887,195,80,191,70
2888,225,66,248,82
2889,34,124,31,123
2890,111,289,103,313
2891,295,68,283,39
2892,151,815,119,743
2893,558,900,594,957
2894,130,26,124,42
2895,76,15,72,19
2896,276,69,280,71
2898,120,31,125,30
2899,119,20,127,24
2900,34,13,33,10
2901,209,71,237,72
2902,112,22,95,10
2903,31,907,26,892
2904,336,121,330,131
2905,78,19,87,22
2906,192,197,178,178
2907,360,89,353,90
2908,14,132,9,97
2909,130,41,104,30
2910,61,29,54,17
2911,511,91,491,83
2912,20,7,19,6
2913,4,106,3,87
2914,252,57,235,62
2915,80,10,80,9
2916,268,155,250,183
2917,704,236,724,220
2918,332,609,336,670
2919,101,23,117,23
2920,67,13,73,13
2921,41,103,39,93
2922,59,17,62,18
2923,25,10,25,16
2924,339,265,323,271
2925,73,639,70,619
2926,133,32,102,29
2927,161,29,164,30
2928,175,113,180,119
2929,25,301,18,316
2930,157,41,157,42
2931,157,52,147,46
2932,39,4,42,3
2933,480,276,442,266
2934,310,51,358,83
2935,52,131,62,138
2936,179,34,145,39
2937,123,41,117,31
2938,116,32,112,35
2939,250,65,259,85
2940,173,49,152,58
2941,77,61,76,60
2942,7,7,6,7
2943,435,98,391,125
2944,164,49,165,55
2945,167,30,173,33
2946,440,65,495,80
2947,34,461,33,471
2948,105,40,104,43
2949,201,49,192,56
2950,10,67,12,81
2951,118,25,117,30
2952,76,21,78,25
2953,5,1436,4,1426
2954,40,964,38,934
2956,154,119,146,136
2957,87,23,86,37
2958,374,188,375,198
2959,90,1141,68,1072
2960,428,94,444,92
2961,229,29,203,44
2962,420,83,375,77
2963,26,317,29,315
2964,245,159,231,148
2965,20,112,25,137
2966,107,18,107,11
2967,119,71,123,51
2968,141,17,115,23
2969,36,627,33,630
2970,157,44,157,31
2971,351,107,350,121
2972,251,96,232,109
2973,150,26,168,24
2974,469,115,460,103
2975,0,51,0,64
2976,136,51,108,50
2977,322,86,320,81
2978,211,55,193,56
2979,36,42,32,33
2980,127,160,135,168
2981,115,629,93,645
2982,99,20,112,18
2983,5,59,10,65
2984,231,29,209,27
2985,139,34,169,43
2986,5,16,1,14
2987,310,160,358,99
2988,198,42,187,49
2989,108,55,115,44
2990,139,33,148,27
2991,19,282,9,280
2992,2,37,5,56
2993,191,60,199,44
2994,144,383,159,378
2995,359,615,387,606
2996,76,100,87,103
2997,36,9,43,13
2998,184,37,200,40
2999,47,12,58,9
3000,57,288,54,305
3001,116,26,120,41
3002,112,39,111,35
3003,181,30,178,28
3004,108,20,97,27
3005,460,260,448,261
3006,77,21,78,21
3007,376,95,358,68
3008,137,25,144,32
3009,16,168,8,144
3011,251,53,194,57
3012,1553,95,1547,88
3013,350,115,363,130
3014,137,14,131,13
3015,233,59,241,67
3016,240,41,248,53
3017,29,23,34,17
3018,699,175,750,152
3019,121,38,107,42
3020,443,111,517,114
3022,379,88,352,95
3023,163,169,184,149
3024,103,127,74,149
3025,282,97,254,71
3026,2,1,4,3
3027,558,229,561,141
3028,142,235,134,213
3029,215,53,197,45
3030,97,26,98,19
3031,8,2769,11,2796
3032,162,69,151,63
3033,261,95,263,80
3034,375,1102,365,1068
3035,31,12,43,9
3036,583,159,602,147
3037,442,124,417,149
3038,508,133,502,134
3039,14,88,16,103
3040,1,12,0,7
3041,103,653,92,604
3042,26,7,31,10
3043,263,120,270,86
3044,466,127,435,118
3045,195,59,180,69
3046,178,83,202,62
3047,83,43,83,41
3048,66,25,64,24
3049,85,2021,87,1832
3050,278,88,283,96
3051,3,112,4,116
3052,35,343,38,280
3053,193,399,201,380
3054,203,213,216,264
3055,34,302,43,366
3056,108,37,113,34
3057,12,109,10,104
3058,23,68,19,77
3059,435,683,453,675
3060,165,64,180,63
3061,63,91,59,87
3062,53,21,54,22
3063,85,24,91,38
3064,93,37,94,20
3065,104,1383,84,1365
3066,469,112,456,120
3067,235,369,219,382
3068,15,47,3,17
3069,432,112,436,129
3070,386,138,360,145
3071,247,90,246,76
3072,373,556,443,492
3073,1,15,0,7
3074,138,60,147,62
3075,486,116,507,123
3076,43,26,42,36
3077,11,260,7,251
3078,353,205,392,197
3079,89,17,98,18
3080,72,41,72,31
3081,0,28,0,23
3082,42,2,36,8
3083,4,1462,1,1406
3084,332,98,308,78
3085,73,182,70,188
3086,302,62,350,56
3087,45,250,45,244
3088,48,59,36,60
3089,180,71,187,64
3090,230,56,216,63
3091,614,151,624,150
3092,31,76,22,94
3093,965,172,953,170
3094,75,1325,58,1306
3095,569,258,555,236
3096,47,5,48,11
3097,224,25,207,34
3098,117,16,129,23
3099,137,30,143,33
3100,30,178,41,211
3101,45,60,38,48
3102,14,14,19,9
3103,46,10,51,3
3104,167,28,149,27
3105,62,6,66,8
3106,77,7,94,10
3107,12,2,13,2
3108,43,17,36,7
3109,69,11,64,15
3110,3,78,9,65
3111,11,41,17,40
3112,37,75,50,74
3113,247,58,249,54
3114,188,53,213,56
3115,77,24,69,25
3116,186,25,161,35
3117,123,56,120,42
3118,4,2456,4,2415
3119,0,137,0,103
3120,82,41,82,38
3121,261,6370,260,6353
3122,25,11,31,12
3123,92,72,98,72
3124,88,19,83,20
3125,44,8,31,10
3126,314,71,321,55
3127,818,346,762,344
3128,945,288,978,309
3129,977,203,970,158
3130,169,75,185,56
3132,28,77,39,94
3133,90,58,91,62
3134,567,141,586,146
3135,477,87,522,78
3136,26,13,18,5
3137,17,125,8,127
3138,50,34,51,31
3139,133,36,126,34
3140,223,61,206,54
3141,540,465,604,418
3142,421,186,396,191
3143,54,429,57,425
3144,123,54,114,49
3145,48,16,55,14
3146,162,46,179,46
3147,64,12,59,9
3148,138,251,130,229
3149,24,59,17,41
3150,52,218,47,231
3151,257,79,270,84
3152,213,36,202,34
3153,41,107,27,95
3154,734,232,712,255
3155,48,679,56,680
3156,112,28,122,26
3157,356,93,340,111
3158,43,21,53,22
3159,48,255,39,297
3160,35,13,24,18
3161,185,35,165,40
3162,38,25,36,41
3163,41,8,48,8
3164,193,62,174,66
3165,12,6,18,9
3166,218,248,216,229
3167,52,9,46,8
3168,93,256,82,268
3169,19,47,14,57
3170,342,54,345,47
3171,532,117,529,120
3172,3,2403,5,2448
3173,193,361,213,365
3174,344,98,361,95
3175,71,13,64,28
3177,527,222,538,229
3178,39,12,42,11
3179,252,93,287,102
3180,239,96,243,100
3181,86,27,92,14
3182,97,28,98,29
3183,238,46,210,71
3184,0,2,1,5
3185,188,80,206,59
3186,29,21,22,24
3187,58,24,53,9
3188,23,27,24,17
3189,123,31,153,43
3190,210,71,200,77
3191,325,45,302,61
3192,32,5,31,5
3193,533,154,564,145
3194,56,25,51,31
3195,25,344,34,375
3196,81,13,76,25
3197,158,588,151,645
3198,272,93,258,92
3199,115,75,131,69
3200,127,94,126,94
3201,35,763,53,780
3202,147,27,142,29
3203,161,226,156,212
3204,150,234,157,208
3205,126,103,126,95
3206,349,108,381,85
3207,72,32,79,24
3208,375,83,364,77
3209,1155,306,1119,306
3210,149,27,125,26
3211,47,3,47,8
3212,146,299,158,237
3213,136,45,121,29
3214,173,135,182,120
3215,7,928,7,939
3216,207,33,194,39
3217,46,83,40,93
3218,36,228,35,209
3221,37,18,38,26
3222,42,31,48,30
3223,130,31,119,43
3224,40,22,55,16
3225,267,1304,236,1254
3226,49,24,56,32
3227,174,35,184,35
3228,473,74,450,78
3229,263,122,231,112
3230,269,104,287,131
3231,55,21,63,24
3232,551,135,554,126
3233,133,90,132,58
3234,70,32,70,21
3235,239,70,230,67
3236,129,26,132,22
3237,77,17,90,16
3238,266,78,245,85
3239,170,21,181,26
3240,144,44,146,51
3241,271,64,266,74
3242,124,42,119,46
3243,205,166,197,175
3244,30,42,30,41
3246,95,2007,78,1932
3247,68,33,64,35
3248,225,40,224,33
3249,19,4,20,3
3250,122,33,132,35
3251,81,231,79,221
3252,113,47,124,33
3253,185,58,194,42
3254,116,196,119,194
3255,125,21,124,25
3256,195,37,191,44
3257,113,94,108,103
3258,257,57,243,42
3259,133,42,139,53
3260,152,34,138,29
3261,1046,259,999,229
3262,243,68,251,70
3263,336,179,328,187
3264,43,9,41,10
3265,2,24,1,23
3266,188,125,217,168
3267,1,0,1,0
3268,918,225,908,197
3269,227,134,260,117
3270,261,62,267,86
3271,242,51,196,34
3272,238,120,230,158
3273,179,21,177,24
3274,18,1393,21,1346
3275,35,38,33,30
3276,247,68,231,67
3277,69,31,74,35
3278,194,37,192,33
3279,179,232,182,237
3280,82,280,81,291
3281,42,13,38,5
3282,442,292,450,311
3283,159,34,139,41
3284,211,51,199,47
3285,25,5,18,5
3286,85,368,84,375
3287,381,90,356,89
3288,67,13,58,16
3289,148,30,142,42
3290,36,16,36,7
3291,233,229,229,253
3292,271,57,297,70
3293,21,313,25,411
3294,98,8,98,10
3295,132,43,146,25
3296,143,28,137,26
3297,119,201,135,221
3298,51,181,45,172
3299,111,48,130,44
3300,93,14,98,38
3301,44,16,49,17
3302,30,62,26,59
3303,557,300,566,326
3304,150,84,155,96
3305,89,37,86,22
3306,126,42,107,38
3307,92,20,81,23
3308,6,111,3,110
3309,315,95,328,94
3310,96,33,110,41
3311,22,104,25,99
3312,95,501,104,525
3313,248,39,264,31
3314,209,68,199,67
3315,647,120,649,134
3316,38,220,41,222
3317,349,103,330,104
3318,33,17,37,27
3319,99,211,110,221
3320,176,547,167,475
3321,196,51,187,72
3323,280,81,299,93
3324,176,141,201,100
3325,51,26,60,24
3326,2,54,6,51
3327,83,26,93,25
3328,46,58,48,53
3329,42,411,42,410
3330,0,11,0,13
3331,188,219,175,176
3332,408,140,426,129
3333,436,131,452,115
3334,215,50,221,33
3335,42,15,37,18
3336,520,120,520,117
3337,125,34,129,48
3338,184,855,196,882
3339,185,53,196,56
3340,389,107,398,98
3341,466,870,531,865
3342,278,174,305,172
3343,27,11,22,10
3344,44,10,43,12
3345,73,18,74,16
3346,48,791,46,770
3347,113,30,94,18
3348,21,9,26,9
3349,667,149,704,164
3350,174,227,177,256
3351,358,142,340,119
3352,276,85,304,81
3353,75,18,75,13
3354,3,11,1,14
3355,316,81,297,87
3356,36,113,31,132
3357,70,36,78,28
3358,14,5,17,2
3359,431,2576,422,2565
3360,285,62,285,44
3361,87,20,80,16
3362,411,165,436,167
3363,126,33,104,30
3364,95,35,81,45
3365,410,61,412,48
3366,27,239,35,269
3367,206,48,196,64
3368,223,69,210,58
3369,56,18,60,14
3370,27,72,18,56
3371,287,542,284,536
3372,363,122,337,123
3373,4,613,2,645
3374,25,4,33,6
3375,68,1671,61,1612
3376,430,71,423,73
3377,331,68,364,59
3378,10,3723,14,3694
3379,98,21,86,20
3380,344,211,333,220
3381,65,15,64,9
3382,131,1732,123,1772
3383,79,23,71,20
3384,17,72,14,83
3385,15,11,11,12
3386,55,247,45,297
3387,206,43,204,39
3388,324,233,336,194
3389,280,84,263,90
3390,281,126,273,137
3391,51,72,56,63
3392,81,37,101,18
3393,98,41,105,37
3394,192,61,192,52
3395,206,102,189,78
3396,555,226,503,220
3397,380,64,363,64
3398,415,214,435,217
3399,195,147,222,155
3400,41,6,46,3
3401,419,112,465,104
3402,60,23,57,33
3403,103,22,134,26
3404,147,23,140,21
3405,254,71,234,58
3406,180,72,185,69
3407,96,18,115,25
3408,116,18,117,33
3409,1508,620,1458,562
3410,426,2969,438,2928
3411,1418,810,1397,795
3412,1322,307,1383,280
3413,190,41,199,35
3414,939,135,892,149
3415,68,117,63,145
3416,108,37,97,45
3417,181,89,180,86
3418,314,86,322,77
3419,24,131,31,137
3420,327,94,302,93
3421,700,130,727,158
3422,314,1476,314,1464
3423,244,560,221,575
3424,56,183,55,180
3425,221,53,230,74
3426,241,1258,224,1181
3427,6,20,4,18
3428,35,14,47,3
3429,231,49,245,82
3430,42,173,47,179
3431,100,34,96,38
3432,23,8,18,12
3433,440,105,406,104
3434,340,115,359,125
3435,85,23,86,29
3436,538,305,529,223
3437,313,185,308,213
3438,5,2,6,1
3439,73,31,101,20
3440,121,46,114,32
3441,414,126,400,116
3442,295,94,265,102
3443,83,18,76,15
3444,288,95,312,89
3445,145,24,133,30
3446,96,33,81,14
3447,248,7049,269,7045
3448,74,19,86,20
3449,296,308,331,324
3450,277,75,276,64
3451,56,88,52,101
3452,1539,386,1625,447
3453,10,256,22,242
3454,23,8,8,13
3455,82,591,81,595
3456,134,48,127,42
3457,77,927,71,905
3458,126,37,147,37
3459,129,39,129,40
3460,326,54,308,50
3461,330,101,349,88
3462,5,10,4,12
3463,142,284,145,277
3464,52,35,53,55
3465,272,126,240,114
3466,88,88,110,97
3467,63,274,65,300
3468,96,269,74,287
3469,8,49,9,53
3470,142,193,165,210
3471,119,19,113,16
3472,12,319,9,317
3473,238,313,235,298
3474,30,129,22,127
3475,204,33,202,34
3476,43,95,50,96
3478,157,115,163,88
3479,329,60,341,63
3480,548,395,568,457
3481,79,17,69,16
3482,66,36,56,34
3483,56,24,46,31
3484,398,107,413,96
3485,32,186,37,178
3486,163,57,164,59
3487,96,28,84,20
3488,16,795,15,794
3489,4,28,6,27
3490,59,21,61,23
3491,241,85,228,68
3492,28,11,36,3
3493,341,71,345,60
3494,0,126,0,124
3495,10,2184,12,2125
3496,12,1676,15,1782
3497,255,49,223,59
3498,64,23,70,21
3499,210,54,208,61
3500,50,10,52,7
3501,121,53,160,58
3502,214,70,226,76
3503,221,237,240,248
3504,613,548,631,582
3505,207,49,175,43
3506,519,118,521,107
3507,135,39,119,39
3508,17,96,18,124
3509,426,165,436,47
3510,246,89,248,80
3511,953,1006,969,982
3512,15,13,14,13
3513,6,1285,5,1285
3514,59,53,49,59
3515,30,598,44,566
3516,202,58,216,72
3517,45,4,45,12
3518,3,853,4,859
3519,173,51,198,60
3520,186,47,181,52
3521,51,106,62,105
3522,526,121,513,147
3523,45,17,37,25
3524,27,17,30,19
3526,113,16,116,22
3527,101,23,79,25
3528,33,115,26,95
3529,224,87,201,83
3530,117,34,115,34
3531,396,4069,344,4158
3532,172,98,151,106
3533,202,119,189,98
3534,457,164,446,122
3535,135,33,127,41
3536,180,50,175,51
3537,199,132,227,139
3538,47,13,55,22
3539,13,3,8,0
3540,382,170,354,169
3541,199,46,199,47
3542,99,39,103,40
3543,59,17,62,12
3544,8,3,7,3
3545,458,97,418,115
3546,199,33,209,32
3547,7,44,16,36
3548,104,24,124,15
3549,92,15,61,22
3550,122,956,113,945
3551,267,70,301,59
3552,206,328,193,378
3553,29,6,38,7
3554,113,21,135,29
3555,34,155,23,136
3556,145,45,128,54
3557,311,537,323,530
3558,273,152,251,129
3559,163,35,179,26
3560,97,33,118,28
3561,50,11,56,13
3562,53,20,57,18
3563,274,66,287,80
3564,68,22,75,19
3565,177,42,189,34
3566,240,38,200,36
3567,280,75,271,84
3568,66,21,55,23
3569,61,143,59,138
3570,13,119,28,143
3571,130,49,127,41
3572,57,49,54,42
3573,90,25,108,14
3574,106,26,113,36
3575,100,84,114,58
3576,60,188,69,143
3577,721,176,675,170
3578,158,38,166,35
3579,89,177,98,211
3580,36,567,33,519
3581,102,196,84,185
3582,482,194,456,195
3583,817,350,854,363
3584,149,177,169,153
3585,418,104,411,126
3586,11,1538,8,1366
3587,52,165,61,163
3588,169,37,164,44
3589,215,138,209,143
3590,51,160,43,156
3591,237,53,244,64
3592,117,38,95,36
3593,154,31,133,26
3594,118,17,120,17
3595,123,34,118,24
3596,170,62,174,65
3597,237,59,223,62
3598,59,56,57,51
3599,365,202,365,200
3600,525,126,537,108
3601,56,107,54,89
3602,168,58,174,45
3603,130,40,145,33
3606,138,53,164,42
3607,265,93,241,89
3608,266,165,262,120
3609,147,287,160,285
3610,5,20,1,14
3611,26,13,33,20
3612,235,36,244,29
3613,202,56,211,56
3614,330,730,378,686
3615,31,6,28,10
3616,337,55,342,77
3617,254,114,242,86
3618,55,25,58,21
3619,68,46,85,52
3620,7,723,6,733
3621,244,66,229,82
3622,256,385,284,361
3623,2,86,6,73
3624,137,80,135,71
3625,2,21,2,29
3626,15,5,16,2
3627,39,7,45,15
3628,116,30,148,31
3629,165,47,156,28
3630,103,27,98,39
3631,93,19,80,18
3632,154,31,129,58
3633,173,48,190,54
3634,115,29,139,26
3635,215,51,233,56
3636,75,13,64,14
3637,45,8,56,5
3638,323,89,341,81
3639,33,36,24,33
3640,58,393,49,356
3641,15,54,10,44
3642,136,93,152,89
3643,146,241,153,237
3644,79,44,92,60
3645,130,267,126,280
3647,42,12,48,19
3648,90,24,82,30
3649,268,123,296,111
3650,192,53,199,64
3651,516,155,484,120
3652,29,9,29,5
3653,764,352,758,372
3654,91,29,88,27
3655,297,76,341,78
3656,47,83,40,64
3657,57,23,72,28
3658,98,20,118,27
3659,105,21,104,18
3660,52,16,54,8
3661,89,30,96,31
3662,336,86,314,101
3663,71,16,69,18
3664,69,550,81,603
3665,39,21,41,16
3666,259,93,298,92
3667,345,109,332,142
3668,41,15,33,16
3669,27,7,43,10
3670,109,41,116,37
3671,16,419,13,440
3672,70,23,80,21
3673,868,127,898,128
3674,186,53,162,43
3675,232,69,224,79
3676,275,77,293,91
3677,183,145,206,176
3678,106,28,122,27
3679,50,24,49,36
3680,166,43,142,43
3681,103,23,112,24
3682,153,105,155,124
3683,46,44,45,40
3684,20,26,23,21
3685,339,109,308,115
3686,80,14,78,16
3687,377,102,396,98
3688,323,87,302,79
3689,40,16,48,13
3690,169,90,201,67
3691,108,68,106,55
3692,196,40,205,46
3693,363,135,384,142
3694,146,31,176,56
3695,36,29,30,31
3696,79,25,108,19
3697,46,95,42,115
3698,127,38,130,35
3699,129,138,146,126
3700,56,17,46,17
3701,92,65,97,45
3702,387,55,417,61
3703,541,115,510,130
3704,59,11,52,16
3705,247,207,256,205
3706,692,166,716,169
3707,93,107,82,132
3709,577,242,596,242
3710,106,30,108,30
3711,945,253,946,248
3712,163,1634,165,1580
3713,252,82,233,70
3714,91,25,88,33
3715,229,95,225,94
3716,530,103,545,116
3717,163,56,194,62
3718,173,36,175,45
3719,297,188,292,189
3720,494,276,470,320
3721,134,655,136,625
3722,269,70,277,60
3723,451,83,486,94
3724,59,370,70,388
3725,49,60,38,60
3726,186,390,178,436
3727,123,40,105,47
3728,5,41,7,15
3729,42,27,34,15
3730,10,91,6,62
3731,15,311,9,293
3732,2,27,2,19
3733,4,163,15,169
3734,89,64,103,82
3735,16,1,18,2
3736,210,129,231,126
3737,19,15,29,16
3738,0,77,0,70
3739,154,32,161,31
3740,131,71,117,43
3741,225,51,231,49
3742,74,35,87,54
3743,84,31,87,15
3744,133,32,143,32
3745,17,64,18,76
3747,328,264,328,265
3748,113,533,132,556
3749,74,678,99,630
3750,176,326,182,284
3751,463,286,480,269
3752,41,92,34,86
3753,12,41,9,65
3754,91,18,92,29
3755,235,66,236,54
3756,62,40,69,19
3757,93,21,100,18
3758,72,29,66,30
3759,20,6,22,4
3760,56,9,57,7
3761,67,9,53,14
3762,102,16,92,21
3763,51,13,43,20
3764,110,34,114,35
3765,181,34,220,31
3766,657,394,648,355
3767,1182,353,1173,326
3768,465,126,469,129
3769,2,39,3,28
3770,137,28,140,35
3771,212,82,212,102
3773,131,45,145,49
3774,249,45,262,48
3775,147,36,150,45
3776,229,39,244,42
3777,132,47,130,41
3778,181,39,170,33
3780,210,114,204,107
3782,183,1487,147,1464
3783,435,98,415,98
3784,94,17,109,25
3785,335,75,334,60
3786,164,24,177,21
3787,59,4,54,8
3788,30,22,24,8
3789,600,100,611,95
3790,83,506,87,499
3791,534,108,517,101
3792,707,171,683,174
3793,255,54,245,48
3794,152,61,167,64
3795,174,55,175,48
3796,167,37,177,31
3797,200,43,204,62
3798,140,26,144,47
3799,162,89,132,72
3800,156,42,151,39
3801,140,49,165,42
3802,373,81,341,90
3803,400,55,380,54
3804,210,85,191,83
3805,629,111,603,111
3806,982,269,941,255
3807,2,8,4,10
3808,376,64,377,67
3811,12,81,5,43
3812,37,184,41,167
3816,1516,480,1596,541
3817,484,155,465,143
3818,321,125,303,125
3819,1147,273,1139,239
3820,553,121,624,192
3821,1399,391,1470,437
3822,889,171,926,173
3823,126,46,93,63
3824,250,95,283,100
3825,533,130,533,137
3826,139,72,151,78
3827,541,103,489,126
3828,381,84,388,83
3829,305,79,310,104
3830,201,116,202,122
3832,29,141,21,132
3833,7,88,6,82
3834,291,48,321,36
3835,59,7,53,22
3836,134,21,133,30
3837,12,225,8,188
3838,68,8,63,6
3841,60,4,73,4
3842,8,2,10,1
3844,101,70,86,49
3845,56,14,34,8
3846,487,113,461,100
3847,81,23,82,18
3848,579,124,573,109
3849,49,104,58,103
3850,1027,81,1051,99
3851,193,63,202,54
3853,1,1325,5,1327
3854,38,528,51,547
3855,455,125,481,156
3856,99,28,134,37
3857,5,47,3,43
3858,30,63,35,90
3859,46,8,45,8
3860,37,6,35,3
3862,124,31,118,51
3863,118,44,116,38
3864,35,11,31,5
3865,76,25,72,17
3866,136,23,116,20
3867,30,9,33,6
3868,266,74,222,72
3869,121,21,144,25
3870,26,14,23,3
3871,66,16,57,19
3872,37,10,26,4
3873,98,18,86,16
3874,215,39,188,26
3875,149,32,144,33
3876,130,45,127,49
3877,68,828,72,871
3878,2,126,2,154
3879,21,1,22,1
3880,73,13,69,13
3881,388,116,380,143
3882,441,131,455,117
3883,17,4,8,5
3884,139,42,164,38
3885,51,810,48,849
3886,107,39,100,44
3887,2,51,2,56
3889,10,26,6,19
3890,2,5,4,14
3892,173,78,175,81
3893,5,1,4,5
3894,32,84,28,76
3895,61,56,64,44
3896,10,106,4,86
3897,6,105,7,87
3899,21,33,18,22
3900,11,258,6,215
3901,0,22,3,21
3902,3,57,1,58
3903,73,20,50,32
3904,4,61,2,44
3905,13,499,8,509
3906,26,104,16,106
3907,14,523,19,469
3908,2,37,2,23
3909,4,64,1,49
3910,21,388,22,382
3911,11,191,8,194
3912,2,104,5,96
3913,0,13,1,13
3914,3,84,2,106
3915,2,56,3,54
3916,310,92,312,103
3917,135,41,146,51
3918,234,56,236,52
3919,130,43,161,36
3920,289,53,293,58
3921,133,19,130,22
3922,757,162,755,149
3923,53,10,57,16
3924,171,42,160,44
3925,390,46,415,55
3926,27,11,36,6
3929,288,55,277,47
3930,298,77,283,77
3932,506,100,483,120
3933,159,52,158,22
3934,316,172,340,192
3935,26,197,24,200
3936,260,75,275,84
3938,55,587,45,569
3939,149,19,146,39
3940,188,77,201,64
3941,263,91,255,80
3942,33,16,41,10
3943,250,91,277,73
3944,71,14,72,15
3945,276,65,257,56
3946,80,22,87,22
3947,482,104,453,104
3948,237,51,228,46
3949,39,13,34,6
3950,58,23,55,30
3951,29,5,36,11
3952,2,253,2,262
3953,33,16,39,12
3954,1567,368,1532,407
3955,44,6,35,11
3956,71,11,69,11
3957,103,22,111,24
3958,68,18,59,10
3959,30,10,34,16
3960,99,28,110,15
3961,14,25,17,30
3962,34,150,28,138
3963,7,6,10,1
3964,135,31,142,26
3965,57,21,62,15
3966,98,1265,95,1250
3967,64,23,54,36
3968,236,46,212,42
3969,336,62,285,76
3970,245,49,259,57
3971,105,22,131,35
3972,302,31,326,41
3973,102,46,93,26
3974,184,30,174,36
3975,569,69,590,75
3976,2,18,3,16
3977,110,17,97,24
3978,328,58,332,69
3980,25,79,30,73
3982,49,8,59,15
3983,64,23,73,12
3984,3,22,4,21
3985,24,310,18,227
3986,0,306,2,292
3987,117,14,96,14
3988,364,67,374,64
3989,22,322,21,309
3990,58,978,57,965
3991,75,13,72,12
3992,86,111,100,116
3993,24,8,32,8
3994,157,36,181,23
3995,1150,457,1119,418
3996,398,383,426,364
3997,37,238,32,230
3998,119,781,134,817
3999,34,8,33,12
4000,10,7,8,5
4001,59,15,55,15
4002,26,2,32,1
4003,30,26,46,28
4004,187,55,150,54
4005,76,16,73,18
4006,46,16,45,20
4007,39,11,27,12
4008,51,28,49,12
4009,190,58,171,46
4010,122,51,113,45
4011,176,307,158,333
4012,111,109,117,114
4013,41,162,32,173
4014,9,126,5,122
4015,24,446,25,460
4016,76,223,77,218
4017,43,321,43,327
4018,103,80,118,103
4019,452,89,456,96
4020,299,53,292,57
4021,46,22,46,16
4022,4,93,9,110
4023,13,2,12,3
4024,18,3,20,5
4025,10,4,16,5
4026,108,25,123,15
4027,333,38,339,57
4028,121,49,118,55
4029,113,19,95,23
4030,116,35,147,34
4031,156,63,170,49
4032,5,114,1,96
4033,1,798,2,850
4034,21,10,15,13
4035,33,24,40,29
4036,23,47,24,51
4037,21,19,11,17
4038,29,17,31,17
4039,12,69,6,50
4040,150,45,179,40
4042,190,43,196,39
4043,74,424,66,441
4044,210,70,197,69
4045,12,94,12,105
4046,18,233,30,247
4047,291,72,302,82
4048,6,261,4,245
4049,6,224,2,230
4050,11,77,12,77
4051,18,44,14,44
4052,6,94,2,63
4054,233,74,223,85
4055,4,132,4,129
4056,59,28,47,34
4057,63,43,47,20
4059,91,916,114,1008
4060,116,41,128,58
4061,66,114,68,132
4062,131,41,119,31
4063,110,21,101,32
4064,16,129,8,121
4065,174,35,174,47
4066,10,2377,14,2361
4067,106,1970,97,1999
4068,55,75,56,62
4069,91,205,100,203
4070,58,103,64,102
4071,227,98,218,88
4072,268,112,259,103
4073,263,82,227,64
4074,217,136,204,138
4075,229,143,250,145
4076,56,44,59,58
4077,81,39,95,31
4078,159,83,154,57
4079,1,48,0,41
4080,134,43,125,47
4081,309,68,278,65
4082,152,46,164,41
4083,73,35,84,29
4084,508,112,495,107
4085,95,19,86,18
4086,18,1,17,6
4087,225,233,273,278
4088,197,43,198,47
4089,41,229,43,208
4090,54,217,65,229
4091,9,93,7,93
4092,122,439,136,475
4094,190,51,191,47
4095,695,134,762,152
4096,147,19,150,19
4097,143,40,131,42
4098,322,76,321,67
4099,381,64,415,68
4101,337,80,345,83
4102,1507,318,1500,319
4103,556,149,569,135
4104,79,24,76,24
4105,68,17,66,27
4106,3,2,10,2
4107,13,101,16,107
4108,39,212,29,252
4109,310,49,332,33
4110,2,1,1,1
4111,11,9,13,5
4112,12,75,16,81
4113,70,1173,89,1231
4116,452,125,495,134
4117,113,21,103,30
4118,73,5,84,10
4119,97,42,86,41
4120,317,160,284,148
4123,182,32,165,45
4124,201,71,192,62
4125,62,11,67,14
4126,0,27,0,33
4127,20,3,26,3
4128,34,10,56,8
4129,72,10,75,9
4130,85,16,84,19
4131,325,112,307,141
4132,73,10,74,7
4133,23,4,30,8
4134,178,25,177,19
4135,199,52,229,50
4137,30,5,35,2
4138,25,14,30,10
4139,67,8,72,11
4140,14,1,11,2
4141,49,7,57,11
4142,224,29,213,38
4143,47,9,49,8
4144,658,192,656,181
4145,243,81,239,77
4146,311,79,319,85
4147,69,27,83,30
4148,87,41,87,30
4149,26,122,20,107
4150,52,243,65,266
4151,22,81,18,84
4152,9,26,5,25
4153,32,203,43,242
4154,23,169,17,163
4155,11,101,6,99
4156,204,65,217,68
4157,187,33,204,53
4158,179,81,175,63
4159,176,70,190,82
4160,212,51,193,37
4161,138,55,164,50
4162,232,48,238,49
4163,315,99,310,102
4164,128,54,116,55
4165,143,48,147,43
4166,172,43,181,58
4167,127,59,122,68
4169,3,51,1,38
4170,356,78,411,99
4171,40,622,27,520
4173,152,79,147,65
4174,1288,362,1363,399
4175,1,5,1,6
4176,78,16,88,15
4177,7,1870,4,1828
4178,86,25,89,26
4179,240,58,230,73
4181,5558,6631,5518,6421
4182,366,102,355,90
4183,252,84,263,76
4184,138,42,142,43
4185,122,41,135,56
4186,204,80,202,74
4187,132,65,142,69
4188,119,41,99,34
4189,210,59,211,86
4190,87,184,79,184
4191,276,122,304,120
4192,101,51,96,48
4193,90,27,100,36
4194,74,31,77,29
4195,53,21,51,23
4196,122,54,114,50
4197,194,54,173,56
4198,327,544,312,518
4199,100,1033,107,994
4200,29,59,32,59
4201,328,73,314,63
4202,98,21,102,33
4203,165,29,167,29
4204,153,71,146,70
4206,62,285,81,329
4207,28,184,45,173
4208,7,4,10,3
4209,212,62,217,61
4210,44,4,40,9
4211,11,52,15,40
4212,28,350,32,310
4213,4,23,3,18
4214,147,107,159,119
4215,476,139,457,159
4216,18,13,24,10
4217,169,32,176,38
4219,76,17,82,26
4220,58,19,70,14
4221,66,17,64,25
4222,76,85,72,120
4223,76,59,75,77
4224,29,9,33,7
4225,85,14,87,8
4226,91,13,110,8
4227,12,12,14,10
4228,314,203,327,221
4229,108,63,105,52
4230,317,112,321,101
4231,71,12,63,24
4232,238,93,261,94
4233,1,216,3,235
4234,300,61,286,96
4235,266,209,251,193
4236,93,9,79,12
4237,524,522,501,503
4238,39,1035,36,1121
4239,174,29,143,24
4241,280,52,286,36
4242,107,16,97,14
4243,292,66,279,67
4244,274,70,243,45
4245,635,99,647,102
4246,664,117,675,99
4247,540,66,476,90
4248,341,79,388,82
4249,805,125,856,111
4250,345,56,397,56
4251,294,155,294,167
4252,170,55,176,42
4253,1066,286,1044,299
4254,14,279,9,261
4255,159,28,175,29
4256,140,38,125,42
4257,565,121,555,137
4258,206,58,200,63
4259,304,78,258,69
4260,31,173,21,136
4261,202,48,198,38
4262,6,4,7,2
4263,85,12,70,10
4264,317,164,333,158
4265,355,96,340,91
4266,300,54,312,60
4267,777,98,763,120
4268,430,144,460,114
4269,158,141,147,124
4270,497,94,513,88
4271,522,93,495,73
4272,112,11,94,19
4273,18,3,28,9
4274,75,11,66,9
4275,54,30,63,36
4276,89,1086,83,1040
4277,10,177,16,180
4278,67,24,59,28
4279,599,158,551,144
4280,446,116,454,107
4281,29,11,44,10
4282,84,28,84,28
4283,200,46,191,62
4284,136,24,125,33
4285,198,49,211,40
4286,211,122,212,113
4287,120,496,145,551
4288,149,431,135,409
4290,51,13,49,11
4291,123,24,132,35
4292,5,27,4,26
4293,284,257,288,270
4294,186,808,166,794
4295,634,165,655,162
4296,7,55,4,56
4297,2,30,3,25
4298,19,4,16,5
4299,15,2,20,3
4300,30,24,22,20
4301,95,18,78,23
4302,46,20,59,13
4303,4,12,5,10
4304,69,12,59,12
4305,2,24,0,14
4306,4,50,0,32
4307,0,2,0,0
4308,22,102,11,101
4309,1,14,2,10
4310,0,7,0,5
4311,1,9,3,8
4312,49,179,46,182
4313,10,45,19,63
4315,56,26,59,23
4316,21,406,21,440
4317,69,2,58,5
4319,180,37,175,36
4322,302,49,296,51
4323,349,68,320,87
4325,713,406,751,440
4326,162,33,175,33
4327,213,43,224,38
4328,581,64,596,62
4329,135,17,135,10
4330,330,88,349,101
4331,385,100,372,81
4332,202,45,254,51
4333,445,119,431,126
4334,557,122,569,140
4335,322,121,324,115
4336,284,38,277,38
4337,113,21,122,33
4338,175,44,163,35
4339,438,109,380,112
4340,992,215,983,233
4341,378,117,346,143
4342,481,142,485,169
4343,330,73,345,88
4344,452,77,415,86
4345,56,666,38,647
4346,354,188,350,181
4347,253,46,259,71
4348,257,86,270,85
4349,417,250,391,231
4350,302,107,331,92
4351,185,64,187,55
4352,307,108,302,116
4353,651,123,655,98
4355,133,18,140,18
4356,324,53,314,45
4357,206,61,217,50
4358,540,133,574,142
4359,702,109,747,114
4361,196,30,197,38
4362,253,49,240,43
4363,139,27,149,19
4364,36,13,30,3
4367,385,54,363,55
4369,67,27,90,20
4370,33,12,38,12
4371,24,8,31,9
4372,15,4,10,8
4373,13,3,14,10
4374,40,14,53,21
4375,39,19,48,16
4376,157,56,148,50
4377,39,23,40,22
4378,29,8,27,6
4379,33,17,34,30
4380,201,39,183,51
4381,114,33,117,37
4382,98,64,101,56
4383,157,64,169,76
4384,81,53,79,36
4385,32,19,32,9
4386,38,10,43,10
4388,68,10,49,4
4389,187,29,188,25
4390,84,23,76,35
4391,37,18,25,12
4392,131,40,121,42
4394,282,60,253,58
4395,33,9,35,9
4396,184,920,225,876
4397,222,44,231,35
4398,436,97,391,104
4399,941,299,944,308
4400,452,81,459,85
4401,237,868,248,885
4402,238,47,245,58
4403,361,73,381,72
4404,417,98,395,85
4406,326,155,312,116
4407,119,31,113,43
4408,85,29,86,27
4409,306,73,312,77
4410,436,97,492,140
4411,88,448,63,400
4412,305,220,320,191
4413,712,175,644,147
4415,100,19,94,24
4416,295,78,320,81
4418,157,31,149,34
4419,310,81,296,71
4420,586,122,584,157
4421,113,33,147,44
4422,137,30,125,21
4423,37,429,13,371
4424,346,89,368,100
4425,258,61,279,65
4426,33,4,26,10
4427,353,83,383,75
4428,369,74,372,82
4429,179,50,178,60
4430,276,68,248,64
4431,7,102,3,105
4432,59,7,47,4
4433,276,47,317,76
4434,93,13,114,18
4435,153,50,155,64
4436,254,55,268,83
4437,117,19,136,17
4438,17,9,18,6
4439,79,16,79,21
4441,172,63,163,49
4443,106,790,81,727
4445,128,673,116,644
4446,1,11,2,7
4447,9,445,13,446
4448,248,68,252,87
4449,125,17,114,34
4450,4,214,11,195
4451,405,59,406,82
4452,98,29,90,27
4453,57,25,57,19
4454,284,140,283,145
4455,200,89,205,81
4456,26,442,25,430
4457,2,61,2,75
4458,93,22,82,28
4459,134,29,121,26
4460,8,3,2,3
4461,121,14,117,24
4463,151,22,175,21
4464,282,67,293,66
4465,19,39,17,44
4466,249,66,224,54
4467,173,40,154,65
4468,165,41,180,46
4469,141,37,121,37
4470,506,122,469,134
4471,88,49,82,41
4472,88,20,84,26
4473,20,248,16,250
4474,190,76,147,54
4476,31,22,36,28
4477,1271,311,1275,293
4478,118,10,108,7
4479,283,68,273,60
4480,213,56,222,50
4481,126,30,91,34
4483,261,63,248,55
4484,338,83,332,61
4485,226,43,253,42
4486,322,69,313,51
4487,216,72,212,79
4488,243,50,238,58
4489,162,38,189,47
4490,311,44,326,39
4491,182,42,166,47
4492,252,63,259,66
4493,20,263,17,275
4494,511,36,522,44
4495,772,1324,771,1296
4497,93,48,92,43
4498,215,278,231,301
4499,95,26,95,34
4500,77,40,76,26
4501,124,155,113,180
4502,409,8023,383,7858
4503,100,25,106,12
4504,269,36,253,47
4505,434,274,410,288
4506,48,1540,56,1511
4507,471,352,476,306
4508,1,1118,6,1149
4509,803,172,819,242
4510,270,53,243,57
4511,278,261,270,252
4512,109,337,116,334
4513,335,106,321,102
4514,78,17,59,10
4515,283,406,249,385
4516,28,1803,25,1823
4517,17,10,7,5
4518,104,22,113,28
4519,33,9,34,4
4520,359,57,369,48
4521,171,53,164,78
4522,113,409,109,466
4523,545,160,542,169
4524,624,199,632,209
4525,211,72,236,87
4526,319,90,340,66
4527,166,73,172,50
4529,8,191,10,185
4530,395,60,408,71
4531,2,1519,3,1548
4532,536,102,537,115
4533,146,24,137,31
4534,149,53,199,72
4537,271,72,245,86
4538,15,208,17,191
4539,45,7,47,6
4541,218,31,180,42
4542,391,143,383,141
4543,928,208,937,174
4544,187,85,175,97
4545,332,64,332,59
4546,9,243,9,265
4547,10,314,16,336
4548,48,24,39,13
4549,63,19,78,24
4550,346,69,347,79
4551,84,24,76,30
4552,169,47,170,46
4553,183,47,194,49
4554,368,139,358,84
4555,465,93,501,91
4556,521,127,491,152
4557,309,63,274,66
4558,296,66,289,44
4559,232,43,244,42
4560,456,102,488,70
4561,103,36,93,32
4562,47,23,38,20
4563,14,525,12,508
4564,293,83,287,82
4565,0,194,0,210
4566,269,62,279,75
4567,490,138,434,139
4568,87,362,98,355
4569,2,1086,6,1130
4570,554,123,508,121
4571,5,49,3,26
4572,93,2164,78,2207
4573,14,163,23,163
4574,46,296,39,291
4575,251,274,246,275
4576,604,163,579,183
4577,133,1154,147,1221
4578,572,223,541,199
4580,1,14,7,21
4581,1,9,0,6
4584,1,11,0,5
4585,36,508,29,481
4586,331,62,340,46
4587,37,273,27,246
4588,111,444,126,443
4589,384,55,387,51
4590,128,21,132,21
4591,53,191,53,191
4592,4,10,4,7
4593,50,4,52,11
4594,106,11,116,7
4595,90,28,92,34
4596,498,70,479,73
4597,77,18,84,15
4598,699,103,691,129
4599,9,82,17,93
4600,382,134,396,122
4601,261,51,258,32
4602,19,108,15,100
4603,0,92,0,103
4604,7,954,4,1002
4605,225,58,227,56
4608,36,401,27,380
4609,235,48,243,57
4610,353,96,367,71
4611,819,194,779,201
4612,266,74,232,86
4613,58,511,74,538
4614,244,54,219,74
4615,19,729,29,750
4616,827,184,814,202
4617,555,225,555,219
4618,754,201,761,192
4619,36,14,19,9
4620,169,29,146,49
4621,583,361,593,357
4622,110,2281,118,2332
4624,0,10,0,8
4626,4,99,3,117
4627,55,15,50,30
4628,269,58,270,45
4629,26,5,22,9
4630,242,92,241,73
4631,212,48,205,53
4632,149,25,139,17
4633,57,188,56,209
4634,244,1152,247,1181
4635,148,165,155,169
4636,329,153,294,161
4637,68,27,75,21
4638,370,130,407,106
4639,144,44,163,34
4641,226,46,222,43
4642,108,25,91,21
4643,190,63,175,48
4645,225,49,210,59
4646,238,68,242,59
4647,285,65,246,90
4648,194,37,187,31
4649,449,159,443,172
4650,27,201,32,186
4651,22,352,15,342
4652,208,55,206,31
4653,86,4,67,8
4654,18,497,20,513
4655,134,493,117,444
4656,260,58,267,54
4657,133,29,150,37
4658,60,31,66,23
4659,655,296,638,333
4660,48,8,46,12
4661,105,17,93,13
4662,33,143,42,122
4663,1,23,0,18
4664,48,382,78,397
4665,42,330,55,323
4666,14,119,5,91
4667,4,17,4,18
4668,61,305,56,299
4669,16,199,17,163
4670,13,187,15,168
4671,24,290,19,266
4672,37,1068,38,1008
4674,6,1615,3,1506
4675,62,1766,62,1702
4676,52,289,58,328
4677,32,125,37,139
4678,208,1011,198,1070
4679,84,342,77,336
4680,100,326,83,324
4681,196,1129,225,1218
4682,97,27,127,30
4683,310,105,332,90
4684,318,87,309,79
4685,282,80,277,75
4686,0,183,1,154
4687,81,35,92,49
4688,10,47,2,46
4689,45,732,44,714
4690,55,18,48,8
4691,47,233,58,210
4692,870,223,899,232
4693,57,761,44,742
4694,54,998,61,986
4695,196,62,177,51
4696,439,80,438,95
4697,219,40,212,50
4698,184,30,196,30
4699,265,531,289,567
4700,53,897,65,949
4701,267,58,257,44
4702,233,32,234,45
4703,82,22,89,25
4704,160,49,188,39
4705,136,24,123,22
4706,46,16,41,11
4707,116,513,91,475
4708,636,136,612,156
4709,251,965,301,1039
4710,77,39,91,26
4711,91,1637,123,1818
4712,1251,229,1176,214
4713,377,79,390,101
4714,142,32,135,25
4715,749,138,667,122
4716,90,19,79,34
4717,113,33,112,36
4718,52,20,50,18
4719,168,58,170,67
4721,68,13,71,16
4722,320,95,319,96
4723,8,73,9,77
4725,141,42,201,35
4726,34,336,37,377
4727,109,724,116,754
4728,1012,418,1011,383
4729,5,19,1,15
4730,1102,232,1098,238
4731,51,188,51,178
4732,57,464,39,381
4733,145,421,151,425
4734,368,81,335,78
4735,190,440,172,406
4736,16,391,14,408
4737,31,419,29,426
4738,3,22,4,34
4739,132,20,111,22
4740,7,119,10,150
4741,485,108,510,91
4742,0,169,0,193
4743,51,7,53,9
4744,298,53,326,67
4745,136,38,151,28
4746,58,9,67,13
4747,190,60,213,46
4748,116,35,131,26
4749,365,101,349,101
4750,4,84,8,80
4751,306,74,325,63
4752,165,20,150,20
4753,220,85,231,85
4754,37,217,44,213
4755,56,517,47,512
4756,142,43,136,41
4757,60,1031,48,1077
4758,269,96,287,89
4759,395,130,394,136
4760,402,84,371,70
4761,505,426,526,450
4762,4,1182,3,1207
4763,165,28,164,47
4764,404,75,404,78
4765,271,71,240,49
4766,6,1328,0,1353
4767,167,125,170,121
4768,92,78,116,80
4769,12,145,16,193
4770,7,180,10,170
4771,2,901,4,899
4773,309,67,334,73
4774,410,128,420,156
4776,7,133,5,133
4777,669,186,696,181
4778,1003,211,1026,210
4779,200,62,213,58
4780,148,33,147,32
4781,133,23,109,28
4782,10,159,15,217
4783,22,25,16,17
4784,153,57,130,53
4785,167,29,149,29
4786,336,76,315,71
4787,458,119,501,128
4788,48,959,52,932
4789,286,73,305,86
4790,408,120,399,105
4791,287,99,307,94
4792,181,111,174,83
4793,33,9,30,5
4794,115,20,115,40
4795,277,80,289,69
4796,41,14,39,6
4797,182,39,190,40
4798,138,32,162,21
4799,262,77,243,55
4801,441,119,419,89
4802,170,38,176,31
4803,1,152,5,155
4804,20,74,31,81
4805,4,10,3,10
4806,15,43,15,47
4807,37,114,23,100
4808,2,86,5,108
4809,313,80,283,68
4810,39,959,45,1014
4811,26,17,36,17
4812,92,42,83,46
4813,3,20,2,8
4814,1,7,1,5
4815,75,23,65,33
4816,319,38,327,44
4817,103,35,115,38
4818,118,23,117,26
4819,103,29,90,13
4820,77,13,84,14
4821,304,79,341,72
4822,237,69,243,77
4823,255,70,280,72
4824,27,16,30,10
4825,84,24,87,23
4826,220,73,189,71
4827,69,28,78,36
4828,3,21,1,23
4829,201,42,198,36
4831,61,21,53,22
4832,419,136,413,118
4833,110,18,110,17
4834,457,94,472,98
4835,89,24,97,23
4836,189,30,173,34
4837,171,23,180,33
4838,32,12,30,11
4839,4,1,7,5
4840,252,65,276,77
4841,134,23,151,33
4842,265,46,289,58
4843,4,123,17,141
4844,22,146,30,133
4845,21,166,25,165
4846,332,57,363,65
4847,514,89,525,88
4848,153,30,134,38
4849,86,9,67,19
4850,19,179,16,206
4851,54,523,48,563
4852,9,31,8,27
4853,62,220,77,248
4854,14,175,23,178
4855,20,58,14,36
4856,10,169,17,179
4857,49,621,37,642
4858,17,124,12,103
4859,295,1422,327,1480
4860,44,215,51,211
4861,29,74,19,76
4862,70,19,60,21
4863,312,41,308,45
4864,274,1256,305,1376
4865,46,114,53,130
4866,4,1,4,0
4867,12,1,9,1
4868,58,11,43,14
4869,138,22,148,18
4870,230,54,227,42
4871,318,107,335,103
4872,323,134,335,103
4873,77,428,75,453
4874,272,73,255,70
4875,82,177,68,203
4876,47,126,54,122
4877,33,17,37,9
4878,33,261,34,276
4879,0,55,0,62
4880,93,18,111,16
4881,58,9,46,9
4882,32,15,26,10
4883,14,9,13,11
4884,45,22,45,40
4885,41,13,54,17
4886,44,10,43,18
4887,40,28,35,22
4888,58,30,59,20
4889,40,21,63,24
4890,47,21,38,18
4891,54,16,50,21
4892,253,75,241,77
4893,338,66,338,74
4894,17,509,12,504
4896,94,69,108,80
4897,436,74,427,79
4898,184,26,160,36
4899,10,92,14,90
4900,132,97,102,88
4901,334,85,361,85
4902,441,97,438,95
4903,164,40,153,46
4904,127,162,136,190
4905,9,69,11,65
4906,105,11,111,15
4907,650,180,621,177
4908,416,510,416,551
4909,504,67,484,82
4910,0,1,0,3
4911,535,218,607,221
4912,341,98,315,98
4913,55,93,48,91
4914,126,56,127,65
4915,16,4031,16,4027
4916,80,21,80,22
4917,51,9,51,13
4918,327,83,324,96
4919,318,56,335,69
4920,18,191,29,206
4921,208,62,198,79
4922,8,13,10,6
4923,223,1230,232,1334
4924,125,8,99,12
4925,32,505,40,517
4926,17,300,22,303
4927,235,64,229,76
4928,215,65,204,56
4929,814,2793,696,2667
4930,22,144,33,122
4931,203,46,185,27
4932,2,311,2,325
4933,900,183,899,163
4934,339,135,342,144
4935,294,82,274,100
4936,268,83,255,52
4937,25,524,26,553
4938,60,1989,63,2051
4939,281,136,286,129
4940,181,79,164,87
4941,106,16,127,23
4942,584,115,622,130
4943,56,21,47,11
4944,491,114,523,116
4945,10,805,9,786
4946,207,1769,225,1829
4947,113,50,95,50
4948,233,47,240,39
4949,24,1,27,5
4950,317,61,328,63
4951,189,56,156,36
4952,262,64,257,63
4953,12,11,12,11
4954,35,21,32,27
4955,381,115,341,121
4956,99,37,96,32
4957,220,29,226,31
4958,276,72,298,59
4959,150,54,139,48
4960,44,8,33,24
4961,134,40,142,33
4962,21,390,13,352
4963,1,38,2,41
4964,541,3235,515,3301
4965,171,28,154,28
4966,32,23,31,25
4967,434,218,430,219
4968,157,70,169,63
4969,44,1951,49,1897
4970,10,4,9,5
4971,174,255,141,223
4972,121,82,125,46
4973,564,623,545,619
4974,80,15,91,14
4975,320,81,291,77
4976,177,53,166,61
4977,45,1055,48,1018
4978,159,224,155,233
4979,772,176,803,186
4980,51,1373,60,1440
4981,84,18,69,13
4982,320,67,311,80
4983,324,79,311,98
4984,343,108,343,103
4985,348,136,319,139
4986,418,104,402,103
4987,95,81,98,68
4988,126,444,116,414
4990,26,992,29,944
4991,107,1610,134,1647
4992,705,145,660,135
4993,53,8,59,19
4994,88,17,89,26
4995,537,98,495,109
4996,59,348,59,374
4997,52,422,74,446
4999,346,78,324,75
5000,387,88,382,128
5001,344,138,343,150
5002,100,20,74,23
5003,1125,239,1086,256
5004,139,77,135,71
5005,79,20,59,26
5006,684,180,679,152
5007,603,114,583,111
5008,123,39,149,38
5009,4,92,14,129
5010,33,83,45,68
5011,47,312,36,310
5012,184,81,200,96
5013,190,994,187,1033
5014,201,55,188,52
5015,143,36,162,25
5016,374,222,358,235
5017,152,30,146,30
5018,879,124,870,160
5019,593,176,654,163
5020,73,74,57,66
5021,486,128,456,120
5022,157,570,144,541
5024,18,95,25,88
5025,114,22,118,15
5026,45,1598,37,1515
5027,97,31,83,25
5028,690,158,659,160
5029,229,3201,232,3149
5030,65,100,69,116
5031,99,30,91,21
5032,84,23,74,14
5034,185,48,214,40
5035,471,118,503,136
5036,343,182,324,121
5037,172,62,179,83
5038,335,115,383,96
5039,388,126,411,126
5040,0,223,0,215
5041,36,8,33,6
5042,88,21,101,18
5043,391,81,402,68
5044,511,119,514,106
5046,155,116,136,105
5047,183,38,145,35
5048,210,41,210,41
5049,306,8,283,20
5050,65,266,70,294
5051,130,32,118,26
5052,130,41,143,44
5053,633,173,628,178
5054,229,25,175,30
5055,237,56,238,45
5056,5,3731,3,3658
5057,260,623,309,661
5058,140,26,157,23
5059,90,26,100,18
5060,283,76,256,69
5061,8,49,13,53
5062,167,4696,145,4698
5063,142,58,156,45
5064,528,210,515,193
5065,68,31,75,27
5066,142,24,151,26
5067,88,27,86,29
5068,324,96,335,111
5069,400,103,387,101
5070,2,38,2,26
5071,324,59,316,68
5072,0,86,0,84
5073,443,108,472,125
5074,149,31,150,15
5075,246,66,261,63
5076,348,506,370,448
5077,267,47,252,55
5078,611,167,645,197
5079,335,131,320,114
5080,232,29,220,45
5081,1093,357,1090,361
5082,53,5,55,5
5083,303,72,281,92
5084,127,33,124,29
5085,351,63,354,40
5086,378,68,336,61
5087,8,1171,16,1079
5089,734,163,831,150
5090,332,1210,359,1235
5091,146,27,142,19
5092,259,74,274,78
5093,1458,1717,1422,1649
5094,20,273,12,233
5095,64,10,72,13
5096,96,11,87,16
5097,23,628,18,624
5098,37,1055,43,1128
5099,180,63,183,63
5100,107,42,116,39
5101,146,42,169,40
5102,44,337,47,362
5103,488,161,502,141
5104,19,223,26,239
5105,119,117,138,136
5106,24,8,24,9
5107,531,217,490,238
5108,762,191,758,188
5109,420,152,420,145
5110,15,1996,7,2005
5111,72,1539,90,1542
5112,161,552,144,525
5113,31,443,30,409
5114,287,74,308,105
5115,12,1989,9,1939
5116,32,340,33,340
5117,336,84,376,110
5118,129,61,131,46
5119,114,20,122,25
5120,380,87,352,103
5121,336,77,324,87
5122,268,71,255,69
5124,593,134,605,170
5125,114,26,111,40
5126,335,166,344,180
5127,27,11,22,6
5128,86,19,79,23
5129,174,46,188,65
5130,162,357,150,354
5131,548,156,590,148
5132,74,12,73,9
5133,42,58,47,52
5134,119,90,146,98
5135,183,43,194,39
5136,355,93,376,96
5137,527,66,536,76
5138,129,42,111,29
5139,27,37,30,22
5140,36,4,33,5
5141,310,85,305,77
5142,109,34,102,36
5143,322,238,311,241
5144,113,41,128,32
5145,249,57,251,44
5146,206,119,194,108
5147,377,162,400,124
5148,0,7,0,5
5149,51,23,42,26
5150,193,41,188,51
5151,409,1747,414,1626
5152,220,67,241,56
5153,268,42,265,45
5154,55,1525,76,1644
5155,155,95,134,98
5156,42,217,37,191
5157,276,395,309,375
5158,82,639,69,648
5159,21,71,25,71
5160,73,20,95,11
5162,174,41,164,51
5163,290,77,303,79
5164,183,2009,178,1969
5165,234,80,198,75
5166,129,35,151,52
5167,108,16,111,27
5168,826,198,822,254
5169,294,94,270,88
5170,250,88,284,87
5171,7,2018,16,1980
5172,251,61,251,74
5173,19,80,5,63
5174,295,117,291,106
5175,220,63,234,66
5176,190,48,200,40
5177,152,481,178,520
5178,133,865,102,715
5179,4,63,9,52
5180,143,803,163,812
5181,39,155,42,146
5182,130,902,133,952
5183,279,76,312,75
5184,209,39,179,46
5185,174,52,182,45
5186,129,24,130,25
5187,168,50,157,41
5188,249,61,201,49
5189,91,16,84,14
5190,120,66,109,68
5191,87,17,86,21
5192,296,628,311,606
5193,119,39,121,50
5194,140,27,156,24
5195,692,163,734,162
5196,86,56,79,50
5197,92,26,81,14
5198,1010,1501,994,1469
5199,320,78,314,99
5200,222,77,229,75
5201,232,82,250,77
5202,403,109,388,101
5203,431,104,445,109
5204,190,51,214,53
5205,505,75,509,84
5207,117,49,97,53
5208,186,885,174,866
5209,167,19,139,28
5211,1166,252,1146,274
5212,429,148,465,134
5213,333,78,358,96
5214,276,59,269,53
5215,321,75,342,80
5217,78,14,69,18
5219,52,32,61,30
5220,129,549,118,496
5221,251,42,285,35
5222,854,185,816,180
5223,0,251,0,291
5224,277,1093,307,1047
5225,224,471,213,488
5226,411,91,389,89
5227,99,17,109,19
5228,14,453,9,488
5230,312,178,312,152
5231,138,1093,115,1154
5232,138,33,121,30
5234,415,131,431,130
5235,162,50,161,58
5236,282,256,279,226
5237,314,90,336,83
5238,154,61,148,54
5239,135,41,125,42
5240,651,164,660,160
5241,234,55,215,57
5242,177,133,141,125
5243,416,78,463,70
5244,39,15,43,21
5245,222,81,225,65
5246,246,66,212,52
5247,0,3,0,3
5248,443,203,484,206
5249,189,47,201,53
5250,88,41,83,43
5251,456,90,418,94
5252,161,37,143,30
5253,373,91,376,77
5254,421,151,405,131
5255,365,8823,347,9008
5256,161,29,190,38
5257,225,52,263,55
5258,403,134,372,130
5259,878,255,882,245
5260,75,2026,82,1998
5261,584,124,602,141
5262,262,54,299,52
5263,184,46,183,59
5264,286,59,310,52
5265,81,28,82,24
5266,324,69,351,48
5267,32,654,16,665
5268,393,148,417,129
5269,97,108,96,100
5270,145,2957,134,2936
5271,53,10,48,20
5272,117,23,132,21
5273,177,96,176,98
5274,59,20,60,21
5275,90,34,102,31
5276,0,2,0,2
5277,1087,291,1071,257
5278,43,262,52,253
5279,121,57,116,52
5280,79,255,54,238
5282,143,42,141,44
5283,453,112,467,100
5284,773,231,820,230
5285,403,9332,422,9238
5286,43,511,40,555
5287,47,15,66,18
5288,643,201,671,180
5289,211,1073,216,1135
5290,460,115,408,111
5291,0,1071,0,1054
5293,863,192,910,160
5294,2,1872,8,1931
5295,939,215,964,179
5297,112,243,140,233
5298,415,2601,399,2644
5299,192,57,198,54
5300,240,59,257,44
5301,19,37,14,39
5302,337,91,339,94
5303,0,1,0,3
5304,2126,310,2107,319
5306,377,102,383,117
5308,196,145,177,156
5310,112,169,102,189
5311,147,1293,149,1284
5312,899,4904,910,4893
5313,57,682,98,747
5314,447,523,453,529
5315,414,106,403,93
5316,141,35,128,29
5317,139,45,131,51
5318,183,31,177,25
5319,403,1497,404,1492
5320,210,53,182,88
5321,57,7,53,11
5322,213,49,219,44
5323,390,60,421,70
5324,750,171,753,155
5325,78,178,91,192
5326,277,369,289,376
5327,350,41,336,61
5328,414,1491,405,1372
5329,241,141,245,132
5330,20,11,23,7
5331,259,45,248,50
5332,742,163,781,200
5333,125,216,116,225
5334,114,34,118,18
5335,133,23,135,29
5336,212,49,223,46
5337,170,25,174,20
5338,162,1998,177,1937
5340,135,75,141,90
5341,410,109,431,100
5342,4,354,1,369
5343,444,15731,392,15806
5344,221,22,220,36
5345,35,135,29,149
5346,83,31,96,42
5347,261,63,252,65
5348,176,897,187,853
5349,194,58,187,47
5350,58,368,62,341
5351,0,1,0,2
5352,698,160,696,175
5353,82,10,78,17
5354,220,79,243,70
5355,12,546,16,573
5356,1,6,0,4
5357,58,27,63,19
5359,221,55,219,53
5360,1323,315,1349,303
5361,171,36,183,47
5362,324,1097,315,1152
5363,173,49,191,48
5364,48,53,51,71
5365,193,2595,176,2711
5367,123,56,132,56
5368,127,41,125,47
5370,148,65,138,74
5371,247,56,221,40
5372,5,109,8,118
5373,427,86,445,99
5374,9,2750,5,2676
5375,693,130,684,131
5376,439,100,462,143
5377,57,407,56,416
5378,328,83,287,86
5379,79,103,75,97
5380,55,29,63,40
5381,158,29,168,34
5382,371,96,355,104
5383,334,97,332,80
5384,57,14,49,12
5385,8,1309,8,1216
5387,45,167,46,174
5388,304,68,301,63
5389,427,141,415,154
5390,172,25,179,31
5391,231,93,245,116
5392,378,101,372,83
5393,54,119,52,126
5394,45,12,57,5
5395,604,161,570,168
5396,178,58,187,45
5397,215,38,233,50
5398,113,734,118,712
5399,48,316,55,287
5400,140,172,141,154
5401,188,59,188,81
5402,385,89,375,85
5403,116,34,145,45
5404,4,29,4,18
5405,171,26,177,28
5406,40,384,49,422
5407,93,161,107,132
5408,1028,214,969,227
5409,324,62,324,87
5410,501,146,538,109
5411,125,18,104,21
5412,473,109,489,132
5413,302,99,309,57
5414,1001,204,1006,212
5415,111,46,97,27
5416,302,130,310,141
5417,178,40,178,50
5418,411,121,431,141
5419,283,78,297,75
5420,48,6,41,7
5421,71,1879,74,1933
5422,475,98,497,88
5423,188,58,206,53
5424,105,99,96,92
5425,347,84,366,88
5426,145,34,147,48
5427,223,90,201,64
5428,236,212,237,239
5429,67,15,71,17
5430,643,274,663,287
5431,162,19,120,47
5432,293,69,296,67
5433,51,14,48,9
5434,1803,637,1782,598
5435,156,55,144,40
5436,315,59,333,89
5437,120,25,103,26
5438,24,387,20,371
5439,351,182,369,178
5440,156,48,186,38
5441,279,252,314,290
5442,510,101,560,129
5443,12,27,10,40
5444,100,2375,83,2319
5445,179,663,190,681
5446,843,333,799,301
5447,78,54,64,45
5448,935,2722,882,2600
5449,230,58,271,51
5450,318,113,297,126
5451,192,74,183,82
5452,167,55,155,60
5453,152,42,156,41
5454,101,19,98,18
5455,593,87,569,109
5456,38,271,37,247
5457,500,108,515,128
5458,127,456,99,463
5459,172,61,175,81
5460,389,80,374,98
5461,206,39,183,33
5462,181,89,198,77
5463,595,151,625,157
5464,83,22,72,21
5465,128,39,109,29
5466,737,138,721,129
5467,222,55,219,71
5468,840,222,841,217
5469,390,268,403,288
5470,1,60,3,53
5471,148,54,135,38
5472,470,109,530,165
5474,37,19,35,13
5475,81,246,101,253
5476,105,33,108,43
5477,196,42,199,25
5478,78,28,98,13
5479,881,4390,837,4417
5480,128,31,119,33
5481,323,67,351,88
5482,113,1460,118,1409
5483,147,0,142,8
5484,623,1708,645,1699
5485,439,505,431,513
5486,263,46,260,56
5487,161,42,188,46
5488,960,200,969,191
5489,120,28,114,36
5490,107,47,104,56
5491,29,9,27,11
5492,288,76,296,78
5493,349,272,364,276
5494,167,25,153,21
5495,384,325,403,338
5496,143,32,149,36
5497,257,70,263,65
5498,176,29,159,60
5499,375,90,391,101
5500,224,47,219,54
5501,10,208,8,211
5502,186,190,192,184
5503,84,508,92,529
5504,414,206,400,174
5505,595,156,542,168
5506,311,7810,281,7622
5507,77,1865,81,1912
5508,700,128,636,124
5509,101,105,85,99
5510,236,46,262,40
5513,164,42,177,41
5514,321,61,303,74
5515,216,40,199,47
5516,287,54,292,67
5517,520,129,510,146
5518,307,100,296,109
5519,276,6656,292,6828
5520,318,70,301,69
5521,80,6,80,15
5522,613,115,589,123
5523,594,171,590,164
5524,121,1478,121,1581
5525,128,18,129,20
5526,310,73,285,70
5527,280,36,311,49
5528,171,275,153,289
5529,140,28,130,32
5530,158,285,141,250
5532,10,38,16,39
5533,109,68,115,54
5534,42,19,45,3
5535,108,41,101,27
5536,32,23,39,18
5537,1098,223,1131,211
5538,56,16,46,13
5539,173,40,171,32
5540,14,1487,11,1620
5541,74,1140,77,1154
5542,152,18,157,14
5543,365,55,332,74
5544,352,96,360,106
5545,136,31,148,41
5546,542,1339,569,1403
5547,287,73,310,81
5548,500,3332,459,3222
5549,525,87,501,103
5550,116,591,84,560
5551,1356,549,1389,545
5552,571,115,557,117
5553,38,374,36,378
5554,1,3,2,2
5555,26,1247,27,1300
5556,364,2,371,4
5557,6,37,14,33
5558,447,142,434,135
5559,333,100,304,73
5560,92,15,80,27
5561,2,11,3,14
5562,52,1195,46,1156
5563,356,95,333,87
5564,54,288,52,243
5565,145,617,140,595
5566,410,207,425,235
5567,803,151,817,174
5568,66,11,64,17
5569,257,1335,260,1342
5570,51,6,50,7
5571,231,44,230,41
5572,0,263,4,306
5573,1100,223,1083,242
5574,88,29,77,30
5575,232,94,232,71
5576,94,59,79,51
5577,89,37,77,37
5578,4,624,5,656
5579,148,1501,148,1446
5580,95,88,96,72
5581,45,902,44,842
5582,428,837,441,817
5583,107,64,102,70
5584,417,75,392,87
5585,79,18,72,24
5586,401,138,402,135
5587,701,173,669,148
5588,420,89,448,79
5589,111,42,101,37
5590,408,2533,399,2492
5591,364,95,402,98
5592,351,85,350,89
5593,28,310,43,349
5594,201,212,208,243
5595,44,413,51,402
5596,944,295,1026,292
5597,332,124,330,117
5598,722,145,728,134
5599,274,64,278,55
5600,191,48,167,46
5601,249,68,280,75
5602,98,15,97,19
5603,338,71,352,79
5604,52,30,53,18
5605,275,68,281,71
5606,125,52,114,55
5607,61,411,66,471
5608,138,33,126,22
5609,239,3280,238,3177
5610,557,132,550,106
5611,54,144,37,158
5612,126,39,155,31
5613,165,34,176,48
5614,58,43,55,57
5615,364,24,376,24
5616,29,163,43,142
5617,1836,558,1817,531
5618,14,2,11,1
5619,228,1253,246,1269
5620,33,21,36,28
5622,3,100,7,77
5623,109,26,112,36
5625,465,149,469,205
5626,175,942,140,898
5627,62,1233,68,1285
5628,210,60,237,60
5629,142,36,162,42
5630,250,2381,252,2425
5631,8,44,7,35
5632,570,112,580,107
5633,4,1163,1,1215
5634,59,1303,55,1308
5635,888,190,882,176
5636,0,97,0,106
5637,421,147,436,142
5638,1160,210,1211,223
5639,221,45,245,32
5640,197,36,211,45
5641,233,50,264,68
5642,339,63,322,69
5643,5,2312,7,2120
5644,572,153,550,157
5646,244,61,289,88
5647,72,2671,92,2825
5648,311,92,329,85
5649,50,161,42,157
5651,1,3,9,2
5652,101,85,106,94
5653,58,25,53,17
5654,632,161,621,195
5655,182,35,187,54
5656,178,93,173,95
5657,184,27,176,23
5658,657,761,586,760
5660,171,53,171,65
5661,90,13,104,12
5662,529,101,569,107
5663,446,320,410,340
5664,1,42,1,25
5665,19,12,12,15
5666,43,11,41,14
5667,93,8,89,11
5668,191,71,199,71
5669,402,95,400,94
5670,73,769,71,755
5671,100,75,101,64
5672,8,25,1,12
5673,1265,353,1253,355
5674,207,57,242,44
5675,7,9,6,12
5676,1043,387,1014,397
5677,2197,462,2126,472
5678,109,30,98,39
5679,353,97,345,108
5680,213,39,208,49
5681,38,13,42,12
5682,114,2862,97,2896
5683,92,32,102,17
5684,56,39,72,53
5685,19,403,26,444
5686,354,194,323,214
5687,77,33,87,30
5688,175,30,175,29
5689,560,133,552,137
5690,317,75,352,79
5691,65,402,55,359
5692,173,1584,187,1557
5694,469,142,503,163
5695,414,140,397,147
5696,222,47,233,59
5697,239,59,264,68
5698,1,353,1,371
5699,225,41,204,54
5700,191,54,172,31
5701,502,116,491,114
5702,6078,1729,6120,1761
5703,296,88,301,83
5704,776,3491,811,3516
5705,175,53,150,54
5706,839,245,796,302
5707,542,122,532,164
5708,135,32,132,33
5709,109,360,82,314
5710,282,81,282,79
5711,192,76,198,79
5712,56,909,53,797
5713,44,24,47,40
5714,182,40,176,34
5715,957,265,949,255
5716,7,1086,2,1039
5717,254,123,237,110
5718,552,838,558,853
5719,218,39,205,46
5720,180,39,184,41
5721,19,30,18,36
5722,660,94,658,77
5723,23,373,23,369
5724,7,149,12,184
5725,463,133,503,104
5726,384,123,436,116
5727,286,1412,307,1329
5728,235,74,235,108
5729,429,47,380,40
5730,231,1029,241,1105
5731,164,35,172,52
5732,0,1201,0,1213
5733,312,82,342,68
5734,406,80,378,82
5735,221,87,238,71
5736,124,642,113,614
5737,320,55,323,72
5738,11,543,13,1191
5739,74,323,81,294
5740,1317,510,1350,504
5741,219,995,196,967
5742,389,137,354,124
5743,18,1521,7,1522
5744,20,41,12,38
5745,369,73,366,77
5746,1369,306,1398,306
5747,273,49,287,38
5748,79,4255,81,4197
5749,908,215,927,235
5750,3941,645,3894,599
5751,97,28,91,19
5752,389,95,375,93
5753,432,138,413,139
5754,139,177,145,169
5755,319,60,291,68
5756,1,34,6,44
5757,330,232,343,203
5758,364,245,403,228
5759,15,120,11,131
5760,134,20,153,21
5761,4,117,11,98
5762,1413,281,1420,270
5763,426,110,503,96
5764,1002,178,1002,192
5765,41,12,49,9
5766,167,273,158,303
5767,143,22,154,27
5768,519,147,515,149
5769,2,23,4,21
5770,8,490,14,524
5772,215,693,214,691
5773,150,68,133,66
5774,65,239,68,256
5775,597,198,524,139
5778,85,19,71,26
5779,134,921,145,922
5780,427,74,423,90
5781,268,1175,287,1171
5782,946,283,956,295
5783,8,104,7,86
5784,440,98,428,99
5785,1288,345,1319,360
5786,472,89,492,95
5787,53,1700,57,1782
5788,83,1459,100,1380
5789,91,1539,83,1568
5792,33,165,41,182
5793,3,13,4,19
5794,596,85,571,75
5795,198,26,187,23
5796,23,53,22,59
5797,110,51,131,46
5798,50,14,60,11
5799,512,114,492,103
5800,219,29,201,35
5801,134,754,140,635
5802,258,115,285,125
5803,447,1533,459,1534
5804,206,62,213,52
5805,122,91,118,78
5806,238,63,241,55
5807,74,20,54,12
5808,70,109,70,80
5809,126,64,120,67
5810,93,294,82,286
5811,580,230,638,189
5812,77,21,97,15
5813,558,117,526,104
5814,216,32,245,32
5815,349,1655,326,1475
5816,36,23,47,21
5817,3,115,6,103
5818,10,3309,18,3378
5819,329,1133,303,1143
5820,165,57,161,66
5821,262,393,274,403
5823,113,29,120,25
5824,952,1275,918,1354
5825,70,31,70,19
5826,100,13,102,20
5827,163,40,178,46
5828,1047,215,1018,201
5829,45,939,42,946
5830,579,145,615,123
5831,0,497,2,498
5832,360,73,358,85
5833,77,11,71,15
5834,236,143,264,142
5835,124,27,121,29
5836,125,40,128,58
5837,415,87,427,94
5838,485,110,458,110
5839,57,31,57,38
5840,347,472,326,480
5841,259,49,245,47
5842,250,54,251,57
5843,1114,262,1069,249
5844,466,162,473,168
5845,174,704,166,689
5846,300,76,294,69
5847,203,57,195,67
5848,205,61,220,58
5849,205,50,203,51
5850,384,121,399,143
5852,365,89,357,76
5853,134,27,112,33
5854,91,12,101,29
5855,554,94,540,93
5856,632,81,626,79
5857,584,268,579,300
5858,663,212,649,190
5859,446,106,458,120
5861,13,3,14,5
5862,168,71,173,63
5863,332,80,310,91
5864,717,196,738,186
5865,165,37,144,38
5866,612,114,601,102
5867,115,716,134,686
5868,88,26,80,17
5869,236,59,224,60
5870,247,84,242,85
5871,3,15,0,6
5872,25,341,18,304
5873,334,569,356,618
5874,633,3529,622,3402
5875,30,137,33,145
5876,21,93,24,78
5877,44,13,45,19
5878,11753,9246,11609,9346
5879,87,33,80,37
5880,351,120,336,131
5881,151,1235,144,1227
5883,174,56,138,54
5884,187,40,192,46
5885,699,1123,706,1134
5886,249,46,224,39
5887,638,272,567,302
5888,209,52,191,63
5889,440,87,395,103
5890,51,149,51,175
5891,667,429,658,388
5892,551,121,587,122
5893,498,115,495,124
5894,53,16,42,8
5895,105,80,88,63
5896,194,101,190,84
5897,4,95,4,119
5898,308,1606,323,1672
5899,773,206,775,226
5900,28,849,35,812
5901,78,75,85,86
5902,75,168,54,159
5903,69,557,80,565
5904,252,48,260,42
5905,240,1206,245,1253
5906,174,720,145,685
5907,453,2424,504,2521
5908,416,125,448,134
5909,508,177,495,164
5910,433,134,397,119
5911,140,56,151,45
5912,454,122,441,127
5913,494,173,500,146
5914,135,33,121,32
5915,435,116,426,146
5916,280,115,308,122
5917,278,34,299,33
5918,0,974,2,933
5919,51,9,38,5
5920,1086,225,1019,196
5921,123,28,120,41
5922,48,358,51,322
5923,304,97,303,99
5924,9,1103,1,1023
5925,21,472,17,443
5926,224,185,231,157
5927,165,4348,162,4268
5928,521,788,484,740
5929,703,179,668,158
5930,232,80,219,107
5931,791,120,801,102
5932,221,77,218,91
5933,248,41,225,51
5934,617,38,563,25
5935,345,88,358,89
5936,436,102,438,96
5937,38,123,41,129
5938,102,34,130,29
5939,125,32,119,30
5940,14,59,16,73
5941,301,130,293,130
5942,726,321,710,303
5943,12,65,13,65
5945,71,1765,69,1766
5946,301,68,297,89
5947,290,51,300,60
5948,326,112,299,113
5949,158,37,174,41
5950,450,201,414,177
5951,922,155,931,188
5952,6,4,9,5
5953,875,185,909,240
5954,270,66,265,73
5955,188,78,183,101
5956,314,67,336,60
5957,430,120,409,146
5958,103,20,105,15
5960,6,1764,10,1746
5961,17,311,19,326
5962,87,17,79,19
5963,699,238,702,252
5964,72,15,71,20
5965,21,331,18,324
5966,76,276,74,301
5967,160,36,166,38
5968,753,131,712,158
5969,323,144,308,88
5970,511,157,513,149
5971,210,44,221,54
5972,6394,2656,6542,2577
5973,258,1439,268,1445
5975,22,5,23,4
5976,328,98,307,108
5977,447,110,475,124
5978,739,196,786,178
5979,141,27,145,24
5980,376,59,373,72
5981,392,82,391,100
5982,186,37,159,31
5983,189,72,195,65
5985,3,28,4,32
5986,189,41,177,39
5987,1076,233,1157,213
5988,596,152,597,121
5989,538,119,508,117
5990,15,401,8,438
5991,191,38,175,37
5992,138,78,125,89
5993,8,131,11,144
5994,516,925,541,1010
5995,340,83,334,83
5996,446,80,477,92
5997,208,399,211,450
5998,147,28,159,21
5999,95,9,96,14
6000,94,52,114,46
6001,96,45,100,43
6002,87,14,88,23
6003,231,70,237,94
6004,954,105,907,121
6005,184,45,166,39
6006,310,72,355,89
6007,99,408,109,483
6008,159,27,177,50
6009,268,66,287,68
6010,153,27,163,29
6011,778,721,800,725
6013,150,31,149,38
6015,380,57,391,59
6016,734,207,737,233
6017,842,114,807,148
6018,359,44,337,46
6019,189,37,203,53
6020,544,2503,557,2521
6021,50,18,59,21
6022,78,1546,87,1546
6023,95,27,94,23
6024,217,40,207,43
6025,119,21,121,28
6026,304,211,293,175
6027,289,46,304,57
6028,7,2275,9,2256
6029,140,287,160,304
6030,553,194,515,195
6031,452,80,455,66
6032,259,56,284,63
6033,922,200,944,195
6034,111,44,114,44
6035,451,177,435,171
6036,402,92,420,86
6037,215,119,204,118
6038,48,4,52,0
6039,1,16,2,7
6040,24,261,20,252
6041,77,560,95,548
6042,334,55,293,49
6043,1150,323,1146,285
6044,360,71,386,92
6045,350,1738,346,1716
6046,363,95,340,107
6047,1647,542,1564,525
6048,224,172,216,162
6049,496,101,507,133
6050,185,86,187,85
6051,373,113,354,119
6052,287,76,298,70
6053,29,154,39,141
6054,185,61,215,51
6055,306,65,300,43
6056,102,76,103,67
6057,199,58,182,48
6058,347,111,328,103
6059,225,35,220,41
6060,332,85,338,89
6061,45,25,71,19
6062,206,386,208,373
6063,124,28,128,46
6064,376,156,357,159
6065,485,227,549,194
6066,27,51,29,61
6067,54,19,71,15
6068,736,144,731,163
6069,797,166,800,176
6070,172,77,144,61
6071,517,119,531,137
6072,220,641,218,645
6073,32,476,31,490
6074,242,56,241,60
6075,484,106,435,110
6076,638,141,604,145
6077,135,24,135,41
6078,261,1319,245,1310
6079,553,243,569,267
6080,1150,136,1146,140
6081,242,79,267,75
6082,429,93,457,80
6083,1265,261,1268,248
6084,504,2147,483,2026
6085,76,2109,78,2087
6086,95,16,94,32
6088,87,19,73,17
6089,1359,3263,1393,3365
6090,2218,640,2241,659
6091,355,84,360,87
6092,323,108,298,109
6093,78,11,63,25
6094,151,54,189,63
6095,527,133,535,117
6096,117,603,117,632
6098,329,100,318,99
6099,77,18,58,15
6100,164,4790,146,4741
6101,41,6,31,3
6102,62,20,71,22
6103,176,54,177,42
6104,352,180,330,187
6105,177,46,182,58
6106,1086,243,1078,243
6107,2803,600,2782,537
6108,251,863,249,853
6109,762,120,733,136
6110,103,38,120,44
6111,96,505,85,511
6112,4,70,4,61
6113,5,17,4,10
6114,121,50,118,38
6115,106,210,110,177
6116,574,102,576,105
6117,234,70,244,49
6118,266,45,267,39
6119,535,175,555,165
6120,184,35,188,41
6121,180,50,208,52
6122,289,50,295,44
6123,22,672,30,634
6124,15,2626,11,2664
6125,222,75,221,82
6126,58,13,45,25
6127,229,85,223,102
6128,458,66,432,65
6129,258,78,222,89
6130,490,174,475,185
6131,448,88,476,90
6132,346,524,343,492
6133,508,296,531,270
6134,573,123,580,134
6135,25,519,29,503
6136,180,53,209,53
6137,56,18,76,10
6138,379,74,394,79
6139,86,30,105,19
6140,192,32,192,44
6141,639,132,617,125
6142,36,327,28,359
6143,191,53,203,60
6144,568,91,601,107
6145,196,63,218,54
6146,256,115,238,132
6147,289,80,280,105
6148,175,59,190,50
6149,342,42,338,47
6150,242,1167,278,1163
6151,244,62,226,40
6152,115,64,107,59
6153,291,44,292,52
6154,9,1952,16,2031
6155,49,570,70,623
6156,47,23,54,23
6157,402,114,399,85
6158,157,35,159,33
6159,82,110,94,95
6160,187,177,171,169
6161,134,31,134,55
6162,434,104,444,85
6163,102,17,84,20
6164,227,84,218,64
6165,253,57,265,63
6166,278,47,287,62
6167,126,59,111,33
6168,320,64,361,54
6169,570,116,552,104
6170,122,786,140,732
6171,24,80,37,106
6172,783,109,804,108
6173,616,244,636,263
6174,53,11,58,11
6175,250,33,263,36
6176,126,577,124,581
6177,22,140,16,134
6178,310,209,281,193
6179,71,28,68,26
6180,456,86,500,95
6181,361,1476,356,1468
6183,60,17,57,13
6185,39,443,48,440
6186,88,337,101,380
6188,433,143,459,123
6189,132,25,142,32
6190,291,999,271,955
6191,397,71,407,77
6192,382,78,358,81
6193,36,14,31,13
6194,0,27,0,29
6195,254,89,239,68
6196,110,30,117,42
6197,18,14,18,9
6198,166,766,165,734
6199,18,221,14,213
6200,2,913,3,883
6201,26,331,25,325
6202,813,169,812,165
6203,314,78,299,80
6204,6,1702,7,1697
6205,65,12,68,20
6206,260,243,263,259
6207,300,64,264,75
6208,117,54,141,47
6209,159,68,150,64
6210,330,99,341,85
6211,30,492,34,445
6212,581,215,545,188
6213,348,97,339,100
6214,142,25,132,44
6215,155,28,170,25
6216,45,34,53,29
6217,252,91,228,74
6218,176,36,195,33
6219,534,121,548,81
6220,121,167,119,146
6221,713,357,714,352
6222,219,55,216,55
6223,727,663,740,667
6224,225,58,228,79
6225,6,85,10,84
6226,285,99,326,121
6227,21,285,23,316
6228,76,22,71,20
6229,344,86,326,86
6230,177,106,182,98
6231,7,2103,11,2161
6232,7,805,5,809
6233,650,159,649,166
6234,925,609,983,633
6235,9,88,12,90
6236,473,176,496,156
6237,14,76,26,114
6238,400,967,390,975
6239,255,76,302,62
6240,24,86,28,76
6241,71,7,66,11
6242,24,237,25,214
6243,372,83,382,53
6244,350,260,315,258
6245,366,53,340,59
6246,37,954,39,946
6247,8,1845,5,1853
6248,65,331,56,362
6249,84,14,67,18
6250,280,87,290,99
6252,2,10,4,9
6253,726,168,726,146
6254,488,86,453,76
6255,277,151,293,158
6256,86,21,98,22
6257,216,71,223,91
6258,342,135,331,124
6260,711,145,684,139
6261,363,136,362,145
6262,136,901,101,903
6263,609,576,600,564
6264,200,55,183,37
6265,20,11,25,17
6266,646,143,623,134
6267,10,98,9,89
6268,243,211,274,218
6269,107,34,114,36
6270,6,3,3,3
6271,479,246,538,247
6272,19,303,14,259
6273,189,140,178,149
6274,471,101,494,84
6275,260,62,246,62
6276,635,124,654,144
6277,173,39,162,30
6278,506,149,466,163
6279,369,85,400,91
6281,49,45,61,36
6282,982,210,992,179
6283,10,4,15,10
6284,355,1988,360,2000
6285,2,19,4,12
6286,657,162,633,142
6287,147,3272,159,3271
6288,298,80,328,81
6289,272,63,300,92
6290,177,45,148,57
6291,93,22,97,22
6292,207,42,195,51
6293,26,357,20,398
6294,244,67,242,73
6295,254,55,243,59
6296,36,651,31,646
6297,467,196,454,183
6298,110,2583,108,2486
6299,547,157,519,169
6300,281,1691,235,1641
6302,160,50,169,70
6303,584,1673,610,1613
6304,109,41,118,31
6305,250,65,238,64
6306,367,90,415,79
6307,254,46,268,53
6308,144,36,159,39
6309,2017,625,2044,658
6310,800,279,805,277
6311,1,10,0,9
6312,40,5,38,9
6314,300,28,283,47
6315,1664,468,1612,474
6316,284,88,316,79
6317,309,102,334,128
6318,230,56,233,69
6319,134,834,166,895
6320,1119,227,1107,249
6321,213,38,213,37
6322,569,100,514,110
6323,43,85,40,59
6324,206,53,210,54
6325,273,104,264,116
6326,63,302,76,285
6327,776,172,734,144
6328,33,23,37,17
6329,326,1977,360,2073
6330,13,106,3,80
6331,69,59,75,69
6332,339,102,353,100
6333,54,445,58,430
6334,208,44,226,47
6335,994,170,964,163
6336,344,87,322,91
6337,82,25,85,15
6338,205,67,235,57
6339,32,435,21,419
6340,232,68,223,60
6341,1552,429,1612,431
6342,101,30,102,28
6343,268,108,283,96
6344,155,36,129,36
6345,269,63,252,82
6346,72,1048,64,997
6347,1766,2650,1726,2660
6348,1362,198,1305,212
6349,192,63,200,47
6350,227,45,197,35
6351,732,161,726,163
6352,78,1540,67,1502
6354,580,139,590,129
6355,19,325,31,324
6356,166,64,129,52
6357,223,64,208,70
6358,211,27,216,32
6359,1198,268,1200,301
6360,390,129,435,131
6361,779,170,828,173
6362,144,48,155,42
6363,239,324,259,312
6364,169,38,171,39
6365,342,66,345,71
6366,696,142,639,135
6367,292,165,297,168
6368,172,36,171,37
6369,132,58,125,58
6370,68,17,91,17
6371,413,110,401,123
6372,364,53,342,59
6373,360,69,374,98
6374,189,47,208,42
6375,564,116,536,108
6376,651,152,660,144
6377,690,184,707,169
6378,322,53,331,48
6379,285,73,266,52
6380,157,2326,151,2192
6381,330,144,306,154
6382,9,98,4,87
6383,111,2077,98,2032
6384,183,675,205,676
6386,246,41,233,67
6387,24,78,19,74
6388,213,52,196,64
6389,484,104,500,101
6390,50,13,54,16
6391,381,114,408,102
6392,342,83,383,89
6393,268,49,231,54
6394,2095,353,2025,393
6395,151,35,168,38
6396,162,43,179,46
6397,529,333,559,356
6398,12,1941,1,1929
6399,563,116,534,142
6400,307,148,272,150
6401,122,48,137,35
6402,232,27,203,31
6403,359,87,330,99
6404,158,46,146,44
6405,341,361,333,340
6406,293,63,289,75
6407,392,68,386,53
6408,196,44,208,52
6409,147,64,150,69
6410,7,46,14,61
6411,70,12,76,18
6412,368,66,366,74
6413,68,367,70,378
6414,102,31,73,44
6415,24,108,24,88
6416,574,203,545,208
6417,154,33,141,36
6418,379,61,393,71
6419,195,87,224,79
6420,381,88,378,83
6421,559,2030,531,1991
6422,92,25,80,28
6423,237,65,220,78
6424,86,3576,99,3512
6425,1304,393,1320,424
6426,10,1529,10,1507
6427,155,1006,152,965
6428,32,274,27,309
6429,57,9,41,6
6431,10,146,7,102
6432,155,27,144,29
6433,98,189,112,182
6434,135,91,102,90
6435,551,160,606,177
6436,3,1248,3,1175
6437,405,156,399,133
6438,467,101,472,98
6440,346,83,342,102
6441,386,64,358,74
6442,323,84,325,89
6443,1416,542,1453,493
6444,510,135,511,135
6445,400,77,403,85
6446,275,1075,264,1041
6447,124,23,117,30
6448,728,158,824,153
6449,74,741,68,744
6450,153,21,180,25
6451,430,88,419,123
6452,42,766,54,781
6453,4,132,2,123
6454,823,143,865,170
6455,30,893,28,867
6456,138,42,113,37
6457,138,26,144,29
6458,211,16,211,34
6459,15,66,17,78
6460,181,36,180,45
6462,270,252,263,266
6463,130,351,126,366
6464,232,55,236,70
6465,37,11,31,11
6466,57,19,45,13
6467,7,462,6,502
6468,31,130,34,123
6469,383,86,359,104
6470,149,558,119,515
6471,585,144,610,157
6472,340,113,368,112
6473,118,36,113,35
6474,2,111,2,121
6475,72,15,58,7
6476,235,1020,240,1064
6477,30,470,32,441
6478,533,1874,510,1807
6479,269,863,213,834
6480,103,206,90,203
6481,13,283,14,301
6482,95,453,98,453
6483,581,131,555,140
6485,178,164,177,180
6486,146,66,166,56
6487,544,113,568,100
6488,447,97,462,86
6489,472,164,445,166
6490,25,480,24,468
6491,374,121,362,103
6492,45,914,27,845
6493,779,146,722,149
6494,161,40,164,45
6496,534,149,491,199
6497,483,258,467,244
6498,227,41,249,48
6499,214,117,224,99
6500,41,16,50,11
6501,552,115,561,104
6502,705,174,781,163
6503,109,462,104,485
6504,134,26,137,41
6505,475,120,465,120
6506,148,55,163,36
6507,270,77,291,91
6508,420,108,444,115
6509,134,35,165,48
6510,103,2965,91,3049
6511,340,188,333,177
6512,877,144,916,148
6513,184,42,187,43
6514,37,131,41,124
6515,801,257,801,251
6516,6,15,4,21
6517,321,59,326,72
6518,729,156,681,175
6519,0,163,0,179
6521,243,38,251,39
6522,86,2169,84,2079
6523,204,38,168,31
6524,483,94,462,97
6525,2,652,3,624
6526,62,30,78,34
6527,84,503,66,487
6528,61,19,66,26
6529,46,7,47,9
6530,53,99,48,95
6531,4,0,11,3
6532,259,90,251,115
6533,230,38,209,39
6534,214,52,177,40
6535,13,2088,14,2133
6536,36,151,46,140
6537,337,76,316,86
6538,231,65,218,41
6539,586,125,520,131
6540,110,104,116,104
6541,297,119,281,107
6542,206,56,234,42
6543,146,281,127,274
6544,43,191,32,183
6545,10,79,11,80
6546,89,6,83,15
6547,154,46,163,46
6548,359,110,361,127
6549,288,258,291,258
6550,721,146,682,142
6551,806,176,794,205
6552,402,347,403,271
6553,125,2122,150,2175
6554,314,95,369,91
6555,161,44,172,42
6556,194,27,189,27
6557,372,121,377,123
6558,216,1073,206,1101
6559,395,101,433,101
6560,83,20,83,38
6561,315,82,283,102
6562,100,54,99,55
6563,64,317,48,302
6564,5,75,3,71
6565,279,103,318,99
6566,6,829,11,844
6567,346,96,356,73
6568,442,154,451,129
6569,42,612,39,568
6570,815,701,776,630
6571,224,67,198,64
6572,376,272,371,269
6573,211,63,196,51
6574,1136,262,1123,242
6575,277,81,301,85
6576,236,84,265,85
6577,313,53,319,65
6578,888,397,926,399
6579,267,103,274,99
6580,73,18,74,26
6581,129,39,122,36
6582,28,8,25,12
6583,777,150,810,133
6584,4,67,5,67
6585,300,70,292,68
6586,367,77,362,98
6587,126,47,113,49
6588,314,80,288,105
6590,54,253,43,230
6591,7,3,15,2
6592,471,90,435,64
6593,72,95,83,99
6594,35,435,27,366
6595,44,16,47,21
6596,13,158,10,132
6597,223,71,234,60
6598,185,84,171,62
6599,48,17,59,13
6600,85,38,88,38
6601,707,182,727,146
6602,710,157,695,135
6603,3,2218,0,2171
6604,96,45,114,43
6605,281,93,261,94
6606,39,12,41,7
6607,48,335,55,358
6608,949,3926,906,3738
6609,244,202,239,214
6610,54,14,66,8
6611,412,814,376,744
6612,297,104,289,130
6613,241,139,245,136
6614,275,79,299,92
6616,403,195,403,204
6617,125,510,125,528
6618,763,206,741,196
6619,89,525,117,534
6620,120,35,121,30
6621,278,101,277,101
6622,121,32,99,31
6623,354,96,340,98
6624,409,146,415,131
6625,319,98,317,82
6626,224,42,214,75
6627,291,81,285,82
6628,37,1114,40,1081
6629,63,74,71,79
6630,65,1796,81,1712
6631,91,30,92,18
6632,1380,627,1383,606
6633,498,103,481,79
6634,209,48,219,45
6635,137,54,144,47
6636,201,54,212,61
6637,274,62,267,43
6638,397,64,441,91
6639,617,177,557,164
6640,1122,309,1148,333
6641,250,61,267,53
6642,633,137,662,146
6643,158,42,135,39
6644,191,117,185,130
6645,338,145,322,133
6646,652,129,648,119
6647,196,73,185,57
6648,422,131,391,121
6649,451,121,490,116
6650,98,2858,105,2883
6651,254,94,263,88
6652,32,27,36,27
6653,286,95,312,91
6654,43,230,53,245
6655,373,90,369,83
6656,312,78,306,68
6657,350,77,337,68
6658,747,291,797,266
6659,169,41,139,37
6660,88,267,92,279
6661,321,78,312,82
6662,53,426,43,414
6663,35,323,29,323
6664,57,359,44,388
6665,116,14,119,43
6666,579,127,595,144
6667,3,10,0,8
6668,591,157,614,154
6669,361,779,324,760
6670,170,64,162,60
6671,208,36,220,29
6672,16,2,28,4
6673,0,21,0,22
6674,4,491,7,488
6675,224,97,191,66
6676,136,505,121,524
6677,267,72,278,88
6678,357,109,379,143
6679,411,156,419,148
6680,506,139,463,143
6681,441,1965,428,1923
6683,80,30,86,26
6684,472,147,511,159
6685,123,45,128,39
6686,302,59,357,63
6687,305,77,314,58
6688,90,42,94,49
6690,114,51,124,43
6691,541,105,530,107
6692,316,117,297,92
6693,72,154,80,172
6694,600,347,605,333
6695,101,43,84,37
6696,332,95,322,108
6697,347,314,310,293
6698,43,17,49,20
6699,64,1560,77,1456
6700,979,299,960,305
6701,101,126,126,146
6702,488,65,490,88
6703,169,30,160,42
6704,103,785,85,752
6705,192,61,195,65
6706,396,107,365,107
6707,591,100,577,100
6708,274,71,230,56
6709,718,127,766,112
6710,107,48,94,24
6711,150,38,171,32
6712,387,56,365,82
6713,208,38,250,59
6714,579,122,569,87
6715,80,25,67,22
6716,248,1009,238,1028
6717,171,79,174,60
6718,59,27,62,15
6719,88,17,80,16
6720,302,92,316,96
6721,3,423,9,383
6722,195,41,192,49
6723,69,33,56,25
6724,89,33,91,21
6725,93,16,81,15
6726,106,2424,98,2345
6727,169,31,182,27
6728,5,1040,6,974
6729,249,50,262,38
6730,284,94,326,93
6732,71,10,67,13
6733,14,167,15,170
6734,166,33,167,38
6735,200,53,189,58
6736,355,127,318,98
6737,8,33,4,20
6738,67,19,74,18
6739,956,1364,917,1319
6740,54,194,55,225
6741,7,40,7,44
6742,322,312,313,339
6743,211,63,221,40
6744,37,294,32,281
6745,6,171,2,184
6746,264,192,245,205
6747,155,29,133,38
6748,205,59,190,30
6749,67,1263,59,1237
6750,570,2487,609,2538
6751,1235,271,1184,265
6752,6,1364,11,1362
6753,305,1321,274,1215
6754,209,74,189,53
6755,189,65,238,61
6756,94,34,101,40
6757,18,281,18,250
6759,376,106,381,86
6760,998,5385,964,5373
6761,461,128,420,107
6762,119,51,121,44
6763,1197,568,1201,535
6764,10,3593,10,3586
6765,421,83,397,96
6766,0,1,1,2
6767,355,97,364,101
6768,810,412,866,398
6769,564,131,558,101
6770,81,706,97,777
6771,168,166,167,134
6772,473,118,518,116
6773,1409,425,1449,433
6774,144,53,149,45
6775,27,8,33,9
6776,1040,255,1020,257
6777,37,90,45,86
6778,583,151,593,126
6779,156,60,131,64
6780,296,87,296,86
6781,207,63,186,55
6782,444,58,414,49
6783,217,48,215,52
6784,10,39,9,33
6785,606,125,598,145
6786,30,824,26,759
6787,329,71,351,83
6788,164,78,158,62
6789,222,56,228,54
6790,30,148,29,158
6791,374,132,418,122
6792,46,13,47,18
6793,226,50,229,50
6794,580,1005,542,915
6795,174,68,172,53
6797,248,68,221,54
6799,2,1,7,3
6800,457,272,403,269
6801,360,321,348,340
6802,282,1401,272,1334
6803,491,145,511,142
6804,285,43,296,59
6805,301,162,341,155
6806,289,68,285,61
6807,160,36,162,40
6808,638,78,605,73
6809,150,36,162,41
6810,105,23,116,22
6811,976,532,946,517
6812,44,506,43,463
6813,234,488,232,488
6814,601,154,614,158
6815,34,957,35,929
6816,260,76,262,74
6817,358,61,314,144
6818,218,74,243,68
6819,226,905,217,919
6820,10,5,9,5
6821,351,69,315,68
6822,15,124,9,88
6823,684,1188,667,1267
6824,255,61,256,65
6825,70,20,59,27
6826,408,64,400,84
6827,8,94,14,97
6828,28,32,33,22
6829,486,138,452,113
6830,464,111,429,104
6831,1,4,0,3
6832,89,542,109,548
6833,238,76,238,60
6835,370,119,351,125
6836,1,119,0,107
6837,868,181,880,172
6838,0,285,0,284
6839,282,3078,284,3056
6840,778,135,819,187
6841,17,223,14,258
6842,40,143,32,167
6843,59,1528,70,1488
6844,2,136,0,127
6845,24,267,29,255
6846,222,42,218,43
6847,369,93,384,94
6848,410,221,409,226
6849,805,153,756,133
6850,647,196,664,213
6851,461,171,477,162
6852,304,179,340,208
6853,1331,300,1286,298
6854,659,136,608,176
6855,60,379,78,414
6856,149,87,135,75
6857,330,63,333,85
6858,219,105,208,106
6859,197,89,168,82
6860,68,435,65,441
6861,172,43,170,39
6862,414,164,398,172
6863,324,57,310,49
6864,1009,262,1048,260
6865,0,158,0,178
6866,52,5,40,7
6867,88,29,90,32
6868,363,102,355,99
6869,461,171,471,175
6871,62,18,59,9
6872,327,620,309,605
6873,394,128,376,128
6874,179,58,183,54
6875,106,25,120,30
6876,71,321,67,299
6877,109,51,100,64
6878,129,1539,140,1506
6879,229,44,245,41
6880,62,18,52,16
6881,292,120,240,125
6882,120,52,133,46
6883,90,20,96,25
6885,96,177,92,192
6886,6,3,8,2
6887,256,127,264,104
6888,92,710,90,708
6889,157,102,174,81
6890,71,374,56,350
6891,169,42,137,33
6892,88,22,86,26
6894,410,167,447,178
6895,8,96,9,93
6896,234,65,201,62
6897,270,45,277,57
6898,173,67,179,80
6899,151,49,138,37
6900,303,47,284,48
6901,371,102,356,117
6902,517,611,469,665
6904,85,54,66,75
6905,1458,404,1425,417
6906,578,136,569,135
6907,3,260,0,254
6908,8,5,12,5
6909,130,20,133,24
6910,37,97,37,93
6911,0,7,0,8
6912,524,118,547,144
6913,230,39,250,39
6914,3,32,5,30
6915,600,433,628,445
6916,2,1231,5,1307
6917,277,313,257,296
6918,426,126,458,117
6919,146,43,139,41
6920,171,94,171,75
6921,189,966,155,960
6922,278,110,283,98
6923,298,74,284,86
6924,501,121,495,118
6925,264,59,252,38
6926,10,96,16,115
6927,97,16,90,21
6928,201,47,188,43
6929,129,29,131,26
6930,251,55,256,65
6932,273,60,311,70
6933,73,85,66,78
6934,69,184,52,168
6935,507,149,493,221
6936,264,143,291,156
6937,479,124,459,110
6938,367,98,366,93
6939,496,84,497,169
6940,241,101,251,102
6941,1181,570,1165,567
6942,533,120,550,125
6943,224,65,223,64
6944,103,181,115,174
6945,259,60,272,87
6946,132,56,137,63
6947,125,41,103,39
6948,356,78,325,66
6950,222,55,214,58
6951,400,101,421,85
6952,15,391,10,372
6953,121,254,136,288
6954,767,222,784,160
6955,160,232,177,222
6956,78,125,75,175
6957,2,1129,2,1136
6958,154,1317,146,1314
6959,167,22,166,28
6960,99,26,112,36
6961,221,64,219,82
6962,203,36,199,27
6963,1446,141,1434,140
6964,650,96,630,127
6965,148,1006,146,938
6966,666,166,655,146
6968,213,120,239,124
6969,129,23,137,15
6970,198,34,191,43
6971,60,22,63,21
6972,299,34,320,42
6973,99,29,89,17
6974,492,164,479,177
6975,475,119,480,127
6976,27,444,35,432
6977,391,117,379,124
6978,41,21,44,20
6979,542,94,511,73
6981,227,26,194,40
6982,69,1746,85,1695
6984,172,28,158,32
6985,116,42,122,44
6986,56,15,43,15
6987,447,80,416,72
6989,222,46,212,35
6990,129,30,135,32
6991,1128,431,1093,411
6992,101,24,89,25
6994,87,398,88,460
6995,437,114,424,102
6996,198,140,212,188
6997,91,1080,99,1106
6998,156,23,135,28
6999,326,47,328,57
7000,627,111,640,148
7001,90,13,81,11
7002,211,39,215,39
7003,181,99,206,78
7004,21,2413,14,2436
7006,83,24,64,25
7007,356,88,372,84
7008,115,26,110,22
7009,169,47,169,61
7010,9,2806,14,2856
7011,351,63,298,72
7012,137,151,146,121
7013,168,1981,152,1964
7014,539,163,546,168
7015,1077,558,1124,512
7016,266,168,264,194
7017,212,848,206,891
7018,316,35,309,45
7019,178,30,169,29
7020,60,15,60,13
7021,143,30,151,37
7022,203,63,193,71
7023,82,374,86,401
7024,277,71,261,82
7025,275,77,287,51
7026,305,2280,281,2364
7027,11,42,9,37
7028,130,29,129,23
7029,207,37,183,39
7030,188,64,192,62
7031,270,148,291,106
7032,46,401,63,423
7033,7,26,9,30
7034,38,20,33,11
7035,226,47,237,57
7036,11,55,19,68
7037,277,35,263,36
7038,307,339,295,328
7039,366,120,324,123
7040,528,111,546,125
7041,94,1056,71,1067
7042,2,4043,1,3924
7043,329,115,326,100
7044,263,62,255,54
7045,62,20,80,17
7046,29,2,36,6
7047,270,2700,257,2618
7048,0,54,0,40
7049,538,241,522,228
7050,281,75,271,70
7051,268,167,308,172
7052,84,103,87,115
7053,6,37,2,35
7054,639,163,677,170
7055,17,107,16,130
7056,6,2226,10,2141
7057,205,103,177,94
7058,6,187,8,203
7059,129,37,133,40
7060,217,84,228,67
7062,284,71,281,60
7063,123,32,119,36
7064,86,34,80,31
7065,1,306,1,314
7066,108,2746,124,2740
7067,862,215,876,215
7068,37,10,41,13
7069,62,20,67,20
7070,319,64,352,46
7071,509,145,486,120
7072,234,47,218,45
7073,98,427,79,362
7074,39,13,35,4
7077,675,137,704,123
7078,230,84,235,84
7079,261,71,262,74
7080,37,586,46,617
7081,76,428,77,384
7082,4,924,5,945
7083,169,36,166,29
7084,216,112,246,121
7085,98,36,113,27
7086,0,4,0,6
7087,76,32,93,38
7088,174,15,167,11
7089,277,51,278,49
7090,60,822,63,814
7091,397,507,405,519
7092,372,212,343,240
7094,913,228,875,218
7095,117,41,114,47
7096,429,86,460,92
7097,653,116,709,125
7098,24,253,24,242
7099,426,84,396,105
7100,115,3710,142,3723
7101,144,550,129,496
7102,270,137,257,118
7103,679,104,663,112
7104,120,24,106,24
7105,366,91,363,100
7106,3,6,1,1
7107,460,113,487,103
7108,180,41,153,49
7109,63,260,70,313
7110,176,39,190,41
7111,299,109,318,95
7112,0,603,0,594
7113,755,220,763,221
7114,28,186,31,213
7115,227,105,246,76
7116,508,113,527,112
7117,27,5,39,3
7118,4,2861,7,2884
7119,637,137,653,129
7120,18,165,20,150
7121,8,240,13,256
7122,71,962,86,1018
7123,175,49,182,49
7124,237,37,217,40
7125,318,47,357,68
7126,24,660,30,663
7128,583,231,617,237
7130,256,51,254,66
7131,252,1242,258,1244
7132,394,93,389,87
7133,180,103,164,83
7134,152,26,176,26
7135,95,1670,80,1485
7136,28,152,18,151
7137,10,62,5,67
7138,90,15,82,17
7139,177,34,168,44
7140,89,21,84,24
7141,146,23,173,33
7142,133,41,153,36
7143,220,57,240,53
7144,166,150,160,136
7145,28,10,46,13
7146,159,42,173,41
7147,622,197,594,191
7148,854,215,842,219
7149,493,143,497,168
7150,39,7,42,6
7151,635,199,679,220
7152,1567,439,1559,428
7153,337,1613,294,1599
7154,312,111,347,108
7155,1068,192,1004,211
7156,641,143,684,152
7157,631,152,607,161
7158,86,11,113,11
7159,107,11,94,13
7160,367,194,344,161
7161,10,130,18,126
7162,691,178,641,181
7163,248,93,266,90
7165,22,7,31,4
7166,516,98,521,98
7167,470,776,462,781
7168,343,107,343,100
7169,19,6,11,4
7170,146,1224,140,1194
7171,68,9,67,10
7172,137,881,131,931
7173,764,171,758,160
7174,18,106,27,106
7175,22,2237,25,2296
7176,88,8,64,6
7177,464,110,464,102
7178,550,192,572,189
7179,256,50,257,45
7180,300,49,305,49
7181,190,156,186,158
7182,328,998,326,999
7183,432,93,422,79
7184,15,1834,15,1929
7185,75,405,66,394
7186,313,116,302,126
7187,417,173,426,136
7188,116,1133,102,1068
7189,181,32,163,35
7190,410,65,378,75
7191,18,220,23,215
7192,218,38,217,52
7193,59,11,65,12
7194,62,21,71,18
7195,484,97,494,89
7196,257,149,297,117
7197,436,88,399,96
7198,240,59,251,70
7199,325,92,330,65
7200,102,25,102,39
7201,215,3086,215,3093
7202,274,57,281,65
7203,157,164,156,176
7204,269,1167,239,1124
7205,192,46,211,63
7207,49,36,45,33
7208,340,80,392,124
7209,165,43,156,55
7210,235,94,288,99
7211,1,850,4,830
7212,21,19,18,14
7213,5,978,4,915
7214,234,65,238,66
7215,123,32,129,18
7216,212,74,198,70
7217,4,10,4,6
7218,14,198,18,170
7219,202,1301,226,1446
7220,161,46,183,61
7221,668,220,694,187
7222,14,154,22,183
7223,130,398,98,358
7224,255,53,246,73
7225,1143,221,1188,211
7226,67,142,64,134
7228,155,58,168,49
7229,318,82,338,115
7230,244,75,265,67
7231,263,57,255,68
7232,212,157,200,182
7233,299,416,287,376
7234,415,110,426,96
7235,317,33,301,48
7236,749,3603,802,3728
7237,410,95,383,81
7238,280,76,257,74
7239,62,24,65,19
7240,23,35,16,36
7241,88,369,91,436
7242,156,31,161,34
7243,532,93,528,99
7244,114,1010,123,1007
7245,877,176,864,210
7246,48,284,44,282
7247,10,32,9,44
7248,742,642,758,584
7249,250,81,247,66
7250,415,405,399,367
7251,374,143,380,130
7252,281,66,291,80
7253,281,44,308,50
7254,509,106,491,101
7255,160,25,139,41
7256,133,422,132,442
7257,286,181,281,177
7258,130,25,94,20
7259,291,126,283,128
7260,7,2,4,0
7261,163,379,191,372
7262,214,53,188,65
7263,293,110,304,99
7264,35,899,39,876
7265,157,44,142,30
7266,260,91,272,70
7267,57,486,69,494
7268,286,66,282,58
7269,69,28,72,18
7270,1352,367,1346,433
7271,101,16,96,16
7272,7,1957,3,1948
7273,65,17,67,21
7274,175,26,149,27
7275,214,85,201,93
7276,153,29,170,38
7277,849,213,852,193
7278,24,9,18,6
7279,36,869,38,921
7280,520,527,548,547
7281,235,96,246,88
7282,11,14,15,15
7283,344,134,412,122
7284,259,75,289,82
7285,105,2744,83,2644
7286,145,52,158,53
7287,232,57,215,63
7288,309,67,319,92
7289,228,46,223,46
7290,232,441,245,432
7291,266,75,283,93
7292,244,66,271,64
7293,0,24,0,29
7294,64,1414,70,1395
7296,3,1759,9,1878
7298,277,75,268,86
7299,143,43,140,52
7300,191,37,177,40
7301,102,93,112,102
7302,499,99,488,102
7303,280,131,293,112
7304,206,51,197,59
7305,7,8,8,3
7306,17,111,6,91
7307,76,20,69,23
7308,386,133,385,132
7309,254,65,228,66
7310,265,67,259,72
7311,183,30,178,32
7312,241,66,241,67
7313,270,56,317,46
7314,2,18,4,23
7315,758,188,809,212
7316,1377,257,1341,243
7317,268,1040,278,1091
7318,729,3140,708,3070
7319,88,344,81,336
7320,112,26,133,42
7321,97,16,99,13
7322,318,58,328,45
7323,191,50,193,60
7324,512,88,541,86
7325,40,184,46,195
7326,17,1,21,8
7327,190,40,187,29
7328,104,34,98,35
7329,96,27,121,24
7330,761,154,785,171
7331,78,249,75,288
7332,154,938,162,1013
7333,445,90,414,85
7334,79,18,52,18
7335,129,102,127,89
7336,0,150,0,169
7338,214,33,198,44
7339,125,39,138,41
7340,1000,257,991,296
7341,485,134,467,115
7342,718,944,724,966
7343,153,36,165,44
7344,499,149,502,162
7345,272,62,269,50
7346,77,33,86,27
7347,351,1213,362,1254
7348,313,82,272,83
7349,753,237,771,205
7350,274,107,302,110
7351,83,594,68,527
7352,7,1902,4,1941
7353,369,66,352,61
7354,282,71,251,71
7355,542,310,542,333
7356,717,206,713,201
7357,128,47,111,61
7358,51,73,55,82
7359,245,75,240,79
7360,706,144,675,156
7361,175,993,159,956
7362,170,120,175,105
7363,85,16,72,24
7364,641,131,686,154
7365,117,31,107,26
7366,283,495,283,491
7367,453,80,437,74
7368,241,109,231,84
7369,4922,2736,4922,2660
7370,659,296,663,257
7371,288,1574,286,1567
7372,316,85,325,78
7373,160,66,125,71
7374,293,149,322,94
7375,346,68,356,69
7377,11,41,14,46
7378,108,22,124,33
7379,3,16,1,20
7380,137,468,109,442
7381,131,37,127,23
7382,152,35,133,39
7383,178,48,168,60
7384,455,63,442,74
7385,150,257,151,258
7386,227,30,204,45
7387,47,1101,34,1067
7388,171,26,154,30
7389,430,79,457,101
7390,8,82,15,108
7392,276,182,270,225
7393,382,91,395,72
7394,122,44,112,43
7395,185,48,186,76
7396,96,170,106,141
7397,351,136,381,135
7398,179,37,164,33
7399,191,51,184,52
7400,404,71,414,74
7401,164,43,138,39
7402,188,73,183,58
7403,41,20,41,17
7404,262,57,224,65
7405,189,43,172,31
7406,101,22,104,17
7407,250,76,241,61
7408,656,136,650,126
7409,2,374,3,409
7410,457,96,430,112
7411,521,108,482,129
7412,755,161,727,184
7413,24,2144,19,2041
7414,1246,467,1198,410
7415,9,160,7,160
7416,800,178,810,174
7417,608,150,625,175
7418,260,57,263,66
7419,657,128,635,105
7420,7,0,4,0
7421,41,133,39,150
7422,72,42,78,25
7423,49,945,54,898
7424,402,83,416,77
7425,188,29,174,27
7426,39,17,43,13
7427,8,49,6,47
7428,235,56,222,67
7429,98,2044,103,2162
7430,229,74,227,87
7431,181,30,216,35
7432,146,340,141,322
7433,61,12,51,11
7434,310,87,338,111
7435,464,135,451,139
7436,341,1343,306,1363
7437,27,92,26,86
7438,1171,930,1173,970
7439,136,17,126,16
7440,67,575,59,609
7441,99,1138,79,1143
7442,64,63,70,56
7443,249,33,235,42
7444,34,362,40,334
7445,51,421,56,402
7446,257,1091,250,1058
7447,40,670,41,692
7448,761,506,708,475
7449,350,242,355,247
7450,94,13,103,14
7451,1,41,3,40
7452,206,226,214,202
7453,549,162,573,131
7454,337,82,345,85
7455,69,25,51,25
7456,278,1089,250,1126
7457,41,615,48,634
7458,180,33,172,38
7459,10,10,7,6
7460,185,34,163,32
7461,152,48,143,64
7462,453,201,465,187
7463,510,78,522,99
7464,105,23,116,32
7466,1304,214,1337,222
7468,17,389,24,411
7469,88,22,85,29
7470,212,33,199,21
7471,37,136,52,126
7472,526,90,542,107
7473,145,38,150,34
7474,772,0,797,11
7475,55,393,49,385
7476,232,75,247,89
7477,50,12,42,6
7478,6,8,6,17
7479,247,35,226,36
7480,36,696,45,692
7481,147,27,158,34
7482,69,33,66,42
7483,552,153,561,158
7484,1,4,1,5
7485,48,20,42,10
7486,61,283,50,284
7487,113,698,125,680
7489,93,14,82,21
7490,420,1818,410,1787
7491,56,284,68,336
7492,163,95,150,68
7493,1064,199,1078,197
7494,208,76,198,74
7495,475,122,497,137
7496,395,48,421,64
7497,10,49,9,42
7498,303,78,307,83
7499,580,202,584,217
7500,82,26,81,29
7501,136,71,124,64
7502,155,57,161,39
7503,154,29,147,30
7504,643,101,606,107
7505,974,329,954,316
7506,67,432,64,443
7507,3512,914,3589,866
7508,1339,287,1305,299
7509,151,13,146,28
7510,262,43,276,54
7511,96,77,85,73
7512,1121,264,1079,256
7513,173,100,165,84
7514,1510,493,1501,483
7515,301,95,324,109
7516,774,249,729,237
7517,390,709,319,759
7518,4,10,8,18
7519,147,49,140,45
7520,2007,490,2026,534
7521,159,43,180,41
7522,345,94,351,101
7523,241,58,227,62
7524,61,282,66,279
7525,228,64,201,68
7526,137,98,125,139
7527,4598,3080,4689,3163
7528,2,3,2,6
7529,358,79,369,95
7530,186,75,198,65
7531,262,74,259,66
7532,14,132,24,159
7533,188,1031,202,1007
7535,91,34,102,35
7536,446,106,412,97
7537,354,143,364,127
7538,307,42,292,57
7539,328,66,319,68
7540,44,429,35,447
7541,235,83,248,64
7543,144,1410,115,1347
7544,295,58,298,68
7545,167,796,198,795
7546,369,68,361,79
7547,334,53,304,56
7548,420,433,463,429
7549,343,540,354,512
7550,8,144,8,123
7551,43,398,45,402
7552,17,124,13,142
7553,12,2,12,3
7554,27,13,28,12
7555,0,76,0,72
7556,1368,395,1363,362
7557,12,31,12,35
7559,514,169,478,163
7560,152,24,165,24
7561,39,227,40,234
7563,124,29,132,32
7565,917,226,885,211
7566,190,63,180,54
7567,771,165,748,199
7568,133,47,149,51
7569,464,850,469,905
7570,201,873,208,803
7571,262,67,241,61
7572,2,13,1,10
7573,774,241,785,207
7574,315,51,297,79
7575,327,57,318,90
7576,609,181,570,141
7577,553,54,558,73
7578,430,186,437,183
7579,31,890,41,930
7580,188,90,215,90
7581,400,53,434,69
7582,17,238,28,247
7583,141,25,133,46
7584,332,108,360,109
7585,69,12,80,17
7586,326,111,314,104
7587,163,67,182,54
7589,138,44,144,39
7590,1347,382,1340,383
7591,0,1,0,3
7592,63,22,53,25
7593,931,245,976,267
7594,89,410,95,436
7595,63,15,56,20
7596,1562,2225,1514,2190
7597,322,59,320,73
7598,4,39,2,48
7599,289,84,279,90
7600,23,4,26,7
7601,1,32,2,36
7602,1,13,0,4
7603,334,72,371,61
7604,601,105,563,113
7605,45,17,34,22
7606,53,34,53,28
7607,1666,506,1612,512
7608,684,143,684,173
7610,28,225,17,234
7611,227,82,240,74
7612,7,1,15,2
7613,213,32,208,46
7614,78,6,70,15
7615,251,54,239,50
7616,338,6601,307,6693
7617,333,1461,316,1528
7618,29,639,37,725
7619,157,92,184,115
7621,46,125,33,119
7622,359,147,379,138
7623,265,61,252,84
7624,73,37,81,18
7625,200,70,207,84
7626,384,97,377,77
7627,162,156,160,149
7628,122,27,128,21
7629,119,37,120,33
7630,352,51,309,68
7631,30,123,37,122
7632,32,332,22,301
7633,351,149,326,127
7634,238,77,244,67
7635,227,1855,228,1827
7636,391,2427,378,2343
7637,154,33,133,34
7638,213,48,214,36
7639,84,24,96,20
7640,114,54,109,41
7641,68,25,74,13
7642,223,58,212,40
7643,503,1448,507,1481
7645,0,1032,5,1043
7646,151,541,164,536
7648,495,112,495,88
7649,80,43,103,39
7650,410,111,406,99
7651,160,28,173,28
7652,498,132,492,157
7653,208,306,219,263
7654,299,96,282,105
7655,268,78,295,85
7656,107,39,124,46
7657,73,15,59,19
7658,334,52,288,54
7659,411,111,465,97
7660,415,80,372,78
7661,127,705,108,709
7662,493,106,524,110
7664,277,176,275,192
7665,213,53,206,59
7666,81,41,99,47
7667,212,35,214,38
7669,93,27,82,21
7670,88,94,69,94
7671,76,14,89,10
7672,160,56,162,43
7673,288,67,258,66
7674,230,49,223,56
7675,15,5,17,11
7676,538,149,506,142
7677,481,157,495,134
7678,34,132,50,128
7679,327,113,307,73
7680,1055,218,1027,184
7681,241,61,232,42
7682,120,160,112,166
7683,47,20,47,17
7684,71,35,77,27
7685,613,193,640,210
7686,20,147,12,131
7687,872,333,881,354
7688,745,155,711,161
7689,98,21,101,32
7690,284,1201,283,1159
7691,21,192,27,205
7692,382,214,370,199
7693,157,128,167,136
7694,358,81,335,82
7695,97,70,89,86
7696,29,343,38,361
7697,515,144,493,153
7698,297,70,321,69
7699,460,439,414,439
7700,213,56,244,60
7701,270,262,267,249
7702,218,76,205,71
7703,312,104,331,104
7704,257,69,262,49
7705,855,167,814,182
7706,13,430,23,437
7707,107,32,114,19
7709,377,83,375,78
7710,642,172,613,152
7711,467,131,448,139
7712,102,16,109,41
7713,172,49,184,60
7714,764,566,739,588
7715,332,10279,382,10450
7716,2,45,8,40
7717,0,183,0,155
7718,75,26,88,26
7719,211,65,224,57
7720,257,64,251,61
7721,899,193,911,167
7722,196,34,194,73
7723,133,55,134,60
7724,246,65,248,65
7725,268,58,268,73
7726,349,75,349,90
7727,4,9,2,12
7728,178,56,176,72
7729,380,62,378,58
7730,199,36,202,37
7731,354,85,373,81
7732,230,66,247,75
7733,138,19,122,26
7734,461,65,451,83
7735,256,39,248,42
7736,383,131,427,121
7737,139,22,172,24
7738,148,51,149,73
7739,136,42,155,42
7740,170,116,187,143
7741,388,55,395,59
7742,315,164,337,160
7743,47,100,58,129
7744,398,109,417,104
7746,187,329,173,327
7747,181,131,186,111
7748,235,59,251,51
7749,65,37,74,32
7750,382,304,353,334
7751,550,106,569,118
7752,149,44,135,34
7753,301,1176,299,1175
7754,88,22,104,25
7755,244,92,232,86
7756,96,1088,111,1075
7757,1704,820,1745,804
7758,119,32,118,32
7759,20,176,26,203
7760,212,98,241,95
7761,1234,288,1246,288
7762,350,136,313,145
7763,311,73,334,60
7764,0,3,0,4
7765,629,3036,636,2990
7766,0,1463,6,1417
7767,186,1320,182,1413
7768,412,90,453,82
7769,149,12,162,15
7771,113,53,126,30
7772,431,111,406,89
7773,566,205,553,237
7774,427,128,414,124
7775,514,238,521,270
7777,165,54,143,47
7778,9,121,16,109
7779,196,674,181,605
7780,166,35,146,43
7781,152,4711,154,4749
7782,534,119,554,132
7783,217,118,205,89
7784,378,139,399,139
7785,22,249,30,268
7786,150,29,163,38
7787,1031,577,1035,563
7788,726,236,730,220
7789,815,84,844,78
7790,212,349,182,331
7791,184,23,200,26
7792,399,90,384,81
7793,269,43,238,45
7794,145,24,131,22
7795,384,73,426,85
7797,168,87,153,92
7798,433,111,428,115
7799,125,49,112,61
7800,321,73,319,69
7801,279,67,288,85
7802,26,992,17,903
7803,222,998,210,988
7804,568,133,572,106
7805,324,53,294,63
7806,142,44,166,61
7807,151,40,162,44
7808,240,56,241,65
7809,3,102,1,90
7810,225,142,218,116
7811,355,170,361,178
7812,489,174,475,178
7813,1,9,1,4
7814,265,68,259,75
7815,335,70,381,92
7816,286,100,318,100
7817,399,110,426,125
7818,106,26,116,19
7819,316,1764,289,1769
7820,252,59,282,62
7821,338,582,341,578
7822,75,27,64,21
7823,4,2492,2,2438
7824,123,739,138,758
7825,238,63,254,57
7826,561,186,600,208
7827,126,30,109,30
7828,230,58,221,76
7829,36,177,55,181
7830,56,632,50,579
7831,189,33,187,52
7832,123,29,111,45
7833,71,0,70,0
7834,520,125,509,129
7835,187,57,162,78
7836,429,109,411,93
7837,17,592,16,576
7838,210,49,182,39
7839,47,5,50,4
7840,42,4166,29,4332
7841,265,45,242,55
7842,242,65,239,57
7843,221,74,219,100
7844,201,53,202,56
7845,43,54,43,59
7846,339,6121,371,6088
7847,143,47,123,34
7848,390,857,381,897
7849,62,346,67,362
7850,189,1501,186,1437
7851,77,17,73,11
7852,110,67,112,23
7853,269,47,232,52
7854,448,90,405,104
7855,798,255,782,217
7856,36,313,61,275
7857,225,45,218,44
7858,222,44,242,58
7859,223,79,227,62
7860,328,73,307,75
7861,47,15,55,14
7862,475,128,482,140
7863,27,340,34,266
7864,1,16,2,21
7865,362,91,368,92
7866,190,30,195,44
7867,517,246,530,242
7868,268,1199,255,1221
7869,325,122,327,128
7870,389,84,368,105
7871,83,385,82,345
7872,264,62,267,62
7873,460,113,501,115
7874,194,47,198,44
7875,201,47,213,40
7876,387,84,366,75
7877,235,1664,222,1729
7878,336,113,332,103
7879,222,62,213,59
7880,123,36,129,26
7881,85,25,79,25
7882,149,45,156,55
7883,6169,601,6197,651
7884,199,40,200,42
7885,77,318,88,318
7886,83,33,72,34
7887,313,1701,324,1726
7888,282,109,248,85
7889,273,81,274,82
7890,376,896,355,964
7891,16,36,13,30
7892,488,3068,501,3207
7893,298,56,318,65
7894,1124,383,1107,395
7895,202,20,218,28
7896,165,31,161,46
7897,875,340,909,373
7898,113,37,99,35
7899,23,130,35,139
7900,330,51,312,56
7901,235,45,216,35
7902,50,31,50,38
7903,231,56,230,54
7904,433,100,418,123
7905,13,133,13,145
7906,37,183,46,169
7907,14,2997,15,3294
7908,624,148,600,139
7909,622,243,591,270
7911,491,101,486,99
7912,9,2610,7,2558
7913,715,156,708,168
7914,325,92,331,84
7915,128,35,125,41
7916,259,91,283,80
7917,362,49,388,45
7918,86,57,79,57
7919,348,66,340,72
7920,111,16,85,13
7921,205,46,186,50
7922,89,32,85,35
7923,1084,236,1003,199
7924,262,51,245,56
7925,305,76,270,57
7926,154,3851,156,3873
7927,504,271,515,272
7929,275,53,281,67
7930,22,215,12,186
7931,728,145,772,148
7932,43,18,45,12
7933,206,70,200,59
7934,25,203,26,211
7935,111,32,98,34
7936,65,13,78,19
7937,265,1866,248,1925
7938,65,10,55,9
7939,51,310,49,295
7940,31,734,24,729
7941,1060,243,1097,263
7942,106,57,127,68
7943,237,59,216,82
7944,1063,287,1052,300
7945,319,75,318,78
7946,172,59,171,36
7947,1617,449,1604,425
7948,558,158,565,117
7949,217,57,225,58
7950,302,74,294,56
7951,112,341,123,376
7952,68,1240,78,1202
7953,55,14,62,8
7955,183,75,171,63
7956,1,1478,1,1481
7957,86,29,100,29
7958,574,93,569,82
7959,25,422,37,418
7960,9,47,5,38
7961,445,94,441,99
7962,1590,551,1586,580
7963,256,31,279,47
7965,20,448,13,453
7966,146,34,133,39
7967,123,739,129,746
7968,357,81,365,90
7969,771,185,790,171
7970,38,14,38,15
7971,270,76,291,71
7973,334,74,359,55
7974,395,150,369,166
7975,17,140,19,135
7976,216,31,191,29
7977,334,437,323,476
7978,214,53,215,44
7979,232,380,245,333
7980,852,1152,894,1194
7981,291,74,311,74
7982,205,99,196,115
7983,355,88,310,61
7984,97,2809,92,2831
7986,278,106,288,113
7987,271,89,252,68
7988,112,95,120,84
7989,1,423,2,408
7990,828,187,885,187
7991,909,134,872,135
7992,18,254,10,244
7993,126,83,140,77
7994,102,37,105,48
7995,29,11,35,13
7996,153,26,149,28
7997,187,41,178,32
7998,131,503,133,514
7999,0,111,0,122
8000,307,95,268,97
8002,164,38,161,36
8003,147,33,160,44
8004,191,47,160,34
8005,121,78,118,86
8006,95,19,96,28
8007,57,39,60,32
8008,7,2,8,1
8009,448,129,445,150
8010,295,65,285,53
8011,250,82,275,65
8012,375,100,412,115
8013,211,80,182,83
8014,432,92,443,90
8015,644,272,622,253
8016,617,128,662,141
8017,118,21,124,27
8018,110,781,125,786
8019,285,75,282,70
8020,32,1970,29,1976
8022,68,233,55,213
8023,250,41,237,39
8024,352,82,352,98
8025,62,4,44,7
8026,523,96,500,126
8027,203,75,196,86
8028,167,61,159,61
8029,168,81,168,57
8030,3,904,2,937
8031,193,92,209,80
8032,233,64,229,66
8033,42,7,54,19
8034,533,129,548,103
8035,44,495,40,453
8036,530,188,564,190
8037,257,80,284,101
8038,192,1297,169,1297
8039,9,2631,7,2658
8040,1,3,0,9
8041,199,42,214,65
8042,11,99,22,108
8043,69,14,76,14
8044,51,20,48,25
8045,2,11,3,12
8046,561,119,545,177
8047,126,15,116,23
8048,153,69,187,56
8049,307,100,274,88
8050,181,58,163,53
8051,227,75,227,73
8052,412,90,411,85
8054,40,15,34,11
8055,52,178,76,228
8056,52,25,48,24
8057,320,71,342,57
8058,349,73,312,81
8059,441,935,417,946
8060,219,139,239,142
8061,14,220,12,181
8062,141,24,151,22
8063,143,45,163,30
8064,257,440,264,425
8065,197,45,205,52
8066,132,1795,118,1924
8067,317,103,324,90
8068,196,54,219,40
8069,61,363,43,353
8070,278,1384,281,1381
8071,140,37,127,33
8072,454,157,465,144
8073,1787,493,1775,476
8074,776,775,775,783
8075,74,835,89,906
8076,10,3275,14,3333
8077,389,81,358,88
8078,228,64,210,51
8079,884,283,941,288
8080,141,50,126,45
8081,669,385,656,334
8082,274,260,276,277
8083,245,37,244,39
8084,198,62,228,52
8085,62,8,59,19
8086,106,603,100,570
8087,575,103,574,105
8088,523,377,504,366
8089,212,38,215,37
8090,450,99,449,84
8091,377,1558,341,1568
8092,236,99,222,85
8093,314,64,295,49
8094,524,194,543,178
8095,86,5264,93,5228
8096,142,26,149,42
8097,163,40,168,51
8098,410,130,431,137
8099,50,1832,68,1807
8100,20,108,24,118
8101,69,1376,80,1341
8102,148,24,130,36
8103,47,19,61,21
8104,353,82,333,62
8105,138,105,138,141
8106,14,366,10,328
8107,474,93,496,82
8109,0,1,0,2
8110,262,34,268,25
8111,589,266,518,213
8112,20,5,42,4
8113,185,30,187,43
8114,28,87,44,73
8115,226,70,240,100
8116,356,64,347,67
8117,110,1273,101,1215
8118,514,138,522,145
8119,134,34,111,33
8121,108,119,91,132
8122,243,81,233,78
8123,146,24,149,56
8124,24,776,20,852
8125,140,29,139,31
8126,42,12,33,10
8127,71,798,68,806
8128,82,21,77,23
8129,659,315,644,323
8130,267,53,270,64
8131,254,80,268,88
8132,125,591,116,582
8133,55,382,39,413
8134,631,216,640,222
8135,990,204,966,223
8136,1069,769,947,739
8137,114,166,92,180
8138,343,1296,340,1304
8139,104,19,112,23
8140,339,94,330,88
8141,131,29,127,30
8142,31,59,33,76
8143,141,31,148,31
8144,856,235,840,199
8145,282,78,270,57
8146,283,71,258,79
8147,267,60,289,64
8148,663,2065,693,2078
8149,299,88,311,89
8150,5,26,5,34
8151,13,56,12,65
8152,444,71,436,70
8153,10,0,19,0
8154,239,58,214,49
8155,452,807,409,948
8156,242,62,231,40
8157,691,297,726,302
8158,2,54,5,76
8159,320,71,342,55
8160,217,72,244,69
8161,44,568,62,549
8162,1420,3710,1447,3825
8163,299,170,274,185
8164,652,175,661,148
8165,309,44,298,48
8166,377,105,424,95
8167,24,305,30,326
8168,505,103,496,99
8169,448,111,433,121
8170,420,97,423,110
8171,213,76,216,85
8172,141,102,133,100
8173,20,478,11,472
8174,44,726,61,802
8175,105,16,94,15
8176,13,186,12,159
8177,170,119,150,136
8178,147,26,137,28
8179,11,71,7,54
8180,106,37,100,31
8181,999,221,1099,223
8182,119,179,116,223
8183,33,12,34,25
8184,373,56,369,60
8186,221,1159,227,1220
8187,17,20,17,20
8188,43,1183,44,1179
8189,680,138,675,141
8190,272,54,291,58
8191,125,94,122,98
8192,373,83,355,66
8193,215,50,199,58
8194,476,140,472,117
8195,17,70,14,81
8196,242,44,233,38
8197,190,57,184,59
8198,128,34,103,32
8199,70,261,62,188
8200,490,73,464,74
8201,736,257,741,260
8202,8,208,5,190
8203,226,66,197,70
8204,166,33,178,42
8205,78,25,67,8
8206,957,997,981,999
8207,212,38,214,34
8208,114,30,105,23
8209,399,89,411,96
8210,136,31,140,34
8211,0,144,0,128
8212,38,885,30,943
8213,515,190,467,176
8214,125,28,136,29
8215,451,86,435,69
8216,9,108,13,116
8217,1,5,7,3
8218,761,126,743,90
8219,271,61,286,63
8220,19,356,11,342
8221,280,82,283,84
8222,526,314,464,289
8223,286,81,271,100
8224,213,1011,192,1018
8225,375,2537,326,2505
8226,23,45,13,36
8227,89,12,99,18
8228,297,591,266,594
8229,195,32,194,24
8230,129,32,125,28
8231,37,60,50,63
8232,373,62,373,87
8233,175,31,170,34
8234,95,2123,104,2101
8235,62,403,59,432
8236,107,647,100,603
8237,44,10,45,9
8238,4,37,12,44
8239,19,7,12,11
8240,3,31,0,18
8241,207,268,216,297
8242,580,137,560,105
8243,6,99,6,106
8244,6,3285,7,3182
8245,11,2637,7,2612
8246,117,38,98,28
8247,403,961,376,896
8248,562,123,508,105
8249,43,1083,41,1108
8250,498,70,483,86
8251,132,94,126,95
8252,335,289,287,283
8253,157,29,157,20
8254,194,113,187,132
8255,269,42,272,50
8256,83,18,80,26
8257,362,128,325,104
8258,161,36,154,39
8259,607,171,655,192
8260,189,631,190,627
8261,176,52,190,65
8262,241,80,235,86
8263,959,1447,972,1358
8264,18,12,15,15
8265,129,968,106,997
8266,191,4796,211,4754
8267,374,94,344,118
8268,37,22,28,17
8269,11,412,5,381
8270,10,68,8,64
8271,148,676,164,755
8273,176,62,180,53
8274,125,48,111,46
8275,228,343,223,371
8276,704,217,667,230
8277,62,7,78,15
8278,629,1323,660,1264
8279,288,82,295,88
8280,47,8,48,7
8281,106,893,102,836
8282,3,2,2,4
8283,0,111,0,129
8284,10,91,20,97
8285,353,1342,346,1334
8286,50,367,42,346
8287,592,760,597,766
8290,517,148,505,142
8291,294,52,277,42
8292,153,35,143,49
8293,247,59,244,39
8294,0,74,0,63
8295,112,3186,129,3231
8296,266,70,290,70
8298,666,85,736,76
8299,274,58,244,70
8300,202,1160,199,1173
8301,6,431,1,417
8302,165,1168,159,1202
8303,411,107,397,111
8304,95,154,120,187
8305,309,111,321,141
8306,134,31,126,39
8307,116,22,116,25
8308,290,71,244,64
8309,185,23,222,33
8310,15,56,16,46
8311,251,988,232,1018
8312,373,87,331,69
8313,188,324,183,319
8314,519,394,524,431
8315,102,133,121,117
8316,210,35,225,55
8317,29,12,22,19
8318,297,253,305,252
8319,113,27,115,24
8320,424,135,426,136
8321,441,61,437,51
8322,5,1206,3,1311
8323,16,137,16,126
8324,777,158,805,150
8325,258,80,263,67
8326,556,216,564,201
8328,675,544,651,504
8329,141,46,155,59
8330,133,37,143,32
8331,464,79,408,91
8332,136,44,112,37
8333,91,15,74,17
8334,408,130,443,128
8335,253,211,235,169
8336,162,43,132,44
8337,248,27,214,54
8338,31,2,28,4
8339,54,26,54,23
8340,372,150,371,126
8341,290,65,294,73
8342,149,54,158,64
8344,338,82,303,60
8345,13,35,9,36
8346,77,66,68,47
8347,405,99,404,97
8348,107,1224,91,1171
8349,414,2025,417,1972
8350,65,844,89,917
8351,203,35,216,40
8352,162,59,157,49
8353,35,166,17,165
8354,905,271,901,267
8355,680,142,724,145
8356,218,65,240,72
8357,476,134,440,112
8358,156,25,141,15
8359,160,58,131,46
8361,225,61,216,60
8362,48,369,33,402
8363,190,26,181,33
8364,517,768,560,760
8365,174,39,174,26
8366,238,50,251,31
8367,553,133,548,108
8368,903,183,930,209
8369,271,81,251,71
8370,141,35,155,24
8371,49,19,67,15
8372,51,1256,57,1303
8373,109,33,94,33
8374,245,218,239,224
8376,293,68,308,69
8377,463,146,449,158
8378,341,99,379,117
8379,27,660,30,665
8380,3,109,0,98
8381,459,129,471,104
8383,5,27,9,42
8384,424,89,461,103
8385,348,75,366,73
8386,303,645,301,597
8387,280,2138,329,2251
8388,86,1274,76,1338
8389,995,215,934,186
8390,476,98,467,96
8391,143,173,166,207
8392,424,105,412,75
8393,7,2093,9,2176
8394,1,1,0,0
8395,1003,240,998,219
8396,195,43,195,59
8398,8,1295,4,1180
8399,1,5,0,4
8400,209,56,223,63
8401,822,229,766,213
8402,44,11,32,12
8403,84,19,75,16
8404,3,422,6,445
8405,50,217,56,247
8406,373,1960,377,2037
8407,39,82,35,100
8408,209,54,230,73
8409,8,69,6,76
8410,204,31,213,37
8411,387,81,356,71
8412,370,118,378,135
8413,166,39,154,36
8414,194,78,153,69
8415,377,100,395,107
8416,391,70,343,61
8418,120,635,104,599
8419,488,120,475,114
8420,4,14,2,15
8421,164,42,181,40
8422,105,34,113,22
8423,5,917,3,877
8424,139,17,142,20
8425,9,106,7,81
8426,723,138,724,167
8427,5,1392,4,1377
8428,382,108,398,83
8429,0,293,0,288
8430,499,117,486,103
8431,634,132,639,110
8432,509,85,491,79
8433,315,93,309,121
8434,164,43,187,48
8435,204,85,186,78
8436,519,237,487,269
8437,191,1577,179,1520
8438,970,206,912,163
8440,431,147,462,145
8441,221,156,206,177
8442,157,62,164,33
8443,894,140,904,176
8444,33,139,28,125
8447,298,69,296,84
8448,301,313,301,328
8449,590,310,551,271
8450,222,92,207,83
8451,461,106,459,105
8453,534,88,484,93
8454,886,77,932,70
8455,23,93,15,80
8456,54,29,65,20
8457,271,58,276,56
8458,387,91,389,98
8459,391,1340,387,1308
8460,3,27,2,26
8461,358,87,367,98
8462,550,143,509,135
8463,392,518,363,557
8464,159,40,150,45
8465,203,48,187,53
8466,236,81,264,73
8467,86,29,67,8
8468,106,108,116,124
8469,144,41,149,34
8470,869,391,892,400
8471,51,78,58,57
8472,181,37,179,26
8473,109,796,124,761
8474,275,54,274,62
8475,5,36,8,28
8476,188,41,180,47
8477,215,71,199,89
8478,427,86,445,85
8479,129,2462,139,2455
8480,70,40,55,18
8481,995,362,1040,327
8482,75,15,67,20
8483,42,13,35,12
8484,123,21,124,17
8485,464,98,384,73
8486,233,39,231,36
8487,61,324,40,292
8488,197,25,176,32
8489,12,378,20,416
8490,350,96,355,87
8491,290,75,269,61
8492,701,1050,708,1061
8493,1120,315,1085,288
8494,63,13,82,13
8495,608,281,643,386
8496,0,3,4,8
8497,282,62,285,56
8498,179,29,183,26
8499,56,641,62,658
8500,251,44,259,31
8501,32,491,38,490
8502,134,22,137,29
8503,718,143,644,161
8504,261,1705,253,1591
8505,194,44,183,46
8506,267,45,238,58
8508,111,24,108,26
8509,44,26,44,26
8510,19,6,29,5
8511,485,172,486,183
8512,340,93,322,121
8513,283,203,275,209
8514,18,9,23,7
8516,12,2913,28,3021
8517,795,151,758,143
8518,354,102,372,96
8519,317,60,291,78
8520,138,15,151,20
8521,17,242,10,245
8522,76,2154,56,2140
8523,282,72,290,57
8524,802,579,763,543
8525,104,18,101,15
8526,111,3095,115,3242
8527,707,3597,679,3471
8528,241,90,233,57
8529,78,11,83,12
8530,309,43,287,57
8531,1,514,2,519
8532,112,28,119,34
8533,130,50,145,44
8534,150,547,135,554
8535,49,159,51,151
8536,16,3,8,1
8537,429,134,415,132
8538,379,81,359,109
8539,218,1138,246,1128
8540,40,70,37,55
8541,75,852,56,813
8542,17,921,21,937
8543,102,28,98,31
8544,300,78,329,90
8545,271,52,245,43
8546,118,888,97,896
8547,33,256,36,278
8548,47,684,52,689
8549,2,27,2,22
8550,114,11,115,17
8551,6,6136,11,6281
8552,65,13,65,15
8553,53,22,50,15
8554,38,8,40,15
8555,311,65,279,75
8556,907,226,948,230
8557,195,52,183,70
8558,80,270,94,273
8560,70,11,71,14
8561,200,45,163,44
8562,439,136,465,116
8563,162,60,162,75
8564,147,59,144,74
8566,187,41,190,53
8567,30,450,39,478
8568,79,242,51,242
8569,236,175,236,199
8571,309,78,304,88
8572,351,177,365,186
8573,1311,231,1285,245
8574,178,55,180,36
8575,297,52,302,59
8576,259,52,277,53
8577,200,46,200,30
8578,598,3922,615,4073
8579,571,916,542,954
8580,59,2163,58,2064
8581,144,758,152,779
8582,170,1700,188,1753
8583,238,61,218,42
8584,263,73,288,79
8585,4,0,4,1
8586,263,52,257,60
8587,175,60,178,73
8589,527,88,513,99
8590,132,37,131,43
8591,636,154,623,143
8592,186,292,180,263
8593,207,49,220,62
8594,174,51,150,33
8595,214,36,201,47
8596,263,109,252,136
8597,312,598,329,567
8598,389,82,389,74
8599,20,150,37,162
8600,43,21,46,11
8601,3,101,6,119
8602,293,57,298,59
8603,239,86,238,75
8604,398,117,384,122
8605,126,17,119,35
8606,240,64,253,45
8607,135,30,123,27
8608,912,191,967,204
8609,1052,4088,1021,3996
8610,130,1319,130,1393
8611,227,73,253,75
8612,386,177,418,182
8613,1524,378,1487,355
8614,260,172,263,183
8615,249,79,250,90
8616,202,150,213,158
8617,88,569,92,585
8618,312,89,342,79
8619,87,23,93,33
8620,259,47,277,43
8621,376,129,328,131
8622,3,0,3,1
8623,504,106,525,120
8624,468,244,448,287
8625,103,65,100,67
8626,300,87,264,82
8627,531,124,523,109
8628,16,2027,16,2043
8629,82,1950,76,1897
8630,448,134,393,110
8631,155,35,155,39
8632,1448,281,1406,294
8633,700,192,693,208
8634,82,428,89,475
8635,345,81,334,67
8636,470,203,469,167
8637,169,39,197,28
8638,910,310,891,285
8639,198,33,219,34
8640,715,130,669,154
8641,168,44,176,41
8642,227,67,216,58
8644,60,386,66,380
8645,408,74,368,98
8646,172,42,182,55
8647,166,32,146,39
8649,266,132,270,105
8650,187,56,207,61
8651,51,2890,47,3028
8652,164,35,158,36
8653,430,83,449,101
8654,72,18,86,9
8655,463,167,460,146
8656,159,154,159,155
8657,584,134,641,137
8658,560,76,570,86
8659,337,61,324,82
8660,253,47,254,62
8661,296,71,306,62
8662,270,66,275,85
8663,420,97,450,118
8664,191,66,182,45
8665,210,55,218,58
8666,117,23,121,35
8667,17,10,22,9
8668,133,24,153,16
8669,174,72,194,70
8670,97,154,120,144
8671,201,26,176,32
8672,114,33,112,42
8673,1,27,1,34
8674,159,39,170,42
8675,87,29,91,26
8677,109,41,108,28
8678,170,28,176,42
8679,18,180,26,196
8680,525,95,468,87
8682,103,28,107,29
8683,92,592,93,600
8684,167,185,190,176
8685,442,116,469,123
8686,183,37,200,45
8687,788,3246,767,3234
8688,54,1670,48,1575
8689,372,103,351,97
8690,2075,280,2050,363
8691,204,35,188,46
8693,486,84,469,92
8694,205,43,224,60
8695,279,65,307,61
8696,146,31,137,36
8697,153,42,146,36
8698,0,2,0,8
8699,744,202,776,210
8700,0,62,0,61
8701,210,46,200,40
8703,0,112,0,117
8704,1795,332,1829,297
8705,0,392,0,416
8706,441,89,402,76
8707,92,23,110,26
8708,58,10,58,15
8709,531,1824,510,1807
8710,431,94,488,108
8711,118,65,107,60
8712,286,58,256,52
8713,205,50,217,38
8714,380,64,366,79
8716,347,127,309,101
8717,546,103,531,110
8718,91,14,93,16
8720,180,13,181,25
8721,14,72,8,59
8722,515,94,512,95
8723,177,51,191,61
8724,461,69,447,79
8725,1007,154,1049,148
8726,1187,202,1073,202
8727,82,36,95,43
8729,10,66,4,55
8730,600,210,570,160
8731,26,91,15,72
8732,478,99,486,93
8733,206,40,186,33
8734,131,24,119,21
8735,1338,403,1338,421
8736,177,48,159,23
8737,273,91,322,102
8738,180,61,163,43
8739,34,182,42,181
8740,118,34,114,37
8741,86,325,75,369
8742,325,79,330,67
8743,6,3017,8,2883
8744,418,2158,386,2095
8745,36,121,54,142
8746,218,39,219,41
8747,18,142,15,105
8748,1033,209,914,201
8749,3,106,0,96
8750,471,3431,488,3475
8751,170,56,151,42
8752,498,127,481,117
8753,172,44,163,55
8754,164,283,163,279
8756,855,154,829,178
8757,282,975,257,910
8758,129,26,140,46
8759,85,15,84,18
8760,363,111,341,104
8761,42,16,44,15
8762,6,24,3,27
8764,126,26,112,43
8765,185,62,160,44
8766,889,7585,908,7446
8768,233,112,255,131
8769,150,14,154,26
8770,141,30,156,34
8771,15,73,18,77
8772,371,61,350,52
8773,461,73,461,72
8774,575,173,573,198
8775,110,31,86,34
8776,206,38,222,47
8777,830,220,836,225
8778,157,37,153,33
8779,71,19,62,13
8780,597,81,626,87
8781,126,485,105,476
8782,20,73,12,45
8783,8,50,11,52
8784,402,61,407,75
8785,175,60,183,51
8786,196,43,186,48
8787,146,67,176,58
8788,937,405,889,355
8789,195,82,221,86
8790,41,8,46,14
8791,111,44,104,41
8792,60,235,53,217
8793,19,127,28,122
8795,364,77,337,85
8797,277,54,257,67
8798,257,62,258,73
8799,846,194,876,179
8800,45,184,42,181
8801,1191,968,1149,996
8802,202,47,207,50
8803,80,879,90,836
8804,95,27,101,34
8805,207,60,189,59
8806,61,9,77,9
8807,70,8,78,3
8808,198,81,181,69
8809,211,68,197,58
8810,179,31,187,36
8811,170,27,179,48
8812,472,147,504,146
8813,131,2318,134,2187
8814,433,105,495,101
8815,644,165,667,169
8817,84,372,99,416
8818,40,124,43,120
8819,95,1515,77,1498
8820,301,49,304,50
8821,246,36,279,28
8822,24,8,27,4
8823,462,2064,528,2154
8824,193,48,214,29
8825,414,123,427,118
8826,610,102,645,108
8828,641,102,685,117
8829,136,45,136,41
8830,35,1012,32,978
8831,159,48,201,41
8832,261,73,283,62
8833,42,194,32,172
8834,76,19,91,27
8836,135,33,141,32
8837,41,12,38,8
8838,1,11,1,11
8839,427,72,415,82
8840,225,41,210,34
8841,88,32,77,31
8842,28,301,32,297
8843,563,335,605,368
8844,106,35,124,36
8845,3,26,2,29
8846,19,2366,22,2428
8847,34,146,43,133
8848,164,69,170,66
8849,242,54,240,63
8850,119,37,122,27
8851,372,101,392,111
8852,21,134,13,92
8853,3,981,1,970
8855,1458,295,1442,300
8856,47,2411,57,2549
8857,13,123,3,78
8858,133,40,139,56
8859,504,86,522,103
8860,292,38,271,31
8861,467,320,418,280
8862,382,79,365,84
8863,98,18,88,25
8864,359,79,335,72
8865,438,70,425,82
8866,450,98,436,94
8867,81,37,80,33
8868,383,100,399,124
8869,619,104,581,124
8870,380,702,395,675
8871,475,104,479,103
8872,625,1643,621,1638
8873,33,146,36,142
8874,517,126,539,114
8875,378,41,397,43
8876,9,95,8,91
8877,1,4,3,11
8878,216,44,209,29
8879,368,193,324,172
8880,133,49,116,34
8881,34,6,28,4
8882,5,74,9,68
8883,204,75,211,89
8884,296,50,295,70
8885,51,10,56,6
8886,579,116,567,130
8887,611,123,596,146
8888,142,36,120,45
8889,43,12,40,11
8890,1228,305,1216,313
8891,233,74,213,57
8892,132,2313,140,2393
8893,195,182,210,211
8894,337,165,360,165
8895,475,100,466,108
8897,331,59,376,81
8898,230,246,255,223
8899,54,13,42,9
8900,469,110,441,100
8901,9,21,7,17
8902,317,78,318,67
8903,1182,300,1230,314
8904,294,85,300,103
8905,272,108,296,92
8906,182,39,157,31
8907,146,62,158,54
8908,264,64,231,76
8909,30,11,20,21
8910,155,41,136,43
8911,14,372,17,372
8912,980,185,989,188
8913,546,162,513,179
8914,289,60,296,61
8915,110,28,127,34
8916,55,1229,63,1240
8917,482,87,448,118
8918,852,262,915,262
8919,466,130,455,148
8920,224,132,249,102
8921,29,8,30,10
8922,475,129,437,109
8923,92,274,79,251
8924,0,173,0,152
8925,782,561,826,583
8926,67,2140,59,2029
8927,332,33,319,58
8928,93,30,109,22
8929,287,178,297,160
8930,5,53,5,68
8931,2,83,2,85
8932,146,78,133,75
8933,1121,224,1130,215
8934,546,108,510,87
8936,495,1552,466,1689
8937,1,1602,1,1608
8938,521,94,521,81
8940,839,2168,854,2166
8941,46,165,56,172
8942,321,102,300,99
8943,98,28,130,24
8944,328,196,313,194
8945,166,30,178,45
8946,446,99,463,104
8947,11,439,11,411
8948,159,34,144,43
8949,204,54,192,69
8950,5,1083,1,1055
8951,225,26,233,33
8952,5,1533,2,1560
8953,2143,527,2185,496
8954,565,249,601,265
8955,514,144,552,132
8956,97,26,121,18
8957,362,78,389,84
8958,272,63,275,69
8959,18,352,20,356
8960,57,253,64,271
8962,207,53,213,73
8963,399,105,380,105
8964,134,45,149,39
8965,353,64,348,81
8966,416,93,397,95
8967,547,270,499,309
8968,63,322,58,326
8969,524,129,502,161
8970,259,915,293,892
8971,13,2109,17,2144
8972,1,2853,3,2738
8973,96,545,111,513
8974,187,37,220,32
8975,289,504,314,468
8976,2,3,0,0
8977,124,651,149,721
8978,19,670,31,718
8979,2098,144,2104,114
8980,213,6277,253,6120
8981,170,44,204,47
8983,938,215,904,252
8984,851,161,896,145
8985,548,124,546,136
8986,136,33,150,43
8987,3,4,3,3
8989,14,333,11,282
8990,209,45,219,40
8991,535,165,496,183
8992,446,68,429,68
8993,239,89,238,59
8994,289,56,324,69
8995,808,240,832,256
8996,160,86,171,60
8997,202,49,209,47
9000,192,1619,197,1555
9001,92,5748,95,5541
9002,79,26,89,19
9003,102,28,115,48
9004,12,1822,16,1751
9005,95,496,84,502
9006,35,19,39,15
9007,267,70,281,83
9008,197,225,170,248
9009,193,850,198,873
9010,270,53,309,64
9011,523,146,542,146
9012,85,29,90,22
9013,120,724,129,730
9014,9,673,13,661
9015,369,108,362,147
9016,651,514,648,526
9017,19,4669,23,4696
9018,26,39,16,56
9019,574,128,627,154
9020,50,816,66,840
9021,587,215,621,228
9022,315,185,343,201
9023,455,1061,499,1095
9024,92,18,108,15
9025,1010,233,1063,230
9026,374,67,382,74
9027,636,260,633,283
9028,182,180,179,233
9030,98,39,110,36
9031,251,68,284,73
9032,807,163,799,138
9033,111,1647,105,1635
9034,52,1343,51,1352
9035,305,51,308,50
9036,450,87,464,101
9037,171,115,174,104
9038,76,30,73,18
9040,751,174,765,185
9041,104,53,104,58
9042,161,92,161,92
9043,113,38,126,67
9044,255,828,220,823
9045,168,28,188,37
9046,9,21,8,15
9047,61,22,52,22
9048,24,6,24,6
9050,5,1,7,3
9052,1274,345,1316,347
9054,279,54,255,47
9056,171,88,150,66
9057,3,1,5,0
9058,839,159,796,185
9059,595,204,639,160
9060,554,115,565,144
9061,67,18,67,7
9062,88,25,88,20
9063,37,3,32,11
9064,67,13,66,14
9065,59,11,57,12
9066,81,22,77,16
9067,138,24,120,33
9068,53,20,50,21
9069,264,67,234,54
9070,91,101,114,108
9071,139,92,133,83
9072,365,44,374,54
9073,219,31,212,29
9074,119,21,141,18
9075,61,34,66,22
9076,95,27,80,22
9077,36,13,33,8
9078,171,27,162,18
9079,0,24,0,35
9080,0,2,1,4
9081,59,1332,63,1322
9082,30,151,31,154
9083,206,30,195,38
9084,288,57,274,43
9085,338,51,343,76
9087,6,36,6,33
9088,207,48,175,56
9089,308,1227,312,1240
9090,205,1143,216,1118
9091,941,164,964,175
9092,4,1076,2,1093
9093,398,88,338,86
9094,145,15,146,23
9095,112,131,96,137
9096,184,61,184,68
9097,101,32,95,20
9098,258,973,258,945
9099,300,108,310,85
9100,106,32,97,18
9101,19,6,30,5
9102,73,18,75,16
9103,182,61,186,43
9104,649,154,625,148
9105,227,92,228,78
9109,184,141,204,149
9110,1961,220,2000,250
9111,3305,4380,3213,4575
9113,11,1,15,3
9114,0,30,0,30
9115,0,102,0,73
9116,14,208,15,215
9117,7,51,5,51
9118,0,571,0,520
9122,305,73,271,53
9123,368,117,405,111
9124,263,68,252,60
9125,4,3874,3,3754
9126,617,117,641,126
9127,14,264,22,292
9128,547,95,536,105
9129,1621,274,1631,293
9131,267,38,276,54
9132,920,109,941,138
9133,538,109,546,88
9134,1035,205,1040,163
9135,379,78,393,74
9136,9,1488,4,1494
9137,816,239,776,232
9138,449,125,449,102
9139,973,228,959,227
9140,3,4,1,6
9141,167,47,181,53
9142,0,151,0,167
9143,606,104,647,120
9144,281,54,294,56
9145,43,4,48,2
9148,530,160,513,138
9149,825,164,817,143
9150,115,34,88,31
9151,52,1091,45,1101
9152,932,216,909,200
9153,958,158,965,157
9154,226,82,218,69
9155,307,68,314,58
9156,264,99,280,69
9157,263,41,239,45
9158,17,0,15,1
9159,571,58,569,70
9160,36,7,44,3
9161,694,3992,712,3913
9162,328,1444,348,1568
9164,1555,1853,1596,1880
9165,51,3,56,8
9168,385,66,365,56
9169,437,69,434,46
9170,183,26,171,28
9171,521,130,476,88
9172,152,23,162,31
9174,33,1548,32,1543
9175,24,93,23,78
9176,483,127,491,107
9178,394,808,391,762
9179,6,94,11,81
9180,50,30,52,31
9181,296,45,267,53
9182,283,48,297,63
9183,637,128,645,143
9184,520,300,548,408
9185,128,41,138,48
9186,243,46,237,35
9187,12,183,17,157
9188,868,152,905,168
9189,622,211,612,235
9190,6,1486,11,1511
9191,526,152,520,133
9192,193,52,193,45
9193,128,3560,141,3560
9195,224,235,186,246
9196,42,67,38,65
9197,678,144,689,126
9198,7,52,2,37
9199,1454,593,1489,572
9200,491,135,478,124
9201,274,141,316,105
9202,397,166,371,163
9203,310,101,322,122
9204,187,58,175,38
9206,692,871,695,847
9207,187,54,183,44
9208,184,1125,175,1043
9209,452,113,472,113
9210,1042,621,981,578
9211,193,85,184,46
9212,136,43,127,45
9213,356,283,316,328
9214,497,92,475,103
9215,650,210,662,204
9216,74,11,70,15
9217,171,39,162,47
9218,154,57,153,83
9219,524,203,526,116
9220,107,52,113,31
9221,445,95,475,117
9222,337,93,315,97
9223,232,64,241,60
9224,203,80,229,64
9225,143,35,136,47
9226,8,195,9,203
9227,316,107,312,109
9228,166,68,151,54
9229,428,121,427,132
9230,341,91,310,90
9231,221,56,212,47
9232,179,140,182,104
9233,101,35,104,33
9234,131,69,148,78
9235,175,41,149,36
9236,146,61,139,64
9237,186,41,179,63
9238,593,186,604,178
9239,560,196,586,197
9240,456,198,501,191
9241,343,113,359,114
9242,482,91,508,74
9243,387,91,398,86
9244,180,56,168,60
9245,333,106,368,94
9246,412,106,447,98
9247,601,150,599,157
9248,177,56,192,46
9249,720,130,702,128
9250,315,70,372,63
9251,460,67,467,73
9252,326,57,338,62
9253,387,89,384,111
9254,623,104,622,134
9255,760,181,822,173
9256,269,54,259,62
9257,801,145,747,167
9258,578,219,567,175
9259,323,81,283,65
9260,447,394,455,395
9261,110,57,126,40
9262,533,181,514,158
9263,255,48,271,37
9264,384,205,414,122
9265,7,199,10,197
9266,14,93,19,79
9267,632,262,665,196
9268,837,172,861,163
9269,619,189,636,203
9270,441,88,465,109
9271,635,98,612,103
9272,1243,280,1254,299
9273,909,146,923,164
9274,3,1756,4,1725
9275,183,78,186,64
9276,647,119,628,90
9277,676,124,643,145
9278,148,39,167,26
9279,343,1627,343,1584
9280,1,24,0,25
9281,11,91,20,107
9290,2,1245,4,1276
9296,200,26,183,34
9298,12,2692,13,2800
9299,1022,216,996,195
9300,543,135,535,117
9302,8,3,11,3
9303,30,4,27,6
9320,4,9,2,5
9321,6,43,7,37
9322,6,21,2,10
9324,10,24,9,19
9325,27,81,29,94
9326,6,9,2,4
9327,11,23,6,11
9328,0,2,1,4
9329,3,9,2,4
9330,3,37,8,29
9333,1,1,0,3
9335,3,1,3,0
9336,14,5,16,8
9339,11,5,28,0
9341,3,14,3,12
9342,11,34,14,29
9344,0,2,0,2
9346,6,19,2,9
9347,2,6,5,12
9348,1,4,0,2
9349,2,6,0,1
9350,1,53,3,65
9354,8,55,17,57
9357,8,29,10,30
9358,17,81,14,88
9359,32,91,30,76
9360,8,131,9,149
9361,57,174,58,163
9362,4,222,5,231
9363,9,33,12,21
9364,36,294,35,320
9365,3,14,8,14
9367,12,65,10,72
9369,5,0,5,1
9374,4,10,3,13
9377,12,30,8,26
9378,2,9,1,3
9379,11,43,15,47
9380,5,11,6,15
9381,0,0,0,1
9382,11,40,8,35
9383,4,67,4,64
9385,7,246,9,276
9386,5,80,10,84
9387,1,31,8,38
9388,96,420,115,481
9389,10,41,8,36
9390,10,64,12,79
9392,0,4,2,2
9394,5,23,3,19
9397,6,10,3,16
9398,1,23,2,34
9399,0,3,0,2
9410,0,4,1,1
9411,0,1,0,0
9412,0,61,0,69
9413,1191,19,1175,27
9414,4,2,9,1
9419,0,1,1,7
9440,0,1,2,4
9446,744,84,724,127
9447,365,69,383,55
9450,992,127,1010,120
9451,8,2721,7,2728
9452,0,113,0,120
9453,342,57,330,47
9456,6,23,5,22
9457,8,130,14,162
9458,279,40,303,38
9460,507,55,502,67
9461,472,62,429,70
9462,537,93,536,89
9463,399,61,406,71
9464,154,16,144,27
9465,7,73,1,75
9467,6,83,4,72
9468,1,8,2,6
9470,13,72,17,73
9471,0,1,3,4
9472,517,185,504,168
9473,550,168,550,197
9474,648,314,616,287
9475,413,115,408,143
9477,484,201,449,209
9478,381,81,365,56
9479,446,123,444,104
9480,728,139,735,173
9481,609,126,590,139
9482,73,22,96,22
9483,985,266,936,240
9484,207,46,183,40
9485,433,84,447,110
9486,1353,261,1412,267
9487,74,1197,59,1209
9488,526,122,551,108
9489,251,58,286,40
9490,786,128,787,137
9491,836,198,797,179
9493,96,1442,106,1483
9494,20,1041,39,1137
9496,13,513,19,559
9499,642,97,631,131
9502,371,74,364,53
9503,589,88,558,87
9504,407,58,416,52
9505,1167,174,1181,147
9506,307,47,287,38
9507,544,69,599,80
9509,690,122,696,102
9510,36,103,30,90
9511,40,124,46,139
9515,319,234,311,236
9516,265,33,271,23
9517,276,23,284,44
9518,365,65,374,63
9520,136,16,146,26
9521,237,46,211,39
9522,513,153,527,145
9524,13,63,16,67
9526,574,87,575,102
9527,219,83,226,66
9528,243,44,226,43
9529,193,44,190,40
9530,3,1083,7,1045
9531,184,39,161,42
9532,321,64,321,72
9533,860,158,814,163
9534,350,86,374,114
9535,802,200,791,183
9536,97,2340,94,2396
9537,526,210,477,202
9538,421,122,406,150
9539,149,51,146,73
9540,378,117,390,113
9541,386,83,395,95
9542,27,181,31,206
9543,343,3254,326,3295
9544,501,200,498,159
9545,787,176,805,195
9546,918,194,963,195
9547,908,228,928,240
9548,346,80,320,77
9549,805,208,841,187
9550,624,113,604,117
9551,36,2837,31,2910
9552,17,115,16,136
9553,1069,1439,1076,1470
9554,457,111,490,100
9555,379,124,402,102
9556,642,182,659,220
9557,74,1213,82,1223
9558,348,114,354,144
9559,519,160,542,158
9560,233,284,271,252
9561,915,210,887,258
9562,475,182,457,190
9563,716,210,734,198
9564,591,181,663,185
9565,241,68,231,81
9566,335,56,316,74
9567,281,76,266,71
9568,379,182,331,117
9569,316,85,313,61
9570,263,45,263,52
9571,11,2248,12,2221
9572,519,352,495,319
9573,401,441,381,454
9574,295,63,302,63
9575,727,1447,748,1399
9576,51,270,50,274
9577,6,223,6,172
9578,9,77,6,74
9579,333,48,370,95
9580,127,1249,127,1246
9581,187,62,225,55
9582,445,93,445,104
9583,669,95,664,95
9584,1355,343,1358,343
9585,212,37,221,51
9596,551,2,541,9
9604,2,23,0,8
9628,9,125,17,145
9629,1,3,0,5
9632,1597,1744,1628,1745
9642,1296,226,1284,243
9646,461,76,448,83
9672,0,3,0,6
9677,4,2623,5,2601
9688,68,18,69,11
9691,1294,328,1231,302
9692,682,179,608,116
9693,538,133,526,126
9694,1140,203,1130,213
9695,0,110,0,134
9696,0,314,0,311
9698,801,212,814,226
9699,2,126,1,133
9700,256,85,239,84
9701,491,123,502,112
9702,1014,259,994,251
9703,314,76,298,67
9704,216,50,210,58
9705,299,67,288,64
9706,294,66,282,74
9707,441,95,430,107
9708,441,168,497,187
9709,615,124,606,135
9710,308,64,336,78
9711,509,131,499,120
9712,278,59,280,52
9713,3,22,1,21
9715,219,102,206,62
9717,375,64,372,60
9718,679,179,657,194
9719,636,173,597,144
9720,584,135,607,163
9724,363,86,368,69
9725,1051,213,1075,222
9726,646,155,656,180
9727,588,113,599,114
9728,1019,197,963,229
9729,601,192,584,209
9730,11,3345,4,3451
9731,620,138,593,119
9732,264,77,262,69
9733,728,144,757,172
9736,67,455,64,456
9737,502,318,473,311
9738,648,165,641,167
9739,0,183,0,178
9740,18,982,13,1034
9741,505,89,474,101
9742,110,58,110,55
9743,2,693,4,682
9744,145,25,167,34
9745,133,41,115,45
9746,921,242,937,223
9747,13,11,12,7
9748,656,132,676,130
9749,28,380,29,386
9750,65,1820,69,1859
9751,436,214,437,164
9752,221,80,226,85
9753,441,126,415,104
9754,589,153,589,156
9755,230,52,227,64
9756,273,70,280,61
9757,492,107,462,99
9758,241,54,231,49
9759,135,27,162,25
9760,999,232,945,187
9761,688,214,638,213
9762,812,254,827,240
9763,522,263,512,288
9764,654,353,673,362
9765,331,109,350,88
9766,85,31,88,36
9767,434,147,461,145
9768,907,306,912,309
9769,10,265,13,260
9770,136,2043,119,1985
9771,756,209,764,207
9772,871,208,849,271
9773,44,1056,42,1119
9774,372,139,362,157
9775,281,73,281,75
9776,694,214,670,205
9777,65,10,66,19
9778,336,1446,355,1363
9779,605,205,581,203
9780,787,175,819,179
9781,283,77,304,76
9782,213,58,214,55
9783,212,98,210,110
9784,854,190,869,173
9785,114,25,108,17
9786,564,137,559,129
9787,223,56,218,57
9788,243,1131,258,1095
9789,122,2153,137,2249
9790,633,145,613,127
9791,64,29,57,24
9792,34,7,42,10
9793,89,80,99,75
9794,418,69,417,74
9796,0,1,0,6
9797,119,38,144,33
9798,193,236,207,225
9799,179,41,180,60
9800,39,25,45,26
9801,13,271,13,261
9802,220,63,215,63
9803,754,222,686,206
9804,16,2336,8,2321
9805,259,58,286,71
9806,204,40,209,46
9807,5,3,12,5
9808,159,72,163,62
9809,213,39,198,51
9810,256,77,258,72
9811,47,17,56,13
9812,27,9,30,6
9813,16,236,13,217
9814,227,98,227,95
9815,5,45,8,33
9816,431,244,406,192
9817,293,139,322,96
9818,15,578,19,583
9819,181,362,204,316
9820,366,113,366,128
9821,385,123,395,138
9822,835,248,901,230
9823,405,123,392,130
9824,321,90,355,73
9825,118,28,109,25
9827,92,34,94,16
9828,55,16,54,19
9829,294,70,304,80
9830,1077,286,1095,297
9831,21,670,28,711
9832,1008,284,984,313
9833,438,198,456,207
9834,387,105,362,112
9835,146,60,140,60
9836,544,126,548,149
9837,1047,247,1023,216
9838,23,248,15,237
9839,341,1201,328,1174
9842,37,299,21,242
9843,202,35,180,30
9844,149,39,152,47
9845,37,353,30,301
9846,176,22,176,25
9847,91,24,100,16
9848,65,1142,53,1142
9849,566,108,571,102
9851,30,9,33,6
9852,4,82,14,128
9853,5,31,4,24
9854,66,449,68,447
9855,3,15,1,16
9856,461,121,505,114
9857,26,204,24,212
9858,18,457,16,476
9859,170,27,177,23
9860,899,229,938,205
9861,5,2,5,0
9862,196,35,173,37
9863,208,187,196,207
9864,951,1299,945,1266
9865,355,879,369,895
9866,51,202,48,190
9867,386,288,363,228
9868,250,80,279,99
9869,143,41,159,35
9870,2,428,4,427
9871,0,177,0,133
9872,493,130,496,125
9873,415,99,405,90
9874,63,19,77,21
9875,84,24,78,18
9876,1,4,4,1
9877,64,16,53,16
9878,42,6,36,4
9879,203,55,214,46
9880,71,14,70,23
9881,260,73,281,81
9882,286,137,279,157
9883,871,187,830,167
9884,628,107,622,115
9885,748,114,759,122
9886,120,3282,142,3312
9887,229,3749,273,3846
9888,4,27,6,34
9889,533,731,497,735
9890,48,10,43,6
9891,203,100,182,80
9892,144,51,130,45
9893,217,36,207,41
9894,394,1214,432,1242
9895,74,289,67,260
9896,60,30,53,23
9897,5,20,3,14
9898,553,124,543,117
9899,173,25,172,39
9900,4,83,3,77
9901,58,1500,71,1521
9902,438,106,441,75
9903,69,14,72,20
9904,74,20,56,19
9905,133,21,122,28
9906,353,126,341,102
9907,89,11,100,18
9908,37,10,42,14
9909,35,114,28,109
9910,2819,2048,2804,2034
9912,54,16,62,15
9913,56,9,78,6
9914,124,6,117,10
9916,47,6,45,13
9917,22,1,19,10
9918,64,16,65,10
9919,19,11,22,14
9920,74,73,63,73
9923,5,0,9,2
9926,221,72,202,52
9928,44,10,38,10
9929,154,40,133,45
9930,70,10,63,3
9932,32,11,37,8
9933,604,70,600,87
9934,3,34,6,26
9935,16,101,23,126
9936,1,775,5,750
9937,75,19,66,17
9938,93,45,93,37
9939,641,139,649,156
9940,53,16,67,16
9941,19,6,10,4
9942,63,17,56,29
9943,63,23,54,23
9944,54,22,64,23
9945,55,10,63,13
9946,295,53,313,60
9947,296,61,302,74
9948,303,43,279,45
9949,119,45,123,35
9950,73,15,46,13
9951,501,299,499,302
9952,274,41,260,59
9954,87,20,107,20
9955,69,567,58,443
9956,18,67,13,67
9957,293,56,259,42
9958,84,565,86,522
9959,1,115,7,116
9960,5,29,5,29
9961,11,71,5,51
9963,224,25,215,32
9964,424,82,445,68
9965,2,55,2,42
9966,87,25,81,16
9967,334,75,308,81
9968,539,77,480,70
9969,258,63,253,57
9970,302,61,273,63
9971,330,81,267,79
9972,1354,236,1310,232
9974,340,80,318,69
9976,0,140,0,154
9977,180,43,173,43
9978,413,97,400,62
9979,317,65,292,72
9980,137,96,137,104
9982,168,36,168,32
9983,99,32,107,32
9984,223,65,233,68
9985,250,87,254,79
9986,191,50,188,42
9987,37,17,41,17
9988,80,44,81,28
9989,141,18,139,21
9990,92,319,108,301
9991,3,107,5,99
9992,664,115,621,118
9993,43,11,51,14
9994,38,9,35,3
9995,32,9,40,9
9996,28,277,28,278
9997,33,220,32,240
9998,186,101,174,71
9999,155,42,181,40
10000,690,385,714,417
10001,159,57,150,37
10002,40,292,27,281
10003,23,933,31,931
10004,383,131,388,153
10005,629,227,617,207
10006,218,176,218,185
10007,87,17,80,21
10008,1965,1323,1953,1300
10009,67,36,85,44
10010,275,66,258,63
10011,218,39,227,71
10012,394,62,398,60
10013,269,52,307,76
10014,649,146,688,158
10015,141,1387,139,1418
10016,61,93,47,123
10017,23,1915,13,1879
10018,629,115,633,128
10019,1498,351,1438,355
10020,401,84,437,86
10021,2,136,6,100
10022,2,6,0,4
10024,0,10,0,10
10027,68,526,63,586
10029,25,461,11,421
10032,383,1152,370,1122
10033,101,285,111,287
10034,1,6,2,4
10035,15,147,10,140
10036,23,174,21,192
10037,8,73,6,86
10038,21,62,18,60
10039,828,388,807,362
10040,876,200,858,214
10041,465,117,426,125
10042,942,228,979,244
10043,11,146,14,178
10044,464,496,470,504
10045,583,118,523,119
10046,473,105,447,110
10047,696,159,696,164
10048,4,218,4,229
10049,306,48,298,80
10050,108,65,117,81
10051,61,368,60,434
10052,276,35,251,38
10053,37,3,37,7
10054,94,10,73,16
10055,16,4,18,3
10056,16,2,19,4
10057,72,8,71,9
10058,61,8,61,21
10059,17,6,26,0
10060,29,1530,23,1631
10061,136,27,126,15
10063,92,14,101,29
10064,72,14,71,26
10065,76,28,73,25
10066,39,7,36,4
10067,52,14,77,11
10068,104,20,115,20
10069,126,14,140,33
10070,150,31,136,30
10071,175,38,169,35
10072,161,29,161,34
10073,347,261,342,229
10074,204,44,204,42
10075,296,118,290,121
10077,104,13,97,14
10078,7,1,9,0
10079,152,53,156,61
10080,338,105,320,80
10081,361,1347,346,1318
10082,171,24,133,35
10083,285,71,310,64
10084,315,48,310,51
10085,101,51,120,48
10086,211,37,217,45
10087,322,63,301,74
10088,11,328,6,311
10089,150,14,148,17
10094,2639,590,2572,546
10096,2,36,1,38
10097,7,59,6,52
10098,12,67,11,62
10099,51,0,43,0
10100,30,97,27,71
10101,23,69,25,67
10102,6,18,7,16
10103,8,110,4,119
10105,25,75,16,74
10112,1762,808,1773,773
10120,419,138,445,102
10121,62,28,58,28
10122,0,37,2,37
10123,5,1,8,4
10124,13,225,16,186
10125,4,37,1,36
10126,251,172,218,161
10127,13,65,10,64
10128,1,20,2,26
10129,11,337,7,311
10130,20,13,21,17
10131,171,46,143,46
10132,93,17,90,17
10133,80,10,81,13
10134,800,207,770,215
10135,50,24,44,28
10136,466,109,507,105
10138,132,19,115,21
10139,86,26,70,20
10140,114,29,102,31
10141,2,137,5,122
10142,227,37,254,61
10143,4,39,6,40
10145,216,163,202,162
10146,3,6,1,6
10148,334,114,343,103
10149,18,2,22,13
10150,474,101,501,85
10151,50,25,58,34
10152,11,52,14,49
10153,31,350,34,335
10154,52,45,54,33
10155,549,119,540,139
10156,830,116,794,133
10157,78,1703,78,1629
10158,731,2003,730,1939
10159,558,374,592,382
10160,28,385,25,397
10162,484,140,498,164
10163,344,80,329,78
10165,8,45,7,42
10166,499,162,518,159
10167,117,35,117,38
10168,175,56,200,59
10169,88,29,89,24
10171,284,216,312,228
10172,592,80,598,121
10173,53,596,57,565
10175,204,53,232,37
10176,262,597,255,594
10177,878,466,970,485
10178,563,263,529,263
10179,858,237,850,264
10180,169,44,176,51
10181,696,557,628,547
10182,635,171,667,144
10183,771,174,896,223
10184,557,177,529,151
10185,78,19,61,22
10186,267,88,242,70
10187,81,185,97,180
10188,228,47,214,33
10189,70,19,81,15
10190,119,19,116,31
10191,266,41,273,43
10192,133,40,123,66
10193,168,34,177,49
10194,103,25,114,24
10195,361,72,380,65
10196,119,40,109,21
10197,163,1232,142,1209
10200,1615,495,1573,437
10201,521,129,550,130
10202,114,1678,104,1603
10203,376,122,385,104
10204,45,0,42,5
10205,363,99,332,103
10206,100,19,126,17
10207,587,108,628,114
10208,408,2121,401,2185
10209,1061,178,1123,169
10210,488,199,517,202
10211,385,74,388,64
10212,386,77,417,78
10213,163,41,145,55
10214,8,53,10,62
10215,2,198,4,174
10216,235,974,249,1013
10217,3,11,3,9
10218,6,41,7,34
10219,300,269,336,252
10222,1130,212,1112,193
10224,3,12,3,7
10228,51,134,65,130
10230,491,100,548,123
10231,88,22,84,31
10232,415,90,396,75
10233,418,83,430,110
10234,995,342,989,312
10235,395,147,397,113
10236,286,86,261,77
10237,43,11,42,11
10238,55,12,53,7
10240,37,14,39,11
10241,425,109,415,101
10242,138,14,134,25
10243,186,95,173,86
10244,113,11,110,18
10245,363,68,351,56
10246,0,76,0,76
10247,632,173,623,140
10248,124,19,123,35
10249,143,44,170,28
10250,115,36,106,27
10251,777,108,801,113
10252,61,8,69,7
10253,71,11,66,6
10254,12,34,4,23
10255,154,22,135,37
10256,110,31,87,29
10257,141,44,134,39
10258,305,63,258,67
10259,22,15,30,12
10260,43,21,65,12
10261,253,88,271,85
10263,89,14,90,23
10264,70,479,53,472
10265,128,44,114,41
10266,267,39,269,51
10267,124,59,129,67
10268,314,64,296,58
10269,104,21,101,9
10270,225,65,185,56
10271,420,81,436,75
10272,290,38,285,56
10274,50,12,58,13
10275,41,16,33,19
10276,6,4,7,3
10277,85,14,98,24
10278,636,112,634,117
10280,17,88,19,102
10282,164,40,156,27
10283,52,11,54,10
10284,692,103,719,116
10286,3,0,3,1
10288,35,134,49,152
10291,386,54,395,62
10292,223,50,201,45
10293,252,28,241,37
10294,563,81,563,81
10296,424,85,418,84
10297,603,109,589,105
10298,436,66,421,55
10299,687,116,662,122
10300,569,106,552,98
10301,240,37,260,42
10303,10,79,22,83
10304,93,1979,90,1936
10306,314,84,312,58
10307,145,21,151,22
10308,134,27,121,27
10309,1,3,0,5
10310,267,468,249,405
10311,62,401,61,394
10312,8,91,10,112
10313,116,25,119,26
10314,3,22,4,23
10315,19,100,22,105
10316,1286,211,1269,206
10319,1118,295,1070,294
10320,138,34,134,61
10321,110,30,121,38
10322,67,20,65,9
10323,55,84,61,94
10324,88,18,98,19
10325,114,15,98,16
10327,31,14,36,3
10328,28,1,31,9
10329,62,15,62,20
10330,16,20,18,22
10331,40,4,34,8
10332,29,1,25,4
10333,9,3,6,1
10334,30,17,34,16
10335,136,59,153,47
10336,14,5,18,9
10338,14,117,20,120
10339,23,107,23,109
10340,151,37,153,36
10341,139,28,124,34
10342,99,13,89,20
10343,965,202,972,222
10344,80,18,102,29
10346,23,8,28,4
10347,23,4,33,3
10348,165,17,163,29
10349,53,613,55,612
10350,201,57,201,64
10351,8,0,13,4
10352,27,8,29,11
10353,110,22,109,20
10354,148,76,154,78
10355,0,74,0,67
10356,86,26,108,28
10357,356,87,388,80
10358,262,60,249,62
10359,29,611,27,606
10360,106,38,128,34
10361,44,9,30,10
10362,87,33,74,32
10363,45,13,53,8
10364,14,199,15,208
10365,388,103,387,122
10366,100,196,92,214
10367,262,52,252,78
10368,332,70,320,79
10369,630,208,598,178
10370,1345,436,1342,447
10371,19,295,14,277
10372,223,125,257,109
10373,75,27,85,16
10374,5,55,4,73
10375,13,128,19,152
10376,44,337,60,347
10377,192,191,216,212
10378,0,125,0,145
10379,168,37,169,45
10380,53,126,62,163
10381,5,1996,7,1962
10382,856,202,896,225
10383,436,113,430,140
10384,379,96,393,70
10385,130,64,132,66
10386,644,338,605,360
10387,82,1403,67,1338
10388,182,40,169,45
10389,17,2,19,5
10390,93,917,89,929
10391,39,27,34,28
10392,25,5,28,5
10399,284,50,301,57
10400,96,14,94,20
10401,104,104,109,137
10402,201,2633,193,2482
10403,198,46,201,58
10404,5,2348,5,2313
10405,32,158,29,145
10406,28,13,24,10
10407,447,104,435,93
10408,349,446,377,397
10409,152,21,151,39
10410,98,23,84,23
10411,329,67,322,60
10412,89,26,98,25
10413,83,28,67,10
10414,363,120,335,141
10415,2,88,11,94
10416,56,1497,40,1517
10417,33,1054,21,1042
10418,78,49,93,55
10419,205,65,195,66
10420,320,81,322,94
10421,216,55,255,83
10422,210,55,195,62
10423,56,158,66,157
10424,422,112,402,113
10425,588,269,554,315
10426,661,145,671,147
10427,408,91,417,98
10428,190,49,163,41
10429,321,112,303,81
10430,445,117,453,119
10431,251,49,230,63
10432,155,72,146,58
10433,759,280,768,340
10434,138,48,124,45
10435,363,78,317,100
10436,44,15,44,19
10437,86,66,79,66
10438,438,101,404,99
10440,822,204,877,195
10441,616,148,637,147
10442,612,169,627,217
10443,144,24,151,23
10444,163,77,176,46
10445,42,7,44,7
10446,212,55,250,57
10447,131,21,129,27
10448,109,39,115,38
10449,181,143,184,129
10450,290,113,275,91
10451,138,51,154,52
10452,198,72,237,61
10453,215,62,226,51
10454,87,30,96,27
10455,329,53,315,60
10456,333,63,299,73
10457,211,43,192,47
10458,172,34,178,45
10460,59,241,62,260
10461,477,289,495,324
10462,257,65,229,33
10463,134,838,122,810
10464,281,47,280,82
10465,171,87,155,70
10466,129,29,162,28
10467,53,10,47,11
10468,602,181,570,159
10469,383,331,414,344
10470,280,71,271,82
10471,383,109,407,108
10472,197,63,199,60
10473,205,49,210,68
10474,143,35,118,31
10475,511,167,508,164
10476,246,76,247,74
10477,469,389,495,433
10478,327,108,355,101
10479,23,202,19,230
10480,15,200,7,177
10481,105,164,116,175
10482,54,11,55,7
10483,586,106,549,125
10484,238,113,229,133
10485,221,29,199,53
10486,455,98,483,109
10487,85,26,76,22
10488,6,94,1,56
10489,305,60,283,72
10490,81,14,98,20
10491,286,46,288,59
10492,296,295,310,303
10493,285,184,265,216
10494,200,66,182,82
10495,633,192,627,191
10496,152,50,127,31
10497,132,192,130,184
10498,668,189,630,187
10499,527,155,564,165
10500,154,78,157,69
10501,40,270,31,284
10502,215,58,205,65
10503,678,148,656,157
10504,340,65,282,55
10505,98,39,102,44
10506,93,74,94,63
10507,24,12,17,6
10509,208,41,211,39
10510,20,2,16,3
10511,98,19,83,16
10513,83,345,94,364
10514,29,172,27,150
10515,92,331,77,286
10516,45,275,42,255
10517,17,51,23,65
10518,128,540,115,556
10519,21,76,21,83
10520,23,119,21,118
10521,212,70,215,63
10522,208,62,222,64
10523,319,85,310,103
10524,76,18,81,22
10525,159,3761,193,3864
10526,703,145,697,143
10527,29,5,28,16
10528,295,92,321,87
10529,122,44,115,35
10530,7,159,4,149
10531,192,106,192,134
10532,0,17,0,15
10533,71,24,79,29
10534,40,440,36,374
10535,1,6,1,5
10536,101,18,85,13
10537,189,39,179,34
10538,119,29,127,25
10539,6,2,10,1
10540,79,17,92,22
10541,32,154,38,158
10542,94,1124,105,1188
10543,38,170,35,193
10544,141,18,115,17
10545,53,4,44,12
10546,64,12,46,2
10547,44,12,43,16
10548,107,16,83,17
10549,150,82,154,93
10550,263,164,228,165
10552,144,31,123,23
10553,86,16,94,22
10554,121,14,114,15
10555,91,21,76,11
10556,20,63,8,52
10557,173,32,164,19
10558,144,21,151,21
10559,2,24,1,15
10560,56,18,54,27
10561,0,38,0,32
10562,40,323,35,354
10563,0,14,0,16
10565,213,49,213,47
10567,266,40,272,42
10568,4,31,2,26
10569,50,3,49,9
10570,307,106,272,102
10571,117,21,111,25
10572,59,26,67,16
10573,10,4,11,6
10574,90,9,101,9
10575,135,30,133,27
10576,32,22,31,21
10577,124,24,102,12
10578,3,0,8,1
10579,15,2,16,3
10580,53,3,53,5
10581,93,167,105,155
10582,13,9,8,5
10583,62,19,86,12
10584,4,1,7,1
10585,18,27,33,39
10587,342,60,325,75
10588,297,73,316,68
10589,540,120,579,138
10590,277,54,235,60
10592,94,500,82,505
10593,162,625,163,618
10594,354,98,328,128
10595,903,211,858,222
10596,294,76,279,76
10597,558,162,494,111
10598,220,57,236,66
10599,399,74,432,87
10600,114,24,136,21
10601,112,35,110,43
10602,319,64,297,73
10603,354,94,346,107
10604,651,182,633,170
10605,306,88,316,97
10606,6,1055,8,1111
10607,599,302,625,275
10608,817,223,872,256
10609,419,94,389,98
10610,662,128,609,115
10611,267,108,254,101
10612,17,96,16,90
10613,24,197,20,197
10614,8,111,8,106
10615,82,392,86,383
10616,322,70,289,80
10617,376,103,347,100
10618,40,125,47,145
10619,400,60,385,64
10620,206,30,200,39
10621,323,81,336,71
10622,4,1,7,3
10624,36,14,32,8
10625,978,237,989,227
10626,218,34,213,36
10627,48,24,65,10
10628,209,98,217,113
10629,394,219,373,204
10630,311,520,299,506
10631,416,177,418,190
10632,211,49,208,47
10633,288,89,291,71
10634,3,128,7,115
10635,207,1372,202,1369
10636,460,176,432,140
10637,246,183,244,178
10638,117,174,109,195
10639,16,478,18,492
10640,1,17,1,16
10641,331,1502,293,1503
10642,26,507,30,473
10643,5,99,2,94
10644,41,768,34,734
10645,64,1347,61,1336
10646,9,118,15,123
10647,17,347,17,356
10648,121,603,105,584
10649,32,257,28,276
10650,0,4,0,9
10652,236,138,235,157
10653,505,347,530,361
10654,232,82,259,84
10655,282,470,280,446
10656,4,173,3,168
10657,45,23,35,18
10658,18,11,20,5
10659,93,20,102,13
10660,78,27,69,18
10661,61,10,67,21
10662,9,2,4,1
10663,62,18,59,33
10664,6,5,7,3
10665,22,5,20,1
10666,336,99,338,83
10667,32,6,37,13
10668,120,22,94,30
10669,152,76,148,73
10670,33,12,26,22
10671,29,10,28,22
10672,46,41,38,37
10673,161,67,160,82
10674,412,2846,487,2848
10675,617,160,617,176
10676,408,134,442,133
10677,171,47,168,52
10678,21,15,23,8
10679,61,13,51,11
10680,108,19,125,25
10681,112,39,114,38
10682,134,26,140,31
10683,27,7,31,5
10684,60,41,54,54
10685,119,29,117,31
10686,168,34,164,38
10687,89,591,91,523
10688,311,65,303,75
10689,50,24,44,23
10690,566,2383,537,2384
10691,277,46,289,59
10692,209,61,203,54
10693,59,33,62,28
10694,166,42,153,65
10695,247,51,255,43
10696,304,76,314,63
10697,174,56,186,62
10698,152,23,137,13
10699,218,33,220,34
10700,12,7,11,13
10701,214,61,206,55
10702,172,35,174,43
10703,47,14,45,13
10704,117,30,115,27
10705,290,163,318,177
10706,173,78,183,81
10707,85,47,103,38
10708,164,56,174,51
10709,190,55,183,35
10710,255,76,282,88
10711,115,43,104,35
10712,66,22,61,16
10713,47,67,46,61
10714,199,61,199,53
10715,127,19,127,31
10716,327,158,301,184
10717,274,85,279,122
10718,270,111,230,103
10719,135,232,119,259
10720,151,43,151,50
10721,153,35,161,40
10722,77,18,91,18
10723,508,125,475,123
10724,291,919,276,952
10725,112,23,107,24
10726,0,2,0,8
10727,3,12,9,15
10728,14,135,27,142
10729,2,17,1,22
10730,3,7,0,7
10732,258,114,243,130
10733,99,35,105,26
10734,23,75,20,91
10735,221,50,223,44
10736,158,67,163,71
10737,199,51,208,56
10738,41,40,42,34
10739,232,53,255,50
10740,223,34,199,40
10741,79,79,84,85
10742,46,151,47,147
10743,963,2943,939,2949
10746,853,138,849,142
10747,63,360,82,416
10748,9,67,9,62
10749,62,234,74,269
10750,92,376,110,407
10752,0,7,0,5
10753,13,67,7,66
10754,26,759,38,859
10755,14,74,13,75
10756,48,1135,50,1165
10758,31,10,40,9
10759,394,115,391,75
10760,299,61,298,48
10761,5,192,6,185
10762,6,1043,5,1011
10765,3,58,0,69
10766,35,28,39,10
10767,4,36,3,35
10768,5,125,6,129
10769,66,34,66,51
10770,395,73,392,52
10771,523,70,517,62
10772,5,43,10,44
10773,42,135,47,160
10774,137,27,149,29
10775,191,31,222,36
10776,98,35,84,31
10777,78,43,88,18
10778,82,13,102,9
10779,166,33,162,35
10780,171,39,163,34
10781,61,34,65,20
10782,120,97,138,115
10783,317,131,355,112
10784,428,69,425,74
10786,507,146,529,137
10787,203,48,200,57
10788,517,361,592,375
10789,524,109,517,113
10790,235,60,252,63
10791,608,151,629,156
10792,204,276,225,257
10793,500,117,547,113
10794,452,100,430,111
10795,17,162,13,173
10796,140,62,132,51
10797,532,101,494,118
10798,150,70,131,59
10799,57,1167,64,1114
10800,28,15,29,13
10801,195,53,194,56
10802,42,23,39,20
10803,484,237,467,215
10804,23,74,24,69
10805,11,91,18,114
10806,18,6,23,6
10807,196,365,171,321
10808,92,168,92,172
10809,3,52,4,56
10810,141,635,122,628
10811,535,147,524,117
10812,117,27,118,36
10813,100,27,102,22
10814,279,78,274,74
10815,119,154,123,169
10816,30,173,24,183
10817,77,645,62,633
10818,152,26,133,33
10819,19,163,13,161
10820,50,10,53,16
10821,166,108,148,109
10822,102,20,86,15
10823,78,18,86,17
10824,644,248,564,217
10825,32,716,37,745
10826,94,9,98,11
10827,159,41,171,36
10828,36,11,28,12
10829,357,280,362,312
10830,566,163,534,152
10831,341,793,321,840
10832,136,41,135,30
10833,50,18,62,20
10834,196,43,202,47
10835,48,740,50,713
10836,54,16,54,16
10837,21,455,15,451
10838,77,16,93,19
10839,223,73,233,89
10840,122,28,157,32
10841,246,140,232,141
10842,112,51,127,50
10843,693,120,747,133
10844,54,9,55,13
10845,30,9,25,1
10846,93,3,98,13
10847,227,74,235,69
10848,270,108,280,102
10849,284,42,264,38
10850,207,43,261,49
10851,275,49,297,35
10852,110,18,124,32
10853,77,12,72,19
10854,162,37,148,49
10855,279,138,307,184
10856,147,33,147,43
10857,81,307,89,324
10859,508,66,493,81
10860,481,65,448,85
10861,175,46,191,40
10862,379,80,330,80
10863,15,15,10,13
10864,629,1228,634,1328
10865,375,617,367,604
10866,384,46,343,80
10868,113,44,128,50
10869,313,58,332,44
10870,59,13,50,11
10871,59,14,73,12
10872,219,1703,221,1654
10873,136,19,122,18
10874,138,28,138,26
10875,24,58,28,46
10876,377,108,419,110
10877,179,43,186,47
10878,342,81,350,85
10880,362,72,347,70
10881,344,77,365,67
10882,239,59,218,61
10883,383,49,372,47
10884,280,35,271,36
10885,163,11,150,17
10886,480,58,463,82
10887,201,64,227,61
10888,328,48,340,44
10889,583,153,573,145
10890,471,99,469,78
10891,553,214,562,176
10892,89,25,81,27
10893,624,2820,624,2930
10894,50,240,51,224
10895,238,1167,222,1181
10896,371,125,387,124
10897,510,156,564,160
10898,248,62,238,92
10899,659,450,613,413
10900,633,173,658,182
10901,1048,272,979,271
10902,97,1061,117,1035
10903,109,444,99,425
10904,36,702,37,740
10905,28,371,21,428
10906,68,551,66,582
10907,815,173,881,153
10908,452,162,431,156
10909,875,193,895,142
10910,818,152,832,126
10911,209,58,203,64
10912,455,108,471,105
10913,11,1895,12,1865
10914,598,102,629,93
10915,171,33,146,28
10916,145,35,137,35
10917,138,681,142,689
10918,437,151,405,197
10919,448,224,437,148
10920,73,63,79,47
10921,209,58,213,54
10922,267,52,256,62
10923,259,52,249,51
10924,886,1302,842,1332
10925,795,144,772,152
10926,4,786,1,821
10927,100,24,94,23
10928,15,8,18,4
10929,1175,236,1217,222
10930,334,48,334,50
10931,18,262,14,271
10932,60,11,62,15
10933,144,96,133,82
10934,228,46,248,61
10935,1323,189,1417,181
10937,2,556,0,601
10938,55,1055,70,1024
10939,59,370,61,362
10940,1211,382,1215,450
10941,374,124,358,118
10942,767,294,734,297
10943,285,191,327,218
10944,309,92,324,89
10945,531,107,523,107
10946,354,66,351,72
10947,345,193,363,181
10948,89,359,113,353
10951,333,80,384,79
10952,23,15,15,15
10953,155,39,151,48
10954,338,76,318,91
10955,48,9,53,9
10956,135,30,151,32
10957,81,14,72,18
10958,129,46,141,48
10959,91,22,92,39
10960,115,45,128,40
10961,537,126,543,150
10962,422,93,397,98
10963,226,39,200,52
10964,124,32,116,17
10965,273,69,274,62
10966,440,113,483,111
10967,338,77,303,64
10968,139,2379,131,2278
10969,40,1058,37,1036
10970,176,40,169,49
10971,253,55,247,54
10972,369,100,374,112
10973,202,92,232,78
10974,124,1030,119,1055
10975,315,50,295,58
10976,138,44,152,26
10977,426,170,434,164
10978,194,52,188,55
10979,379,82,383,96
10980,250,77,220,62
10981,183,40,232,39
10982,108,18,110,20
10983,485,101,530,100
10984,735,169,698,147
10985,147,41,145,33
10986,639,143,598,120
10987,288,66,278,65
10988,233,76,215,78
10989,281,72,256,76
10990,658,189,655,215
10991,45,354,42,380
10992,12,225,6,182
10993,105,68,91,70
10994,119,76,114,77
10995,668,145,601,151
10996,680,172,722,148
10997,33,707,24,649
10998,122,34,126,28
10999,245,41,268,47
11000,234,33,226,37
11001,317,65,333,72
11002,34,141,47,160
11003,149,41,155,34
11004,150,41,158,23
11005,144,42,138,27
11006,515,97,500,82
11007,193,26,193,29
11008,82,30,93,28
11009,33,30,35,31
11010,127,491,99,519
11011,124,20,128,18
11012,167,48,181,33
11013,184,28,193,18
11014,309,210,285,165
11015,94,23,100,21
11016,150,30,132,36
11017,130,33,127,22
11018,92,16,87,30
11019,70,11,66,5
11020,304,63,305,59
11021,252,56,272,39
11022,214,32,213,44
11023,195,40,215,55
11024,163,32,172,39
11025,190,37,177,36
11026,294,41,265,46
11027,416,140,427,154
11028,111,23,99,29
11029,85,30,106,8
11030,272,59,258,58
11031,399,99,404,120
11032,159,38,191,33
11033,322,52,301,56
11034,164,40,170,30
11035,150,19,165,27
11036,218,43,182,43
11037,223,58,207,62
11038,60,11,61,17
11039,261,35,243,49
11040,230,46,246,50
11041,232,119,225,136
11042,291,61,283,53
11043,251,35,236,47
11044,182,33,182,27
11045,169,35,147,29
11046,66,27,80,29
11047,237,45,284,47
11048,215,577,247,577
11049,430,157,464,147
11050,1659,922,1709,902
11051,30,221,27,224
11052,426,1866,491,1959
11053,24,5,25,3
11054,0,38,0,55
11055,383,61,401,56
11056,354,224,349,225
11057,596,103,608,100
11058,14,97,23,124
11059,53,66,48,62
11060,15,356,14,338
11061,305,66,313,40
11062,34,164,32,152
11063,75,357,72,357
11064,55,171,65,188
11065,93,496,90,518
11066,214,35,210,42
11067,27,702,24,687
11068,68,2263,74,2319
11069,380,73,365,85
11070,155,40,153,45
11071,0,24,1,40
11072,19,127,22,117
11073,57,492,71,498
11074,216,169,215,154
11075,142,29,136,25
11076,425,84,460,72
11077,130,145,154,175
11078,256,1027,271,1100
11079,282,51,283,48
11080,132,150,137,138
11081,511,107,517,138
11082,3,21,0,28
11083,5,200,8,209
11084,217,60,213,65
11085,378,74,364,77
11086,153,28,154,37
11087,223,67,218,61
11088,475,99,493,101
11089,254,73,264,65
11090,343,50,336,74
11091,159,42,146,41
11092,375,69,342,76
11093,685,157,723,141
11094,80,19,77,20
11095,141,44,178,39
11096,342,79,357,101
11097,284,60,268,57
11098,4,126,5,155
11100,368,79,377,88
11101,261,52,251,71
11102,600,100,647,106
11103,280,66,285,49
11104,325,55,351,53
11105,117,23,137,22
11106,334,52,327,50
11107,51,14,44,15
11108,83,18,78,15
11109,161,37,169,39
11110,221,72,204,79
11111,121,1100,122,1017
11112,554,85,523,116
11113,240,69,248,53
11114,264,46,248,44
11115,150,35,137,31
11116,20,166,30,156
11117,336,80,291,78
11118,13,199,11,215
11119,7,33,6,29
11120,87,26,94,33
11121,36,9,31,15
11122,190,64,223,82
11123,112,205,106,196
11124,29,15,29,16
11125,43,14,30,12
11126,175,55,170,41
11127,115,42,107,60
11128,153,58,148,49
11129,103,28,93,15
11130,198,968,197,1021
11131,64,14,70,25
11132,419,84,373,75
11133,9,36,6,35
11134,5,88,6,104
11135,148,173,145,141
11136,293,106,261,102
11137,88,29,85,21
11138,71,16,83,13
11139,105,23,78,19
11140,37,9,41,18
11141,59,30,54,25
11142,58,19,64,27
11143,144,36,149,43
11144,79,36,74,49
11145,232,53,252,80
11146,67,25,78,21
11147,205,53,205,60
11148,124,26,124,39
11149,86,29,101,18
11150,105,38,102,28
11151,132,33,147,31
11152,146,416,147,414
11153,131,366,114,360
11154,80,76,96,65
11155,401,2665,435,2674
11158,97,52,78,36
11159,87,23,87,23
11160,63,18,51,17
11161,116,45,112,38
11162,156,34,136,26
11163,28,7,27,14
11164,88,16,103,20
11165,256,50,259,71
11166,48,19,50,18
11167,49,119,64,155
11168,163,28,147,29
11169,27,8,33,7
11170,177,791,198,834
11171,3,1758,6,1733
11172,108,17,112,18
11173,92,138,87,131
11174,71,23,70,16
11175,87,20,95,23
11176,77,20,65,19
11177,7,51,4,62
11178,93,10,82,16
11179,111,25,102,23
11180,75,15,69,22
11181,627,131,619,127
11183,24,9,23,6
11184,34,12,31,5
11186,133,285,138,224
11189,40,7,37,7
11191,2,45,5,51
11193,102,25,98,26
11194,55,15,50,25
11195,74,102,71,75
11196,41,8,39,9
11197,4,24,9,34
11199,8,37,11,36
11200,15,254,9,238
11201,80,12,87,15
11202,96,116,97,96
11203,46,15,46,10
11204,145,36,146,25
11205,24,4,24,4
11206,141,14,134,23
11207,75,143,77,153
11208,18,59,22,77
11209,0,6,2,6
11210,27,14,32,7
11211,141,310,129,306
11212,19,96,17,106
11213,131,23,135,13
11214,57,31,52,22
11215,52,8,47,7
11216,41,8,38,7
11217,27,2,28,1
11218,57,7,47,7
11219,158,24,135,31
11220,64,10,57,13
11221,96,4,95,9
11222,117,13,108,14
11223,140,28,144,21
11224,114,11,117,18
11225,8,225,8,216
11226,0,4,0,4
11227,76,42,82,61
11228,27,553,28,571
11229,11,64,7,59
11230,14,159,19,180
11231,2,30,2,23
11232,164,43,155,39
11233,20,260,33,276
11235,50,769,31,735
11236,0,6,0,5
11237,12,80,9,68
11238,0,9,0,15
11239,3,18,0,15
11240,0,13,0,15
11241,0,8,0,8
11242,14,78,12,56
11244,103,377,106,374
11246,0,16,1,15
11247,6,24,8,24
11248,46,168,42,166
11249,144,1213,143,1178
11250,139,645,139,662
11252,0,1,1,2
11253,0,9,0,4
11254,58,7,72,8
11255,41,7,32,7
11256,89,17,87,16
11257,149,33,166,27
11258,123,11,109,20
11259,175,28,173,28
11260,163,52,139,50
11261,193,26,175,19
11262,528,79,536,78
11263,345,26,337,43
11264,136,17,148,16
11265,245,34,249,30
11266,463,127,469,123
11267,135,30,166,31
11268,191,47,180,61
11269,266,86,287,78
11270,134,32,147,49
11271,128,503,123,511
11272,0,8,0,11
11273,516,118,524,117
11274,143,59,149,59
11275,9,79,5,80
11276,281,58,279,86
11277,81,169,90,158
11278,1,88,4,62
11279,214,32,225,51
11280,243,378,215,285
11281,59,354,54,317
11282,313,480,285,459
11283,262,316,249,316
11284,11,87,9,83
11285,6,139,5,157
11286,2,45,1,41
11287,207,98,200,110
11288,0,94,4,118
11289,63,381,71,405
11290,9,298,9,292
11291,28,433,28,420
11292,54,593,43,651
11293,15,61,11,77
11294,27,255,19,240
11295,290,130,300,122
11296,884,267,871,278
11297,49,764,49,708
11298,687,132,683,141
11299,228,35,230,38
11300,35,183,24,170
11301,2,24,0,17
11302,43,218,63,258
11303,150,1032,170,1073
11304,22,254,24,252
11305,5,19,4,11
11306,28,642,39,648
11307,47,232,49,219
11308,9,55,9,42
11309,1,3,4,11
11310,38,516,44,496
11311,0,24,5,15
11312,44,204,57,227
11313,185,70,184,71
11314,84,40,84,59
11316,26,4,24,4
11317,28,14,31,17
11318,160,27,163,27
11319,835,96,867,102
11320,29,163,42,172
11321,57,311,70,289
11322,294,48,351,43
11323,81,18,81,22
11324,353,55,389,53
11325,152,29,154,28
11326,49,15,47,15
11329,239,37,265,49
11330,43,163,32,126
11331,142,55,185,59
11332,330,72,333,103
11333,140,18,176,22
11334,66,26,67,26
11335,644,100,666,129
11336,17,34,20,28
11337,250,60,270,76
11338,401,137,426,113
11339,859,128,798,121
11340,269,42,262,42
11341,16,10,11,13
11342,329,98,334,123
11343,468,65,449,50
11344,660,345,700,368
11345,238,66,208,62
11346,510,108,462,108
11347,288,51,281,43
11348,188,67,189,83
11349,178,382,162,384
11350,16,128,30,144
11351,701,241,727,222
11352,181,186,158,181
11353,388,74,414,97
11354,597,305,600,279
11355,331,99,336,96
11356,202,52,183,55
11357,285,545,278,542
11358,197,871,177,885
11359,22,413,23,428
11360,235,2130,228,2185
11361,1,25,1,29
11362,0,9,1,9
11363,6,43,4,56
11365,515,1036,487,1080
11366,0,38,0,36
11367,3,19,3,20
11368,1284,2560,1265,2451
11370,6,61,9,62
11371,24,94,25,103
11372,379,59,381,68
11373,41,24,51,30
11374,108,804,105,850
11375,215,50,205,47
11376,221,129,198,93
11377,9,33,8,19
11379,388,102,350,102
11380,279,54,286,61
11381,271,60,280,61
11382,122,36,152,27
11383,148,34,155,15
11384,138,13,166,38
11385,615,111,646,100
11386,225,27,194,40
11387,60,448,60,460
11388,293,62,305,80
11389,208,63,222,60
11390,5,94,6,69
11391,305,73,351,55
11392,241,44,252,50
11393,21,6,26,11
11394,198,627,204,611
11395,56,7,61,20
11396,22,17,33,25
11397,1,7,0,3
11398,101,39,103,29
11399,214,35,205,34
11400,49,13,45,6
11401,116,22,114,22
11402,131,31,129,26
11403,272,54,257,44
11404,237,30,246,48
11405,236,34,258,33
11406,117,9,131,19
11407,165,19,147,29
11410,836,191,862,212
11411,951,294,918,291
11412,629,119,629,115
11413,458,89,469,95
11414,64,1485,62,1556
11415,455,12241,431,12519
11416,358,46,374,54
11417,52,138,49,145
11418,306,76,282,60
11419,384,69,349,56
11420,158,35,178,37
11421,368,312,380,341
11422,392,70,403,80
11423,373,63,372,79
11424,252,252,262,259
11425,726,132,792,128
11426,872,151,952,137
11427,177,32,177,58
11428,349,59,382,46
11429,326,39,339,45
11432,1,122,0,113
11433,0,125,0,117
11434,3,11,1,15
11435,0,23,4,19
11436,0,184,0,208
11437,159,36,173,43
11438,35,148,31,130
11439,61,217,34,198
11440,56,911,54,966
11441,36,175,40,208
11442,241,124,270,109
11443,99,16,108,19
11444,92,28,82,29
11445,162,27,171,41
11446,58,654,70,701
11447,3,121,4,115
11448,79,83,68,91
11449,79,20,77,26
11450,48,14,31,11
11451,74,31,80,28
11452,12,90,17,98
11453,92,34,94,37
11454,48,28,52,26
11455,47,17,45,16
11456,169,45,153,41
11457,77,14,70,12
11458,169,158,184,194
11459,84,23,74,26
11460,15,6,12,1
11463,0,103,0,113
11464,108,23,115,26
11465,111,35,117,38
11466,397,146,390,157
11467,74,10,85,10
11468,226,133,235,126
11469,236,65,245,64
11470,420,70,423,75
11471,5,65,3,43
11472,237,43,247,40
11473,86,36,86,36
11474,295,76,262,64
11475,294,53,273,50
11476,354,62,341,61
11477,212,43,246,38
11478,46,17,40,25
11479,74,18,76,15
11480,254,38,253,58
11481,46,14,50,7
11482,162,21,169,25
11483,131,23,148,11
11484,160,23,143,19
11485,97,27,134,15
11486,116,19,140,12
11487,196,22,180,30
11488,115,24,116,10
11489,137,14,138,19
11490,221,65,207,49
11491,357,137,338,125
11492,385,341,409,376
11493,497,105,430,100
11494,71,6,59,3
11495,106,44,134,44
11496,65,21,59,10
11497,229,72,214,77
11498,42,318,42,319
11499,109,13,96,17
11500,84,18,65,11
11501,52,15,45,27
11502,134,1772,126,1714
11503,423,119,420,111
11504,259,1231,296,1235
11505,265,51,276,37
11506,209,30,203,40
11507,321,64,317,77
11508,106,11,96,14
11509,86,17,84,16
11510,270,82,267,65
11511,62,16,75,19
11512,89,11,123,15
11513,280,45,261,38
11514,405,39,393,43
11515,132,36,132,42
11516,391,75,358,77
11517,140,25,119,24
11518,41,13,37,6
11519,201,23,180,20
11520,46,2,49,8
11521,1,679,7,725
11522,33,12,38,9
11523,187,54,175,62
11525,64,19,65,8
11526,122,14,121,22
11528,169,18,182,21
11529,123,22,121,6
11530,85,15,84,12
11531,148,18,142,16
11532,238,20,231,30
11533,92,23,112,22
11534,88,25,72,27
11535,32,21,36,16
11536,106,41,98,21
11537,211,41,205,38
11538,143,507,144,484
11539,218,45,221,63
11540,169,24,173,22
11541,78,10,76,11
11542,129,108,128,126
11543,142,22,125,16
11544,538,250,547,311
11545,371,49,384,47
11546,120,30,112,34
11547,97,36,102,40
11548,70,9,66,18
11549,21,5,27,2
11550,25,4,36,5
11551,37,2,34,4
11552,63,20,57,19
11553,101,9,105,9
11554,254,27,248,20
11555,326,60,368,72
11556,285,40,299,38
11557,233,48,242,44
11558,73,3,58,3
11559,101,19,107,18
11560,129,21,113,19
11561,97,48,137,47
11562,73,20,74,15
11563,193,37,196,45
11564,332,94,322,88
11565,254,37,238,50
11566,1,10,0,8
11567,19,113,20,129
11568,89,15,120,14
11569,542,77,586,83
11573,292,41,272,42
11575,13,4,15,2
11577,91,43,95,42
11578,60,20,69,11
11580,66,23,56,12
11581,103,20,88,23
11582,0,1,0,2
11583,223,72,204,73
11584,72,23,70,29
11585,103,18,88,24
11586,0,142,0,133
11587,0,64,0,78
11588,30,9,37,13
11589,3,39,2,36
11590,18,44,20,49
11591,67,6,62,16
11592,258,45,276,56
11593,111,19,112,19
11594,183,25,179,17
11595,305,115,340,142
11596,87,27,97,37
11597,178,62,196,61
11598,514,238,481,245
11599,964,268,975,282
11600,12,420,10,365
11601,131,72,159,92
11602,420,58,446,68
11603,613,109,646,115
11604,565,711,541,726
11605,114,29,103,29
11606,975,124,890,129
11607,858,203,919,207
11609,131,618,121,672
11610,637,129,585,108
11611,388,63,433,78
11612,761,117,754,131
11613,0,125,0,110
11614,273,45,283,50
11615,247,65,238,60
11616,31,8,46,10
11617,358,101,351,91
11619,637,125,697,107
11620,284,37,268,49
11621,346,69,298,64
11624,268,60,258,58
11625,272,56,295,53
11626,205,65,228,51
11627,9,3710,9,3621
11628,166,31,172,54
11630,449,58,445,77
11631,475,148,495,151
11632,299,71,313,101
11633,67,13,58,19
11634,223,51,219,55
11635,119,923,103,944
11636,172,59,151,64
11637,104,28,114,38
11638,126,52,111,49
11639,172,53,171,65
11640,54,71,34,69
11641,64,16,61,8
11642,110,23,112,32
11643,140,31,153,37
11644,272,93,259,80
11645,68,9,59,14
11646,233,48,230,50
11647,112,40,122,47
11648,258,67,283,74
11649,343,109,387,105
11650,292,80,273,71
11651,85,38,90,24
11652,235,59,214,57
11653,321,84,341,95
11654,214,54,205,40
11655,175,591,187,543
11656,329,87,283,75
11657,519,125,524,114
11658,262,74,239,54
11659,15,433,4,438
11660,467,99,465,119
11661,482,97,504,111
11662,179,44,209,39
11663,508,113,517,115
11664,94,39,95,31
11665,84,29,104,24
11666,28,8,32,9
11667,54,19,59,24
11668,280,69,299,49
11669,127,125,121,118
11670,304,123,323,114
11671,270,69,270,74
11672,533,178,570,163
11673,154,137,172,127
11674,17,218,15,178
11675,422,168,398,192
11676,254,54,251,84
11677,349,77,374,89
11678,833,174,761,218
11679,5,61,0,49
11680,198,60,205,61
11681,425,92,496,106
11682,257,67,272,67
11683,467,76,414,86
11684,35,34,44,57
11685,143,36,146,37
11686,216,595,242,670
11687,1,17,1,12
11688,16,73,8,60
11689,20,855,14,855
11690,74,14,64,10
11691,118,26,108,32
11692,211,29,221,38
11693,398,83,386,79
11694,147,36,128,41
11695,0,14,1,10
11696,171,61,162,43
11697,478,103,470,119
11698,261,98,228,85
11699,134,3163,134,3076
11700,606,136,614,140
11701,625,152,657,158
11702,697,106,685,131
11703,320,89,319,102
11704,366,70,335,86
11705,492,118,471,107
11706,309,66,305,69
11707,171,43,167,48
11708,258,1337,268,1278
11709,366,95,373,77
11710,586,136,551,140
11711,106,37,109,66
11712,200,51,171,36
11713,407,115,393,105
11714,1083,233,1084,261
11715,447,105,438,112
11716,1194,313,1194,336
11717,484,155,463,134
11718,458,126,417,99
11719,227,68,234,88
11720,198,59,204,82
11721,306,64,281,62
11722,450,90,486,103
11723,168,40,183,28
11724,328,68,361,68
11725,356,79,330,98
11726,88,35,94,32
11727,219,53,226,47
11728,217,44,207,41
11729,88,30,87,23
11730,109,29,93,9
11731,120,24,106,23
11732,302,80,300,75
11733,17,256,16,290
11734,156,43,150,49
11735,242,574,265,537
11736,12,163,17,171
11737,327,94,350,93
11738,69,17,63,12
11739,20,332,22,295
11740,50,19,48,21
11741,2554,435,2560,469
11742,19,69,10,58
11743,2,0,1,5
11744,2,49,3,51
11745,18,184,19,209
11746,118,548,93,541
11747,408,1383,422,1375
11748,47,63,64,71
11749,0,96,0,102
11750,464,72,434,79
11751,333,36,351,36
11752,289,58,294,67
11753,4,2325,3,2303
11754,687,169,707,185
11755,633,154,715,178
11756,93,29,91,20
11757,437,89,430,100
11758,245,31,221,39
11760,1099,196,1093,185
11762,6,4,10,3
11764,5,0,1,0
11766,6,5,4,1
11767,1,26,3,34
11768,159,946,148,872
11769,514,2615,586,2727
11771,281,1064,262,1071
11772,132,564,136,619
11773,91,385,119,392
11774,91,492,118,468
11776,16,16,13,10
11777,104,388,106,332
11778,185,820,213,854
11779,279,40,283,44
11780,271,50,271,57
11781,252,68,246,52
11782,109,47,112,33
11783,112,26,108,30
11784,118,28,123,27
11785,170,45,146,40
11786,278,34,292,46
11787,166,36,176,26
11788,4,43,4,51
11789,18,59,19,59
11790,89,32,85,25
11791,236,72,237,61
11792,100,28,76,16
11793,4,988,7,1024
11794,252,40,247,36
11795,439,112,475,118
11796,268,50,301,46
11797,275,39,269,49
11798,177,52,167,42
11799,266,59,291,45
11800,217,938,218,975
11801,834,291,863,290
11802,355,87,376,86
11803,525,164,521,170
11804,288,71,330,52
11805,250,49,246,45
11806,38,581,38,541
11807,265,189,272,181
11808,293,444,279,465
11809,464,112,465,112
11810,429,438,413,410
11811,691,165,678,174
11812,549,119,547,113
11813,487,191,446,189
11814,615,147,607,130
11815,360,123,340,120
11816,277,58,271,72
11817,300,175,316,179
11818,566,292,577,305
11819,363,109,376,121
11820,467,259,452,204
11821,608,274,644,279
11822,106,51,111,49
11823,368,94,365,112
11824,1,28,4,38
11825,169,55,156,63
11826,785,450,765,444
11827,258,88,245,83
11828,1057,97,1118,84
11829,1052,1487,1070,1590
11830,369,96,338,136
11831,155,42,152,58
11832,328,138,362,109
11833,138,37,135,39
11834,189,30,166,43
11835,298,66,310,41
11836,248,46,255,51
11837,134,29,137,38
11838,24,41,28,64
11839,93,921,104,944
11840,298,87,292,79
11841,253,47,285,64
11842,297,47,284,57
11843,920,181,888,201
11844,420,72,439,74
11846,172,82,187,88
11847,119,28,107,27
11848,1320,325,1324,296
11849,138,38,134,50
11850,259,79,243,59
11851,190,241,177,236
11852,189,56,190,49
11853,250,41,247,55
11854,149,28,140,33
11855,226,55,234,73
11856,165,28,164,26
11857,89,32,75,18
11858,241,132,261,101
11859,124,37,116,37
11860,165,41,153,44
11862,0,1,0,3
11864,52,10,55,11
11865,97,69,89,54
11866,385,68,405,64
11867,4,1867,3,1869
11868,6,138,1,147
11869,85,13,89,9
11870,226,154,250,173
11871,455,101,463,88
11872,260,80,251,61
11873,510,145,487,161
11874,5,134,4,109
11876,118,23,130,26
11877,124,23,119,34
11878,91,13,72,14
11879,144,115,164,93
11880,250,44,240,35
11882,762,153,787,144
11883,178,34,177,33
11884,89,30,82,21
11885,200,58,225,51
11886,46,27,64,14
11887,152,55,140,36
11888,291,91,278,55
11889,197,77,198,52
11890,3,44,1,33
11891,90,33,104,39
11892,456,112,456,153
11893,297,56,316,58
11894,4,680,4,631
11895,38,18,42,11
11896,176,31,167,34
11897,174,61,169,55
11898,219,44,209,43
11899,14,239,24,270
11900,397,90,395,83
11901,958,199,936,217
11902,734,158,764,170
11903,369,155,380,108
11904,55,595,55,590
11905,973,158,945,175
11906,53,23,68,30
11907,87,40,113,31
11908,326,100,334,98
11909,15,230,14,224
11910,276,74,295,95
11911,284,71,303,87
11912,139,52,155,44
11913,241,1416,244,1484
11914,160,45,165,29
11915,79,24,98,32
11916,201,66,194,49
11917,438,130,413,106
11918,320,67,321,63
11919,248,57,249,58
11920,494,264,500,296
11921,54,2149,69,2080
11922,647,122,636,124
11923,133,39,149,33
11924,321,63,313,58
11925,84,23,87,15
11927,377,71,348,78
11928,45,1230,35,1207
11929,111,3069,88,3024
11930,133,40,143,43
11931,211,58,177,45
11932,190,38,181,45
11933,460,99,472,83
11934,490,104,464,138
11935,90,54,92,59
11936,735,157,732,110
11937,9,1368,7,1372
11938,519,105,473,100
11939,66,1971,67,2006
11940,454,101,447,86
11941,169,43,169,26
11942,213,78,222,77
11943,345,587,386,608
11944,383,96,409,95
11945,234,56,236,42
11946,352,73,342,90
11947,270,61,300,72
11950,1,3,0,2
11952,79,22,77,31
11953,197,50,197,45
11955,41,10,35,6
11956,6,100,5,91
11957,165,56,178,28
11958,120,20,132,24
11959,117,18,105,24
11960,146,40,147,37
11961,713,109,696,110
11962,308,32,273,26
11963,145,38,140,39
11967,58,26,52,26
11968,81,8,86,16
11969,8,2320,9,2279
11973,229,69,240,63
11975,213,25,218,37
11976,293,43,290,41
11977,6,1111,7,1107
11978,782,209,848,219
11979,121,37,125,42
11980,41,2,43,7
11981,266,77,301,62
11982,55,14,63,18
11983,70,13,64,17
11984,29,8,30,15
11985,41,17,49,19
11986,185,27,188,28
11987,58,14,69,14
11988,89,36,97,51
11989,54,8,50,7
11990,97,50,104,23
11991,67,17,65,10
11992,348,46,323,39
11993,74,38,95,48
11994,0,28,1,28
11995,62,16,79,19
11996,58,22,47,14
11997,89,18,87,14
11998,167,65,181,66
12000,163,56,166,70
12001,239,104,246,74
12002,107,40,117,28
12003,19,305,24,321
12004,881,204,884,187
12005,446,92,460,92
12006,200,39,218,40
12007,64,23,73,24
12008,97,21,103,12
12009,71,9,72,16
12010,378,63,401,48
12011,556,87,557,71
12012,478,106,517,77
12013,437,82,434,64
12014,607,96,605,102
12015,40,8,39,8
12016,91,27,90,28
12017,417,98,437,89
12018,264,96,275,107
12019,433,113,427,107
12020,495,103,495,106
12021,243,52,249,55
12022,106,27,102,23
12023,43,995,32,1037
12024,329,39,302,56
12025,433,128,464,103
12026,264,41,312,46
12027,977,166,958,165
12028,286,55,282,48
12029,3,2215,3,2194
12030,8,25,3,33
12031,200,60,169,39
12032,475,166,490,173
12033,133,58,136,53
12034,74,21,76,35
12035,28,12,37,13
12036,191,57,197,56
12037,150,65,146,59
12038,352,213,342,195
12039,211,44,207,46
12040,176,62,179,59
12041,358,89,327,83
12042,200,65,191,49
12043,602,163,628,181
12044,123,19,142,36
12045,117,32,104,20
12046,20,183,21,181
12047,13,162,20,146
12048,126,37,156,40
12049,89,49,97,28
12050,197,101,211,93
12051,285,101,258,119
12052,217,75,231,90
12053,146,54,141,40
12054,199,82,222,65
12055,525,177,537,159
12056,184,48,202,42
12057,85,60,92,50
12058,80,36,72,36
12059,43,18,39,4
12060,98,43,95,31
12061,1,811,5,834
12062,104,37,111,44
12063,189,43,192,47
12064,160,41,180,59
12065,715,115,759,86
12066,392,78,421,102
12067,367,81,362,92
12068,330,88,260,60
12069,114,33,108,29
12070,267,29,304,19
12071,919,1094,938,1184
12072,308,84,288,80
12073,398,73,392,78
12074,83,14,95,19
12075,223,126,238,134
12076,6,87,5,84
12077,13,17,12,18
12078,36,54,45,67
12079,9,115,17,151
12080,7,104,12,116
12081,278,330,256,341
12082,138,73,118,76
12083,210,60,220,48
12084,446,129,450,111
12085,291,86,289,84
12086,125,22,122,47
12087,196,54,175,61
12088,259,75,245,63
12089,129,40,141,30
12090,272,50,272,80
12091,167,135,171,151
12092,168,76,175,61
12093,9,631,6,643
12094,336,767,356,743
12095,124,59,140,66
12096,34,127,21,107
12097,205,1550,226,1474
12098,238,110,258,114
12099,102,149,92,165
12100,15,13,24,9
12101,32,490,48,503
12102,63,21,68,20
12103,298,102,286,95
12104,19,131,14,122
12105,26,25,37,24
12106,42,25,54,31
12107,131,44,127,33
12108,32,753,28,732
12109,327,72,354,99
12110,244,144,249,139
12111,13,167,15,181
12113,117,35,141,34
12114,53,135,41,103
12115,5,106,7,110
12116,34,107,42,137
12117,173,68,153,45
12118,94,32,109,42
12119,121,89,119,86
12120,91,36,89,33
12121,328,75,313,97
12122,491,140,464,129
12123,65,354,71,357
12124,22,7,21,11
12125,103,52,119,45
12126,324,71,328,79
12127,675,133,701,135
12128,224,216,272,215
12129,10,94,14,77
12130,255,112,277,132
12131,247,46,255,31
12132,33,12,31,14
12133,154,62,176,59
12134,242,118,233,104
12135,57,26,44,16
12136,104,230,136,208
12137,137,54,138,44
12138,95,40,99,40
12139,368,155,342,126
12140,117,28,117,41
12141,119,46,107,29
12142,84,31,86,29
12143,320,68,314,84
12144,24,167,19,178
12145,171,68,166,53
12146,118,64,128,50
12147,127,60,119,53
12148,80,865,70,906
12149,311,90,302,79
12150,103,30,88,27
12151,442,149,452,149
12152,31,15,35,14
12153,172,101,170,99
12154,10,86,5,108
12155,270,117,274,96
12156,16,308,21,299
12157,438,205,456,179
12158,1219,555,1180,594
12159,32,559,19,505
12160,129,438,125,445
12162,23,798,36,853
12163,12,43,15,48
12164,8,120,14,102
12165,10,79,12,84
12166,53,287,36,279
12167,7,193,12,177
12168,4,149,5,129
12169,198,39,186,33
12170,17,266,14,271
12171,463,91,469,70
12172,96,19,107,32
12173,105,19,123,13
12174,85,30,91,23
12175,20,4,31,9
12176,52,21,65,27
12177,325,41,308,40
12178,716,154,727,120
12179,292,42,243,35
12180,14,520,21,534
12181,70,3368,80,3282
12182,59,1163,67,1192
12183,660,212,668,211
12184,55,91,45,95
12185,106,232,107,217
12186,49,278,57,260
12187,49,77,48,65
12188,104,326,91,342
12189,13,8,16,5
12190,93,20,101,23
12191,104,23,109,26
12192,147,45,143,56
12193,22,6,32,6
12194,95,34,117,38
12195,202,52,227,66
12196,756,5728,731,5885
12197,26,6,26,8
12198,237,40,236,30
12199,11,6,19,4
12200,146,47,161,51
12201,150,24,130,21
12202,127,27,124,23
12203,83,33,78,30
12204,77,14,85,24
12205,234,43,233,46
12206,449,141,444,127
12207,29,1106,38,1121
12208,132,60,123,47
12209,640,154,572,157
12210,418,119,397,96
12211,95,18,92,28
12212,70,11,69,11
12213,230,45,224,87
12214,140,35,143,33
12215,84,35,105,44
12216,66,28,67,32
12217,88,33,88,46
12218,303,80,273,74
12219,121,74,109,60
12220,221,56,225,59
12221,309,158,287,157
12222,137,34,146,46
12223,280,87,296,69
12224,260,52,285,85
12225,197,53,220,35
12226,639,121,632,143
12227,122,298,131,286
12228,74,8,58,17
12229,40,30,51,19
12230,38,18,35,12
12231,283,254,280,261
12232,11,125,14,125
12233,600,150,624,147
12234,129,48,129,49
12235,120,100,102,94
12236,418,101,404,114
12237,20,156,28,183
12238,1049,318,1095,334
12239,503,111,470,116
12240,422,158,440,154
12241,445,133,396,159
12242,2,10,1,11
12243,456,95,440,80
12244,111,46,110,29
12245,346,100,321,78
12246,360,243,346,240
12247,5,2078,11,2144
12248,187,40,174,36
12249,268,52,267,78
12250,237,52,243,44
12251,98,23,97,24
12252,239,46,227,43
12253,245,47,247,42
12254,190,39,198,43
12255,847,137,875,133
12256,523,99,542,117
12257,236,73,213,54
12258,123,37,106,42
12259,165,45,152,61
12260,277,92,304,76
12261,540,124,593,132
12262,32,56,23,42
12263,594,137,594,116
12264,77,17,83,12
12265,451,85,453,85
12266,283,124,231,134
12267,399,88,400,84
12268,393,204,384,211
12269,286,72,252,40
12270,23,59,24,53
12271,161,38,173,54
12272,154,40,136,41
12273,269,93,285,83
12274,52,90,51,105
12275,142,43,123,45
12276,64,31,71,24
12277,11,55,8,57
12278,31,7,42,7
12279,51,16,53,26
12280,41,15,51,20
12281,206,101,223,81
12282,161,39,161,31
12283,97,23,89,16
12284,138,30,134,38
12285,104,1444,83,1391
12286,173,42,178,43
12287,72,20,78,11
12288,86,462,56,423
12289,327,120,324,111
12290,336,85,348,101
12291,63,14,55,22
12292,852,283,905,248
12293,215,71,204,75
12294,479,78,495,95
12295,461,88,488,101
12296,30,464,33,514
12297,290,97,313,125
12298,240,57,221,49
12299,479,87,441,95
12300,186,30,191,46
12301,593,118,584,101
12302,203,54,186,50
12303,482,168,469,141
12304,267,64,263,64
12305,426,60,416,86
12306,271,92,314,99
12308,858,122,838,134
12309,301,39,305,35
12310,418,93,445,109
12311,229,924,243,939
12312,198,1178,151,1105
12313,19,103,27,113
12314,140,739,161,756
12315,1394,7114,1404,7298
12316,241,1075,225,1030
12317,1842,447,1855,406
12318,1,222,0,198
12319,153,32,148,26
12320,319,89,373,90
12321,12,2058,8,2021
12322,605,210,577,201
12323,289,82,316,101
12324,329,56,276,73
12325,569,137,554,135
12326,301,83,315,80
12327,501,115,525,115
12328,185,71,195,88
12329,1,1504,1,1608
12330,370,76,375,83
12331,233,48,274,59
12332,508,67,569,95
12333,372,103,357,90
12334,713,206,724,200
12335,116,1026,109,994
12336,630,109,657,111
12337,226,42,223,35
12338,196,61,202,50
12339,263,85,221,72
12340,319,58,315,52
12341,4,630,7,697
12342,323,89,360,95
12343,347,64,344,70
12344,137,40,142,37
12345,57,58,67,85
12346,321,104,336,73
12347,0,53,0,41
12348,487,152,435,151
12349,211,33,186,35
12350,924,138,865,139
12351,479,182,497,185
12352,232,54,232,61
12353,374,135,395,147
12354,309,111,301,110
12355,584,108,571,138
12356,373,58,353,62
12357,178,24,178,34
12358,163,35,190,40
12359,1,5,0,8
12360,118,35,108,42
12361,608,65,615,75
12362,80,12,70,9
12363,1,1,0,0
12364,17,15,10,11
12365,235,61,245,64
12366,8,1,6,12
12367,434,99,424,94
12368,249,52,229,56
12369,388,54,385,55
12370,1014,103,982,148
12371,204,28,184,27
12372,3,1181,1,1224
12373,398,154,372,156
12374,110,6,105,17
12375,1176,194,1203,210
12376,8,1318,6,1355
12377,315,53,320,53
12378,285,50,328,48
12379,0,2,0,5
12381,163,1105,178,1196
12382,70,305,76,320
12383,84,614,76,621
12384,465,63,456,58
12385,255,36,244,38
12386,170,30,175,26
12387,167,19,184,23
12388,911,172,946,170
12389,24,3,31,2
12390,3,1329,6,1323
12391,983,160,953,167
12392,791,113,746,114
12393,568,67,542,84
12394,825,84,823,88
12395,123,10,99,16
12396,713,113,732,124
12397,321,56,289,47
12398,629,117,719,139
12399,238,36,238,41
12400,550,245,569,229
12401,11,135,12,191
12402,460,81,473,121
12403,97,25,99,27
12404,58,682,73,657
12405,61,1592,79,1617
12406,464,84,450,97
12407,12,43,13,38
12408,663,123,693,133
12409,27,613,25,594
12410,177,44,174,60
12411,139,135,154,140
12412,378,73,399,74
12413,128,41,114,46
12414,68,27,53,17
12415,41,4,38,12
12416,121,30,110,33
12417,45,24,42,30
12418,181,58,171,39
12419,148,66,162,68
12420,127,27,115,25
12421,132,11,126,28
12422,72,32,84,24
12423,115,92,127,97
12424,332,61,307,66
12425,385,1100,398,1104
12426,36,12,35,11
12427,83,24,93,12
12428,155,40,156,42
12429,79,16,71,14
12430,172,44,170,31
12431,118,29,99,16
12432,227,58,220,64
12433,16,237,30,261
12434,437,100,420,79
12435,566,180,562,185
12436,67,24,75,28
12437,134,34,134,26
12438,303,205,301,206
12439,56,9,64,8
12440,0,11,0,11
12441,149,53,158,54
12442,307,84,284,76
12443,104,40,113,40
12444,0,5,1,14
12446,269,71,286,79
12447,22,281,11,276
12448,49,10,40,9
12449,188,43,181,52
12450,140,16,136,22
12451,119,29,133,24
12452,197,35,183,35
12453,87,26,77,15
12454,98,32,121,20
12455,220,69,240,49
12456,188,50,202,50
12457,190,39,188,49
12458,55,756,65,714
12459,104,33,95,24
12460,220,43,229,56
12461,285,44,294,50
12462,206,62,200,41
12463,76,24,69,24
12464,151,30,145,35
12465,121,34,103,28
12466,91,28,93,25
12467,167,121,155,101
12468,48,11,48,13
12469,126,17,142,50
12470,111,16,118,28
12471,495,100,487,92
12472,201,36,194,50
12473,65,26,65,45
12474,118,346,120,342
12475,66,344,66,383
12476,60,301,65,319
12478,125,400,136,409
12479,54,16,58,22
12480,224,32,237,43
12481,101,13,98,19
12482,3,1470,2,1415
12483,128,25,128,37
12484,26,6,30,8
12485,202,42,189,48
12486,6,182,10,184
12487,60,32,57,39
12488,20,104,18,129
12489,178,55,179,51
12490,250,47,257,58
12491,345,67,308,72
12492,327,49,328,68
12493,474,110,475,125
12494,529,174,529,180
12495,247,64,235,55
12496,593,158,598,149
12497,347,75,350,71
12498,115,27,131,23
12499,376,191,378,219
12500,94,56,90,53
12501,59,32,46,37
12503,713,131,694,152
12505,458,82,465,95
12506,133,43,168,42
12507,71,16,69,18
12508,307,51,291,73
12509,263,57,240,53
12510,178,2031,169,1957
12511,86,19,96,19
12512,640,59,633,61
12513,260,32,261,50
12514,270,59,255,54
12515,632,111,644,142
12516,284,50,277,64
12517,30,22,27,25
12518,90,33,91,36
12519,168,33,179,25
12520,44,17,45,6
12521,227,64,219,58
12522,33,35,20,37
12523,19,15,23,13
12524,28,7,23,5
12526,1,33,1,24
12527,158,45,147,79
12529,100,21,95,18
12530,44,16,38,16
12533,347,66,333,82
12534,54,688,43,692
12535,180,41,192,46
12536,224,33,234,30
12537,370,81,365,58
12538,635,154,595,138
12539,659,284,647,261
12540,173,51,176,59
12541,132,39,140,53
12542,608,96,580,140
12543,806,164,731,148
12544,215,71,198,57
12545,173,47,177,45
12546,135,36,152,28
12547,5,2708,3,2771
12548,139,24,135,29
12549,161,35,148,37
12550,237,59,258,63
12551,637,92,611,92
12552,346,46,364,68
12553,556,2729,535,2595
12554,372,85,343,79
12555,120,28,114,42
12556,145,43,147,38
12557,119,41,132,33
12558,367,93,340,105
12559,303,46,305,69
12560,546,99,551,114
12561,714,132,737,132
12562,407,82,376,72
12563,308,53,336,66
12564,85,18,86,19
12565,64,22,78,8
12566,445,93,465,83
12567,886,174,897,187
12568,579,117,609,113
12569,607,150,631,108
12570,6,81,4,78
12571,716,148,637,117
12572,133,21,125,24
12573,398,95,422,88
12574,361,121,383,126
12575,605,174,586,167
12576,386,79,358,79
12577,278,74,295,76
12578,416,116,433,118
12579,154,93,132,105
12580,212,53,195,53
12581,1,6,2,13
12582,1425,322,1488,277
12583,539,104,530,119
12584,19,119,22,98
12585,289,59,285,70
12586,12,177,6,162
12587,158,49,175,52
12588,102,27,102,18
12589,48,14,57,18
12590,147,27,157,34
12591,801,174,839,172
12592,223,54,232,51
12593,33,350,25,337
12594,307,112,318,83
12595,464,95,409,82
12596,178,33,182,29
12597,0,84,0,72
12598,510,110,486,111
12599,2,1188,4,1162
12601,386,83,398,70
12602,138,34,132,40
12603,130,60,140,64
12604,391,108,354,129
12605,90,28,94,34
12606,2,6,2,10
12607,143,467,160,498
12608,110,478,116,535
12609,473,69,478,76
12610,222,129,246,138
12611,496,88,498,67
12612,21,61,19,52
12613,3,71,10,69
12614,387,128,376,133
12615,0,108,0,130
12616,382,118,370,144
12617,47,421,30,435
12618,1305,485,1290,478
12619,1270,284,1335,294
12620,51,499,59,519
12621,33,143,30,135
12622,471,2569,451,2470
12623,50,507,37,500
12624,821,195,757,188
12625,466,117,488,109
12626,150,52,161,63
12627,387,98,402,120
12628,618,184,627,211
12629,13,99,17,91
12630,80,746,105,864
12631,12,152,14,153
12632,20,407,24,343
12633,9,46,5,41
12634,42,1609,38,1490
12635,9,5,5,4
12636,104,18,105,28
12637,241,93,222,90
12638,276,86,285,94
12639,58,7,54,16
12640,30,9,40,12
12641,61,66,68,57
12642,97,54,112,49
12643,139,22,121,32
12644,15,5,14,5
12645,96,18,93,28
12646,13,425,12,449
12647,858,439,836,373
12648,400,118,402,104
12649,227,120,263,70
12650,437,332,398,276
12651,31,461,24,411
12652,476,168,471,172
12653,330,1388,276,1333
12654,67,30,70,31
12655,456,118,445,70
12656,28,19,24,17
12657,94,15,80,18
12658,221,97,179,131
12659,1042,318,1082,285
12660,144,64,157,68
12661,76,13,82,24
12662,418,417,424,369
12663,313,160,305,102
12664,627,332,611,208
12665,737,254,733,271
12666,892,312,882,321
12667,394,228,349,241
12668,251,275,236,228
12669,721,285,708,283
12670,623,151,592,157
12671,0,31,4,50
12672,30,563,33,565
12673,521,247,529,223
12674,47,471,66,483
12675,0,3,2,11
12676,0,95,0,123
12677,369,380,413,333
12682,58,11,46,12
12683,4,16,4,17
12684,17,249,29,251
12685,29,138,38,152
12687,0,6,0,9
12689,0,2015,1,1956
12690,1,2024,3,1962
12691,599,9090,588,9109
12692,3,33,1,33
12694,2,27,1,26
12695,0,15,1,14
12696,10,112,13,120
12697,12,159,17,162
12701,15,263,28,241
12702,35,137,27,99
12703,830,3819,752,3706
12705,203,805,178,775
12706,1397,535,1361,532
12707,47,753,36,810
12711,2919,1075,3002,996
12712,48,877,51,815
12713,3633,687,3694,630
12715,233,225,247,245
12716,5,225,17,245
12717,299,55,303,54
12718,21,92,18,68
12719,44,1176,49,1131
12720,24,212,14,166
12721,13,145,16,118
12722,71,1386,62,1364
12723,12,172,13,165
12724,77,1438,80,1448
12725,481,88,467,98
12726,12,349,20,361
12727,640,133,615,117
12728,10,34,3,29
12729,158,344,149,309
12730,120,19,127,17
12731,15,123,18,125
12732,326,116,345,122
12733,71,9,62,17
12734,341,86,337,55
12735,252,80,213,82
12736,174,32,161,16
12737,181,24,152,22
12738,37,160,38,149
12739,7,40,3,30
12740,11,51,19,53
12741,131,34,132,36
12743,560,132,567,134
12744,519,176,551,194
12745,71,1840,82,1876
12746,38,405,21,407
12747,171,27,194,40
12748,109,358,111,407
12749,188,68,209,50
12750,4,188,16,212
12751,204,337,194,345
12752,440,182,467,151
12753,43,12,39,18
12754,390,155,381,159
12755,12,78,16,97
12757,130,45,138,59
12758,119,63,120,54
12759,15,48,15,46
12760,40,136,41,125
12761,35,127,31,110
12762,122,27,123,28
12763,56,163,51,176
12764,33,22,37,27
12765,44,126,33,137
12766,112,47,102,61
12767,89,235,101,251
12768,110,311,118,317
12769,124,57,143,42
12770,130,442,122,432
12771,23,602,36,601
12772,91,20,102,21
12773,258,44,297,49
12777,13,10,7,1
12778,90,448,118,478
12779,206,810,248,816
12781,284,1245,280,1236
12782,159,686,154,671
12783,147,609,134,608
12784,294,55,290,50
12785,86,19,89,12
12786,445,63,424,63
12787,56,858,57,841
12788,345,60,359,58
12790,16,98,11,100
12791,192,784,157,683
12792,114,480,103,421
12794,236,931,227,908
12795,76,390,86,418
12798,237,826,205,818
12799,195,619,219,718
12801,795,115,845,117
12802,64,141,52,123
12803,137,600,131,572
12804,112,414,96,403
12805,26,3,24,4
12806,158,16,161,24
12807,102,7,87,12
12808,149,23,149,20
12809,201,17,174,33
12810,166,10,166,10
12811,263,44,250,28
12812,167,27,157,15
12813,507,92,496,87
12815,5,1373,2,1399
12817,181,24,176,23
12818,439,58,406,57
12819,210,31,181,19
12820,379,78,389,94
12821,147,65,118,42
12822,518,105,544,121
12823,211,38,229,28
12825,151,37,149,50
12826,5,48,2,40
12827,226,39,223,52
12828,502,72,559,96
12829,450,103,462,91
12830,279,63,289,51
12832,3,3,3,0
12833,137,37,139,32
12834,718,126,682,127
12835,422,63,438,66
12836,246,37,231,41
12838,227,45,250,55
12839,329,116,321,121
12840,4,134,11,127
12841,134,113,139,114
12842,3,1266,5,1315
12843,67,1208,60,1210
12845,9,29,4,32
12846,0,49,1,62
12847,114,21,120,24
12848,76,24,79,18
12849,235,102,252,84
12850,19,1295,18,1280
12851,264,60,255,56
12852,298,78,301,92
12853,187,58,226,49
12854,371,126,403,119
12855,142,24,126,26
12856,709,196,726,194
12858,465,104,460,104
12859,497,251,523,259
12860,39,17,48,14
12861,786,278,835,269
12862,267,88,277,100
12863,725,383,796,358
12864,493,111,467,122
12865,294,347,306,343
12866,618,130,603,147
12867,491,102,528,113
12868,421,107,389,101
12869,887,330,966,322
12870,184,49,216,53
12871,534,122,537,104
12872,393,164,391,85
12873,1060,305,1088,324
12874,650,171,631,172
12875,704,183,653,155
12876,457,89,440,158
12877,3,46,7,66
12878,27,1210,24,1138
12879,117,307,117,312
12880,17,811,15,841
12881,301,79,320,65
12882,12,639,22,628
12883,47,17,49,6
12884,161,31,170,40
12885,15,203,9,208
12886,1947,542,1996,522
12887,1046,296,993,328
12888,431,291,395,302
12889,137,29,141,35
12890,388,203,383,186
12891,253,72,260,70
12892,579,136,589,109
12893,372,66,386,72
12894,261,42,247,35
12895,139,1838,113,1958
12896,521,90,529,136
12897,194,39,200,38
12898,303,67,274,63
12899,22,5,26,4
12900,127,55,111,55
12901,512,136,507,130
12902,470,140,445,140
12903,23,295,21,275
12904,431,92,431,145
12905,177,54,177,45
12906,462,109,537,143
12907,856,155,839,164
12908,24,9,23,11
12909,108,33,118,66
12910,713,152,686,141
12911,156,54,169,44
12912,852,169,844,179
12913,57,24,55,11
12914,24,211,18,206
12915,173,58,183,48
12916,103,27,99,22
12917,253,54,258,45
12918,76,29,96,18
12919,113,49,100,67
12920,32,268,22,274
12921,1,26,2,40
12922,262,124,280,154
12923,43,2501,46,2552
12924,588,213,610,199
12925,229,64,214,41
12926,95,662,81,693
12927,182,261,179,291
12928,229,70,227,64
12929,234,100,244,100
12930,173,123,176,142
12931,66,39,86,71
12932,114,27,123,22
12933,403,1016,409,994
12934,86,12,80,14
12935,249,48,214,48
12936,170,42,195,51
12937,186,40,175,30
12938,159,55,145,39
12939,41,869,20,840
12940,32,574,30,602
12941,577,152,598,131
12942,279,72,302,65
12943,53,44,47,49
12944,212,32,213,38
12945,320,204,297,233
12946,469,129,476,176
12947,370,191,368,182
12948,198,40,163,30
12949,382,90,357,78
12950,46,30,46,32
12951,103,20,90,49
12952,136,92,139,115
12953,92,18,87,20
12954,191,45,164,30
12955,71,10,53,12
12956,25,4,28,4
12957,109,46,106,39
12958,557,102,524,111
12959,469,197,480,226
12960,306,95,262,92
12961,628,173,630,171
12962,204,56,192,55
12963,82,283,82,278
12964,66,227,67,218
12966,127,449,127,447
12967,34,100,18,88
12968,308,1835,305,1814
12969,438,122,453,137
12971,22,566,22,595
12972,274,1218,230,1218
12973,320,1906,350,1902
12974,280,1382,257,1331
12975,250,1291,254,1323
12978,200,4781,171,4863
12980,787,209,747,237
12981,985,258,970,264
12982,713,4391,753,4390
12983,873,380,876,404
12984,0,28,1,19
12985,80,366,70,348
12986,279,46,289,52
12987,227,972,204,925
12988,43,196,49,224
12990,1349,266,1395,226
12991,26,93,33,92
12994,0,38,0,40
12995,33,50,35,29
12996,53,24,63,24
12997,53,20,43,18
12998,117,69,103,71
12999,129,23,134,28
13000,163,171,179,122
13001,209,41,235,38
13002,41,12,57,13
13003,363,106,393,95
13004,75,33,78,17
13005,14,14,18,10
13006,34,14,47,25
13007,76,21,63,21
13008,741,186,744,199
13009,254,69,232,66
13010,2437,865,2376,879
13011,2814,854,2822,859
13012,9,653,11,604
13013,242,87,213,91
13014,248,74,256,59
13015,233,82,240,91
13016,34,908,33,937
13017,186,50,195,35
13018,18,0,18,2
13019,419,123,396,117
13020,67,16,80,18
13021,506,147,493,134
13022,45,11,53,23
13023,14,8,18,3
13024,206,59,206,45
13025,0,62,0,59
13026,504,122,476,90
13027,327,74,337,58
13028,121,40,118,28
13029,520,225,481,253
13030,541,148,589,131
13031,584,145,609,151
13032,30,249,29,257
13033,22,487,23,492
13034,40,1043,47,1120
13035,24,328,21,349
13036,51,874,56,891
13037,306,65,331,74
13038,519,105,516,81
13039,352,70,339,51
13040,1,2007,3,2106
13041,424,125,438,129
13042,175,79,179,72
13043,159,63,137,76
13044,297,94,266,96
13045,44,20,30,20
13046,371,85,406,70
13047,190,31,178,29
13048,134,42,141,39
13049,93,24,87,20
13050,270,69,291,70
13051,124,392,102,414
13052,424,1122,403,1063
13053,41,185,49,207
13054,432,1618,413,1532
13055,702,160,689,159
13056,512,110,511,119
13057,95,17,86,22
13058,401,98,400,81
13059,611,138,571,104
13060,301,122,288,120
13061,5,842,5,800
13062,4,4,6,2
13064,203,38,208,41
13065,163,31,165,39
13066,309,45,313,40
13067,272,69,297,71
13068,214,54,231,57
13069,489,129,472,128
13070,391,101,337,106
13071,429,99,433,117
13072,515,159,559,159
13073,496,111,447,108
13074,0,314,1,326
13075,220,60,215,73
13076,149,41,156,47
13077,0,49,0,50
13079,246,69,227,74
13080,69,15,71,20
13081,347,101,311,66
13082,122,37,129,24
13083,506,1967,545,2061
13084,231,961,267,969
13085,194,35,234,51
13086,482,68,455,71
13087,531,89,512,93
13088,415,71,453,69
13089,16,2,13,3
13090,305,44,293,42
13091,444,94,455,107
13092,410,75,415,68
13093,0,65,0,54
13094,500,62,496,61
13095,395,66,382,72
13096,425,65,428,60
13097,262,46,233,49
13098,177,46,210,41
13099,85,14,93,19
13100,241,94,234,86
13101,188,43,220,48
13102,312,62,314,58
13103,387,49,392,73
13104,270,78,305,78
13105,285,61,300,68
13107,18,7,18,11
13108,172,58,154,51
13109,356,83,320,95
13111,256,59,252,56
13112,267,59,243,58
13113,83,38,66,25
13114,72,19,80,21
13115,217,58,239,43
13116,479,109,442,109
13117,541,156,536,172
13118,400,106,393,111
13119,365,110,388,100
13121,607,171,627,180
13122,190,38,187,42
13123,41,9,52,5
13124,223,49,219,45
13125,57,22,61,18
13126,207,68,211,53
13127,160,1105,126,1010
13128,218,59,200,59
13129,82,440,87,431
13130,131,581,97,529
13131,81,34,77,33
13132,13,8,4,5
13134,100,18,95,25
13136,438,2199,403,2224
13137,646,104,546,127
13138,341,1715,329,1762
13139,406,81,419,82
13140,462,58,436,64
13141,7,132,3,134
13142,73,370,65,383
13143,580,147,580,147
13144,67,5371,65,5701
13145,138,36,145,46
13146,74,8,48,11
13147,198,50,179,57
13148,209,53,247,56
13149,406,74,391,95
13150,199,57,223,88
13151,632,132,638,136
13152,1130,304,1158,317
13153,180,44,195,51
13154,157,27,151,29
13155,362,117,380,114
13156,210,34,205,33
13157,7,100,8,100
13158,280,44,258,55
13159,237,44,278,33
13160,261,22,242,33
13161,114,11,134,18
13162,408,58,392,53
13163,287,31,294,26
13165,315,48,311,58
13166,6,1321,3,1257
13167,374,53,373,58
13168,488,94,455,67
13169,202,123,229,108
13170,21,450,18,464
13171,255,36,248,39
13172,68,7,68,21
13173,305,78,311,71
13174,12,222,22,214
13175,61,29,70,35
13176,295,68,304,63
13177,204,82,217,80
13178,146,42,161,41
13179,258,54,277,56
13180,123,30,139,41
13181,189,88,192,121
13182,51,23,49,17
13183,3,72,1,92
13184,12,127,8,101
13185,75,19,67,11
13186,94,14,93,16
13187,174,37,180,42
13188,187,26,199,35
13189,264,169,253,167
13190,245,36,233,36
13191,303,73,311,82
13192,411,230,401,241
13193,114,25,120,35
13194,296,110,315,96
13195,882,346,839,346
13196,946,351,957,322
13197,134,29,128,29
13198,97,28,93,26
13199,102,30,85,31
13200,134,26,132,22
13201,64,13,61,17
13202,4,9,1,14
13203,111,28,101,22
13204,8,871,7,896
13206,1,569,1,602
13207,169,36,151,27
13208,199,59,235,55
13209,187,30,208,35
13210,270,54,241,57
13211,421,68,408,61
13212,298,59,290,61
13213,155,23,162,29
13214,52,20,60,13
13215,1050,213,1123,241
13216,479,101,535,106
13217,33,4,38,4
13218,117,506,136,508
13219,403,78,408,76
13220,135,29,149,34
13222,37,5,22,5
13223,66,23,72,18
13224,50,22,42,20
13225,521,116,509,105
13226,2,383,1,348
13227,197,43,201,43
13228,173,54,208,40
13229,58,15,55,23
13230,133,23,136,22
13231,59,16,46,9
13232,95,29,99,37
13234,178,4553,168,4666
13235,18,454,17,462
13236,402,64,385,57
13237,358,48,351,63
13238,329,40,313,70
13239,287,44,295,49
13240,1099,5009,1168,4998
13241,2393,285,2444,258
13242,106,26,105,21
13243,214,44,188,39
13244,494,146,492,117
13245,467,166,490,148
13246,405,94,381,86
13247,183,42,176,41
13248,505,500,484,517
13249,249,39,250,26
13250,225,46,207,36
13251,850,124,825,124
13252,67,24,92,19
13253,485,156,503,146
13254,254,1059,255,1054
13255,3,19,4,35
13256,140,31,117,29
13257,242,39,256,36
13258,56,9,60,17
13259,188,35,174,37
13260,5,27,4,31
13261,227,1402,212,1337
13262,11,136,6,119
13263,4,123,6,118
13264,11,100,11,104
13265,5,126,8,142
13266,5,52,2,48
13267,40,817,35,843
13268,0,4,1,2
13269,51,1723,68,1711
13271,22,162,29,192
13272,13,152,13,134
13273,13,165,15,184
13274,65,196,49,174
13275,14,261,24,249
13276,15,270,21,293
13277,69,816,69,791
13278,28,510,31,558
13279,82,1623,103,1612
13280,82,1340,84,1295
13281,18,290,22,295
13282,60,222,57,211
13283,20,54,15,48
13284,37,188,34,211
13285,65,1237,54,1229
13286,44,658,37,677
13287,20,184,29,165
13288,81,225,64,194
13289,5,18,8,22
13290,0,14,0,11
13291,1,18,1,23
13292,54,292,56,290
13293,19,555,17,542
13294,125,857,125,901
13295,33,178,40,182
13296,50,276,61,297
13297,43,1348,67,1344
13298,32,731,36,748
13299,82,1070,76,1047
13300,30,103,23,110
13301,25,529,32,563
13302,45,905,41,920
13303,66,659,56,665
13304,122,633,132,638
13305,10,137,17,131
13306,34,294,51,324
13307,20,92,24,96
13308,176,729,211,788
13309,6,21,5,14
13310,18,322,16,308
13311,41,1092,44,1068
13312,693,3232,693,3188
13313,406,1602,351,1543
13314,161,421,139,450
13315,87,635,86,656
13316,126,379,112,349
13317,3,23,3,25
13318,966,5039,927,5080
13319,25,133,29,143
13320,12,265,15,248
13321,119,1149,134,1159
13322,16,316,19,271
13324,742,3207,744,3177
13325,83,615,69,578
13326,854,121,826,151
13327,2,10,7,18
13328,143,29,129,24
13329,105,19,110,22
13330,196,37,201,40
13331,209,32,220,43
13332,0,99,0,89
13333,330,88,338,95
13334,398,70,370,63
13335,5,230,7,181
13336,129,36,137,36
13337,359,85,376,99
13338,260,64,269,64
13339,35,257,38,243
13340,500,4526,457,4284
13341,102,311,103,343
13342,77,388,84,382
13343,6,15,5,8
13344,21,85,18,93
13345,50,177,47,176
13346,190,690,183,702
13347,63,325,85,331
13348,166,825,206,889
13349,224,905,239,915
13350,260,940,268,943
13351,7,110,14,129
13352,23,103,26,136
13353,29,109,35,97
13354,34,210,30,184
13355,47,213,49,201
13356,100,423,79,377
13357,51,147,57,190
13358,151,572,138,516
13359,78,494,67,446
13360,19,89,15,91
13361,74,2205,85,2190
13362,532,111,541,141
13363,589,242,541,237
13364,183,79,191,82
13365,484,96,502,75
13366,0,220,0,199
13367,374,97,431,105
13368,214,56,213,63
13369,262,85,255,99
13370,488,150,481,169
13371,28,585,44,620
13372,177,59,190,48
13373,747,297,734,273
13374,83,812,107,835
13375,470,141,438,155
13376,320,114,327,93
13377,168,59,159,47
13378,60,33,48,52
13379,653,194,616,189
13380,992,225,964,267
13381,388,99,386,93
13382,592,149,587,137
13383,35,1089,31,1137
13384,29,1235,38,1275
13385,22,146,15,156
13386,13,174,6,138
13387,585,169,558,173
13388,62,203,62,229
13389,304,73,306,65
13390,157,39,148,38
13391,247,75,234,71
13392,2,59,2,58
13393,170,37,207,40
13394,87,19,89,28
13395,196,40,200,43
13396,322,88,369,61
13397,200,46,203,39
13398,387,82,368,66
13399,3,1514,5,1520
13400,118,151,142,171
13401,58,19,65,21
13402,301,39,309,49
13403,102,36,111,21
13404,336,209,360,197
13405,139,568,115,501
13406,6,23,6,37
13407,3,14,1,10
13409,507,2445,513,2348
13410,34,1264,53,1240
13411,9,140,7,142
13412,78,337,59,302
13413,81,450,67,424
13414,11,279,6,281
13415,511,110,478,121
13416,23,103,24,93
13417,155,35,161,38
13418,973,136,934,133
13419,0,135,0,124
13420,223,49,219,59
13421,247,59,231,70
13422,148,32,150,26
13423,150,35,135,27
13424,7,1526,2,1453
13425,337,58,329,51
13426,411,68,392,58
13427,50,7,43,4
13428,135,20,132,18
13429,66,25,63,16
13430,262,47,256,41
13431,237,47,229,50
13432,236,57,225,66
13433,238,52,230,36
13434,2,121,0,124
13437,1278,1607,1289,1553
13438,423,72,419,90
13439,231,2500,207,2459
13442,189,1014,212,1037
13443,372,57,375,59
13444,17,485,16,448
13445,286,61,305,64
13446,216,59,234,45
13447,174,34,177,45
13448,273,64,282,61
13449,178,41,169,31
13450,319,90,320,66
13451,2,157,0,154
13452,4,30,3,19
13453,220,50,205,52
13454,511,82,488,89
13455,271,33,228,49
13457,4,1577,5,1580
13458,135,59,125,69
13459,40,176,38,179
13460,44,300,45,310
13461,153,39,166,31
13463,562,26,568,34
13464,8,3388,5,3279
13465,88,37,79,28
13466,532,92,544,117
13467,55,18,60,21
13468,195,49,200,28
13469,347,68,344,54
13470,175,42,172,28
13471,130,17,143,43
13472,276,626,272,609
13473,135,31,143,32
13474,92,30,88,13
13475,49,5,41,10
13476,250,49,251,47
13477,369,57,360,59
13478,412,110,376,95
13479,257,57,283,62
13480,393,107,394,140
13481,160,50,161,34
13482,412,87,415,80
13483,307,103,308,80
13484,344,46,357,55
13485,530,120,519,132
13486,491,103,449,118
13487,304,71,306,66
13488,334,74,387,68
13489,970,202,993,228
13490,318,64,326,83
13491,444,139,504,138
13492,124,27,133,43
13493,270,61,254,48
13494,174,53,190,37
13495,138,33,130,21
13496,368,92,362,95
13497,387,77,335,84
13498,177,58,184,46
13499,47,25,46,16
13500,30,532,25,564
13501,437,83,410,71
13502,437,81,439,69
13503,346,1705,356,1738
13504,334,75,351,75
13506,475,263,480,260
13507,1,7,0,6
13508,354,76,325,74
13509,178,38,200,42
13510,320,54,337,55
13511,67,16,78,15
13512,188,37,194,50
13513,417,99,433,101
13514,112,35,98,33
13515,124,45,144,63
13516,208,33,214,32
13517,81,48,76,41
13518,187,38,198,41
13519,105,31,110,32
13520,56,14,63,11
13521,70,20,68,10
13522,274,98,268,118
13523,387,135,363,120
13524,147,20,132,24
13525,299,91,323,111
13526,161,94,168,100
13527,203,211,222,206
13528,28,4,28,6
13529,111,50,108,63
13531,8,63,8,66
13532,147,1249,162,1238
13533,57,19,65,12
13534,15,271,17,266
13535,97,1609,99,1662
13536,11,246,9,272
13537,212,55,195,54
13538,185,29,193,51
13539,75,379,74,390
13541,176,45,184,57
13542,31,9,24,6
13543,212,45,221,50
13544,257,57,248,52
13545,5,4,6,3
13546,510,276,511,261
13547,687,148,757,146
13549,15,278,24,240
13551,40,192,36,207
13552,269,190,262,114
13553,5,54,3,64
13554,13,88,21,98
13555,275,57,285,57
13556,1013,350,1075,389
13557,152,46,165,47
13558,194,42,204,49
13559,70,17,71,19
13560,53,22,38,32
13561,262,53,244,78
13562,117,40,147,54
13563,284,68,269,78
13564,191,55,165,51
13565,347,108,346,133
13566,168,61,160,44
13567,339,64,312,83
13568,128,43,135,34
13569,166,46,165,64
13570,245,51,234,69
13571,230,63,230,54
13572,833,193,811,203
13573,138,28,143,27
13574,362,98,345,92
13576,28,696,31,672
13577,28,219,24,228
13578,112,30,110,28
13579,450,98,492,102
13580,212,46,213,52
13581,151,51,162,42
13582,252,42,277,51
13583,108,24,104,27
13584,83,15,81,15
13585,133,28,135,36
13586,902,163,933,141
13587,692,113,708,115
13588,282,72,345,75
13594,1,59,4,66
13595,6003,2005,5892,1909
13596,2579,3296,2663,3263
13597,44,81,50,91
13598,568,81,602,65
13599,398,66,405,78
13600,248,49,264,52
13601,104,17,100,16
13602,400,77,389,73
13603,55,8,56,8
13604,56,7,65,11
13605,7,32,6,35
13606,106,608,106,634
13607,284,849,292,854
13608,761,3160,722,3060
13609,32,239,38,275
13610,774,3220,722,3097
13611,285,1201,263,1169
13612,583,3334,623,3451
13613,327,221,305,260
13614,223,1725,223,1717
13615,299,1384,241,1353
13616,183,883,180,875
13617,294,56,287,60
13618,751,186,757,196
13619,594,165,601,145
13620,1493,427,1473,438
13621,81,904,103,910
13622,6,19,5,24
13623,167,1420,146,1349
13624,169,2328,191,2372
13625,21,90,12,67
13626,312,2347,304,2362
13627,367,1647,330,1654
13628,13,99,10,132
13629,1328,6374,1275,6269
13630,139,546,122,572
13631,41,320,45,310
13632,107,442,126,491
13633,182,47,238,58
13634,197,53,172,54
13635,256,87,261,64
13636,175,19,168,32
13637,4,0,3,0
13638,508,124,481,157
13639,270,152,281,138
13640,119,34,125,38
13641,445,88,432,97
13642,678,135,674,123
13643,32,167,29,157
13644,234,56,247,33
13645,109,20,113,27
13646,103,24,131,20
13647,273,36,260,48
13648,328,60,348,41
13649,234,52,266,54
13650,227,46,207,43
13651,7,648,1,591
13652,346,60,357,67
13653,278,54,268,55
13654,3,34,9,30
13655,301,52,272,59
13656,203,40,186,42
13657,150,40,153,39
13658,213,47,196,45
13659,214,42,252,50
13660,228,47,194,33
13661,87,21,93,19
13662,88,4,84,14
13663,23,682,25,694
13664,479,139,466,145
13665,60,22,64,13
13666,120,33,108,25
13667,97,23,105,16
13668,50,17,59,19
13669,107,50,91,44
13670,117,32,97,27
13671,246,52,242,54
13672,466,122,451,100
13673,14,317,10,287
13674,341,47,341,54
13675,221,59,245,47
13676,148,36,126,26
13677,17,91,4,90
13678,56,12,65,12
13679,230,45,236,59
13680,310,53,309,79
13681,74,29,90,21
13682,157,30,169,37
13683,147,20,142,35
13684,106,18,94,30
13685,414,548,408,556
13686,199,41,200,41
13687,345,107,331,95
13688,141,79,136,75
13689,187,39,208,38
13690,147,40,137,39
13691,109,13,103,11
13692,98,17,92,17
13693,0,8,0,17
13694,410,87,436,91
13695,749,292,749,254
13696,144,18,123,26
13697,146,26,146,30
13699,114,23,136,24
13700,144,34,157,17
13701,314,97,293,67
13702,71,6,66,15
13703,262,68,264,84
13704,97,26,108,23
13705,82,20,74,20
13706,27,206,31,220
13708,349,60,331,58
13709,53,238,49,227
13710,92,17,115,31
13711,230,37,212,42
13712,89,15,87,23
13713,29,5,39,12
13714,124,1692,124,1676
13715,66,17,78,13
13716,114,426,98,423
13717,325,54,281,58
13718,188,37,187,39
13719,98,20,99,31
13720,163,37,148,20
13721,115,25,108,19
13722,193,46,210,52
13723,104,13,124,8
13724,173,36,142,19
13725,152,71,163,47
13726,207,65,191,65
13727,295,55,278,58
13728,199,45,185,46
13729,78,9,69,16
13730,10,41,5,33
13731,1,1858,6,1890
13732,77,27,81,24
13733,5,48,1,50
13734,117,22,111,13
13735,425,55,435,77
13736,267,40,240,51
13737,0,150,0,153
13738,339,71,359,80
13741,47,14,57,18
13742,198,38,173,48
13743,475,98,482,72
13744,72,28,78,9
13746,435,71,458,96
13747,12,312,25,357
13750,197,41,195,45
13751,54,20,44,20
13752,229,38,261,45
13753,249,62,275,48
13754,200,785,186,800
13755,81,393,107,395
13757,29,253,34,218
13758,76,531,90,574
13759,9,5,8,6
13760,245,53,270,67
13761,476,107,513,115
13762,484,126,476,118
13763,3,1579,6,1525
13765,197,42,176,47
13766,502,109,491,115
13767,531,124,597,120
13768,262,63,270,54
13769,214,1267,207,1274
13770,90,320,95,352
13771,0,274,0,242
13772,324,78,332,89
13773,234,67,233,64
13774,275,68,270,68
13775,732,180,726,157
13776,51,35,42,22
13777,261,58,246,61
13778,41,71,32,62
13779,6,34,4,26
13780,437,66,464,91
13781,145,27,161,30
13782,991,193,995,188
13783,507,132,510,142
13784,680,184,619,171
13785,312,116,302,107
13786,169,31,169,31
13787,377,119,383,105
13788,219,65,219,36
13789,7,1608,8,1565
13790,581,100,539,103
13791,45,462,64,511
13792,6,44,6,67
13793,10,105,12,126
13794,59,251,52,253
13795,77,413,82,426
13796,213,54,229,59
13797,144,28,142,34
13798,77,15,84,11
13799,322,46,330,50
13800,208,186,225,208
13801,0,38,0,36
13802,391,66,390,57
13803,230,31,233,45
13804,500,91,540,68
13805,229,48,259,43
13806,219,27,190,33
13807,149,22,139,15
13808,17,129,22,125
13809,272,124,274,112
13810,58,22,56,19
13811,37,24,29,28
13816,439,84,467,68
13817,60,81,77,95
13818,32,875,23,860
13819,254,51,237,67
13820,424,121,444,136
13821,196,35,200,25
13822,96,23,86,28
13823,167,159,158,164
13825,174,65,166,69
13826,12,2763,9,2676
13827,30,4,23,9
13828,122,14,125,10
13829,291,75,266,57
13830,85,21,66,25
13831,211,49,187,54
13832,17,147,10,136
13833,14,300,11,271
13834,126,49,112,44
13835,319,70,334,61
13836,3,213,5,220
13837,29,222,18,221
13838,166,44,167,33
13839,893,271,906,307
13840,212,156,208,138
13841,6,62,6,60
13842,44,1223,29,1212
13843,109,2612,135,2610
13844,103,3398,97,3331
13845,82,3058,94,3188
13846,969,257,982,259
13847,120,33,104,33
13848,276,80,293,89
13849,284,174,310,173
13850,424,157,432,146
13851,367,127,369,152
13853,2,17,2,10
13854,20,359,32,421
13855,184,40,195,35
13856,142,22,134,29
13857,254,134,259,160
13858,237,38,237,38
13859,11,5,10,7
13860,148,33,137,37
13861,95,30,97,22
13862,98,12,82,15
13863,79,959,98,1034
13864,43,342,40,347
13865,35,169,33,179
13866,413,229,428,230
13867,60,414,83,460
13868,311,351,313,397
13869,41,652,47,625
13870,29,602,30,584
13871,70,41,73,47
13872,219,50,224,68
13873,256,73,259,56
13874,56,568,48,554
13875,259,109,283,102
13876,206,91,226,83
13877,129,44,127,30
13878,314,89,294,88
13879,122,34,108,33
13880,83,499,68,443
13881,185,51,184,41
13882,56,15,41,14
13883,259,70,284,74
13884,248,60,276,51
13885,563,120,596,101
13886,46,149,44,140
13887,281,1670,289,1701
13888,446,85,453,87
13889,215,45,205,37
13890,212,50,206,44
13891,278,58,285,78
13892,286,63,294,51
13893,154,30,151,36
13894,199,273,207,268
13895,421,76,449,71
13896,344,62,308,56
13897,166,24,177,30
13898,229,102,251,108
13899,194,70,196,91
13900,259,67,257,72
13901,439,76,464,71
13903,22,269,23,299
13904,177,61,145,48
13905,185,30,192,34
13906,153,40,176,39
13907,208,29,197,29
13908,214,30,222,23
13909,144,14,151,18
13910,84,22,97,8
13911,151,26,137,29
13912,112,43,95,43
13913,234,82,243,58
13914,238,48,244,38
13915,332,69,331,62
13916,123,22,120,21
13917,201,28,195,42
13918,284,46,296,46
13919,133,26,126,26
13920,60,15,59,9
13921,1,845,5,847
13922,198,48,229,50
13923,43,34,45,29
13924,86,1823,98,1839
13925,243,34,237,25
13926,441,207,497,200
13927,171,32,193,29
13928,298,101,321,93
13929,263,57,270,51
13930,354,1351,307,1320
13931,256,1046,210,970
13932,70,17,71,20
13933,31,8,49,21
13934,1505,264,1546,284
13935,132,26,105,21
13936,86,859,86,904
13937,833,234,835,240
13938,303,55,315,71
13939,20,209,12,193
13940,403,114,445,128
13941,377,41,431,52
13942,221,39,245,29
13943,225,18,231,32
13944,201,29,185,34
13945,181,45,185,37
13946,265,62,265,78
13947,419,69,429,79
13948,331,42,288,52
13949,2,1576,3,1447
13950,176,17,160,28
13951,88,16,102,24
13952,107,14,94,15
13953,292,49,288,48
13954,114,26,108,23
13955,76,7,69,7
13956,128,28,123,22
13957,115,14,106,24
13958,94,26,79,27
13959,5,44,2,45
13960,414,65,404,54
13961,212,84,230,75
13962,289,59,302,48
13963,168,46,153,29
13964,2,41,1,37
13965,294,45,302,32
13966,90,13,72,10
13967,101,49,109,45
13968,83,916,82,968
13969,239,33,222,37
13970,61,29,70,19
13971,212,29,203,32
13972,287,64,310,84
13973,488,98,488,94
13974,293,40,285,33
13975,196,75,215,65
13976,681,1643,671,1616
13977,669,184,626,207
13978,676,192,660,192
13979,574,186,574,182
13980,532,379,492,324
13981,234,91,225,68
13982,1396,408,1343,430
13983,11,120,6,126
13984,158,71,144,75
13985,1459,505,1520,475
13986,1007,307,1045,321
13987,892,369,875,374
13988,1396,518,1368,475
13989,758,176,763,154
13990,233,67,233,59
13991,171,33,153,41
13992,196,52,203,40
13993,458,87,460,102
13994,84,344,72,342
13995,149,35,156,24
13997,52,1709,48,1755
13998,9,445,21,463
13999,8,424,14,447
14000,862,138,897,135
14001,28,588,21,546
14002,536,2765,549,2841
14003,11,339,15,341
14004,231,63,210,53
14005,616,2176,617,2173
14006,115,440,101,392
14007,26,153,32,176
14008,234,991,199,963
14009,365,2423,409,2478
14010,37,614,35,638
14011,834,153,863,152
14012,223,691,249,704
14013,113,1222,103,1181
14014,121,561,149,556
14015,602,3288,626,3223
14016,94,357,82,347
14017,97,352,86,282
14018,70,186,64,173
14019,130,355,107,311
14020,104,322,105,359
14021,148,432,177,485
14022,21,83,34,110
14024,150,624,153,617
14025,84,310,79,309
14026,24,79,22,80
14027,339,76,319,73
14028,343,128,330,120
14029,78,103,75,115
14030,357,74,318,74
14031,262,82,257,76
14032,83,45,81,37
14033,480,159,476,154
14034,57,20,61,25
14035,115,20,106,21
14036,187,21,187,41
14037,16,2,20,6
14038,90,10,83,15
14039,116,24,99,30
14040,22,6,16,9
14041,959,155,949,153
14042,103,112,81,117
14043,135,46,140,38
14044,501,107,451,95
14045,268,63,265,54
14046,647,124,659,119
14047,183,54,179,41
14048,26,19,35,16
14049,97,12,101,6
14050,17,16,19,7
14052,86,55,75,58
14053,3,1953,7,1964
14054,303,54,308,37
14055,184,39,155,24
14056,29,19,31,22
14057,127,51,132,50
14058,115,33,112,28
14059,32,10,44,10
14060,61,18,57,22
14061,308,53,310,69
14062,303,59,298,70
14063,87,25,88,18
14064,147,36,139,45
14065,100,17,94,28
14066,185,62,186,55
14067,85,26,88,18
14068,91,30,80,28
14069,105,41,114,41
14070,197,44,192,32
14071,412,155,375,144
14072,32,258,30,251
14073,512,117,567,110
14076,886,210,885,175
14077,121,1656,126,1632
14078,67,12,73,10
14079,238,1696,219,1626
14080,535,792,548,776
14081,70,21,65,11
14082,245,58,235,67
14083,108,20,113,28
14084,233,41,247,50
14085,263,38,250,41
14086,114,36,122,29
14087,130,34,123,43
14088,27,10,26,13
14089,33,5,35,12
14090,42,12,34,16
14091,115,13,112,17
14092,125,50,141,24
14093,332,75,343,76
14095,23,245,25,234
14096,290,44,310,45
14097,74,93,84,116
14098,33,5,33,13
14099,49,157,38,135
14100,20,94,18,82
14101,19,815,20,851
14102,42,142,51,158
14103,32,231,30,237
14104,40,146,41,141
14107,224,553,206,552
14108,81,234,89,258
14109,13,96,18,105
14112,95,483,84,458
14113,36,62,30,70
14114,141,328,122,340
14115,171,744,171,728
14116,37,18969,56,18987
14117,11,70,22,70
14118,0,4,1,5
14120,99,373,124,382
14121,5,8,1,4
14122,50,209,56,186
14123,15,42,18,46
14124,58,161,50,166
14126,3,3,3,3
14127,1490,302,1485,359
14128,102,27,129,47
14129,182,37,190,43
14130,324,85,329,67
14131,50,19,76,34
14132,1,84,2,87
14133,454,148,443,146
14134,522,104,504,109
14135,206,49,217,58
14136,39,533,47,540
14137,108,445,96,445
14138,103,469,98,451
14139,42,13,40,8
14140,338,54,303,41
14141,317,66,320,79
14142,305,62,308,62
14143,221,72,244,56
14144,4,83,11,73
14145,12,83,8,67
14146,34,153,35,161
14147,9,114,4,100
14148,17,81,12,71
14149,0,4,0,1
14150,340,80,328,57
14151,5,98,6,98
14152,223,32,226,30
14153,277,72,301,54
14154,2,52,4,48
14155,264,57,243,68
14156,177,20,187,23
14157,8,328,8,347
14159,15,237,13,219
14160,10,59,2,35
14161,31,21,31,18
14162,121,27,124,18
14163,182,39,206,37
14164,59,96,58,98
14165,219,53,205,41
14166,104,31,104,18
14167,397,55,442,71
14168,167,123,171,148
14169,303,79,283,60
14170,15,472,20,460
14171,3,39,1,27
14172,125,29,140,28
14173,571,100,581,134
14174,69,1726,54,1798
14175,840,242,834,207
14176,20,664,19,713
14177,24,276,19,266
14178,2,20,7,33
14179,124,34,133,25
14180,155,27,146,15
14181,173,19,173,25
14182,26,6,32,8
14183,133,34,141,25
14184,63,8,81,14
14185,204,36,182,45
14186,263,42,260,38
14187,280,42,291,65
14188,80,20,91,21
14189,146,17,138,39
14190,155,30,153,36
14191,63,19,47,12
14192,59,20,61,13
14193,79,29,85,31
14194,89,23,95,23
14195,99,23,101,16
14196,62,18,46,23
14197,111,17,116,14
14198,90,53,82,57
14199,155,26,150,27
14200,75,8,83,16
14201,81,28,94,39
14202,229,58,215,49
14203,202,38,191,44
14204,460,57,454,100
14205,227,65,230,45
14206,3,1615,4,1563
14207,194,58,198,52
14208,168,39,187,34
14209,289,58,263,73
14210,82,98,89,124
14211,35,8,31,24
14212,72,28,81,10
14213,210,32,238,36
14214,62,19,46,29
14215,552,142,552,134
14216,103,17,118,23
14217,303,59,285,55
14218,137,21,140,31
14219,214,68,212,54
14220,261,44,257,42
14221,129,29,142,43
14222,101,19,108,18
14223,190,47,188,36
14224,163,33,156,38
14225,262,43,282,39
14226,241,61,250,44
14227,86,23,89,25
14228,63,11,51,21
14229,133,35,143,29
14230,202,56,191,47
14231,45,106,53,138
14232,275,48,260,43
14233,90,15,82,16
14234,152,54,157,41
14235,282,42,286,63
14236,169,43,176,71
14237,39,9,40,7
14238,12,1,10,3
14239,17,13,23,12
14243,271,44,261,41
14244,130,27,129,33
14245,198,35,193,37
14246,133,23,152,25
14247,6,14,7,13
14248,6,19,7,15
14252,602,215,575,189
14253,298,152,281,138
14254,386,200,449,164
14255,888,314,889,309
14256,2,28,5,23
14257,51,256,29,234
14258,124,783,118,780
14259,123,649,116,637
14260,106,538,123,609
14261,26,137,32,148
14262,441,112,454,104
14263,522,121,516,149
14264,570,135,592,129
14265,624,107,625,108
14267,257,45,286,50
14268,552,89,558,73
14269,432,76,442,95
14270,111,410,101,423
14273,145,678,160,718
14275,103,561,108,566
14276,17,87,17,84
14277,101,614,79,592
14278,40,182,38,178
14279,43,386,57,409
14280,45,200,57,194
14281,19,78,31,75
14282,73,484,74,517
14283,16,95,6,90
14284,47,286,55,311
14285,5,52,3,50
14286,61,378,56,386
14287,24,91,36,114
14288,110,477,109,445
14289,43,159,49,161
14290,350,1448,349,1416
14291,11,82,4,86
14292,35,276,35,264
14293,26,68,21,79
14294,55,1017,37,970
14295,39,134,41,118
14296,21,242,26,227
14297,22,101,27,91
14298,36,205,56,235
14299,75,248,79,280
14300,50,137,48,127
14301,54,203,46,193
14302,75,228,63,212
14303,61,332,63,358
14304,129,591,172,628
14305,36,161,33,151
14307,61,184,43,164
14309,14,124,18,141
14310,536,66,540,80
14311,65,16,64,22
14312,192,44,200,49
14313,145,46,148,29
14314,91,16,75,26
14315,10,7,12,6
14316,99,45,108,42
14317,264,94,260,111
14318,85,29,93,22
14319,363,73,361,65
14320,17,202,16,247
14321,52,6,72,8
14323,411,180,416,179
14324,267,64,266,55
14325,265,1345,277,1292
14326,235,91,267,190
14327,152,40,154,46
14328,13,54,9,67
14329,1,17,1,21
14331,4,53,4,61
14332,1981,1273,2090,1250
14333,355,117,354,150
14334,596,181,574,196
14335,815,272,840,260
14336,137,1053,139,1064
14337,52,805,51,729
14339,42,157,44,158
14340,6,21,3,15
14341,394,91,420,110
14342,88,23,98,18
14343,373,71,402,52
14344,38,244,51,230
14345,42,367,42,362
14346,23,8,19,12
14347,11,4,7,5
14348,2,2,2,1
14349,6,4,5,5
14350,66,13,80,15
14351,84,49,77,41
14352,12,7,16,2
14353,310,40,349,40
14354,7,7,9,1
14355,519,85,555,85
14356,279,55,299,57
14357,464,64,436,79
14358,644,1608,633,1627
14359,338,1390,366,1385
14360,49,152,46,130
14361,463,1272,459,1188
14362,31,168,32,185
14363,14,97,28,99
14364,60,25,59,18
14365,3,55,5,64
14366,108,15,79,16
14367,31,12,26,10
14368,77,23,100,34
14369,75,20,85,14
14370,48,117,49,102
14371,99,572,104,569
14372,82,258,66,218
14373,110,424,117,468
14374,27,11,19,5
14375,24,14,31,17
14376,91,24,87,16
14377,36,137,26,143
14378,18,55,19,33
14379,46,85,63,85
14381,60,468,64,453
14382,0,27,0,22
14383,146,34,158,46
14384,37,24,45,21
14385,56,26,79,27
14386,60,33,59,24
14387,95,15,92,15
14388,68,10,75,4
14389,53,14,63,11
14390,11,13,6,2
14391,81,19,84,12
14392,72,27,71,43
14393,117,49,133,41
14394,55,15,52,9
14395,7,4,11,2
14396,244,63,219,72
14397,128,44,145,43
14398,338,93,348,88
14400,259,43,245,39
14401,1221,254,1223,245
14402,5,28,7,28
14403,284,99,287,131
14404,124,1059,107,967
14405,128,29,126,42
14406,273,2495,302,2500
14407,98,28,89,24
14408,50,11,48,8
14409,575,159,589,172
14410,1001,182,970,228
14411,61,58,45,56
14412,833,155,816,124
14413,572,143,587,184
14414,308,66,329,82
14415,2602,666,2583,675
14416,38,405,29,362
14417,34,17,40,17
14419,129,25,136,36
14420,196,36,176,35
14421,209,138,168,131
14422,78,19,95,30
14423,613,105,613,76
14424,207,156,205,147
14425,1061,232,1029,219
14426,27,8,22,5
14427,166,73,192,80
14428,207,47,194,54
14429,126,25,138,16
14430,156,43,166,41
14431,37,2535,31,2640
14432,584,160,535,168
14433,281,71,269,60
14434,338,90,316,93
14435,2052,4226,2112,4288
14436,585,260,622,248
14437,14,6,12,3
14438,82,78,81,64
14439,419,78,400,76
14440,149,31,152,36
14441,185,33,189,21
14443,258,52,290,46
14444,34,11,28,9
14445,81,108,74,117
14446,10,24,27,18
14448,204,101,198,90
14449,97,1650,127,1634
14450,63,6,48,13
14451,203,56,212,79
14452,183,57,199,43
14453,95,19,113,28
14454,20,17,20,4
14455,61,5,77,20
14456,404,78,396,69
14457,905,823,874,786
14458,3,1334,7,1427
14459,524,178,516,150
14460,679,162,686,211
14461,466,132,472,165
14462,360,686,367,678
14463,146,2122,111,2122
14464,7,8,7,10
14465,118,22,111,25
14466,205,48,187,44
14467,90,11,81,19
14468,162,46,191,36
14469,236,48,236,55
14470,204,38,199,44
14471,219,38,222,47
14472,97,34,113,33
14473,47,29,62,37
14474,39,19,47,16
14475,207,47,246,47
14476,215,41,203,30
14477,209,40,205,30
14478,63,27,54,33
14479,185,25,158,22
14480,145,29,139,27
14481,59,19,59,13
14482,9,4,6,2
14483,44,10,39,6
14484,144,50,151,34
14485,1,6,2,1
14486,3,1,12,1
14487,104,48,106,42
14488,218,65,243,56
14489,650,214,622,208
14490,249,50,257,55
14491,399,115,401,136
14492,29,690,17,678
14493,211,48,193,60
14494,28,11,27,7
14495,97,25,67,25
14496,242,55,226,51
14497,503,204,489,195
14498,396,89,400,109
14499,379,98,416,96
14500,64,15,76,15
14501,15,2,19,4
14502,430,94,410,107
14503,131,22,159,33
14504,41,8,47,6
14505,209,43,225,35
14506,378,90,403,83
14507,470,145,477,154
14508,235,56,224,56
14509,313,76,286,70
14510,346,70,343,85
14511,44,7,48,2
14512,137,59,147,46
14513,576,73,583,61
14514,157,48,194,40
14515,99,30,109,34
14517,628,119,606,122
14518,48,2,55,6
14519,173,27,164,24
14520,4,2,6,2
14521,4,7,6,8
14522,78,24,83,22
14523,291,53,315,66
14525,99,9,87,24
14526,66,9,61,8
14527,16,6,19,4
14528,159,21,178,22
14529,14,1,11,1
14530,113,19,124,16
14531,55,9,47,12
14532,39,7,35,11
14534,440,119,410,113
14535,104,565,111,597
14536,17,2,14,5
14537,19,393,21,385
14539,792,145,767,145
14540,301,50,285,56
14541,613,104,629,96
14542,33,4,17,9
14543,307,755,303,711
14544,221,47,236,38
14545,154,16,161,26
14546,220,39,229,35
14547,423,71,415,63
14548,56,5,61,2
14549,237,343,260,318
14552,88,8,69,10
14553,113,776,117,790
14554,202,28,189,33
14555,11,82,13,78
14556,9,1,10,3
14557,19,8,29,10
14558,398,79,387,86
14559,520,117,509,108
14560,491,136,478,130
14561,549,211,521,190
14562,399,121,453,115
14563,118,57,129,40
14564,286,702,256,692
14565,101,19,84,22
14566,471,96,471,104
14567,59,19,60,10
14568,389,88,366,87
14569,144,57,149,50
14570,349,72,328,81
14571,413,135,448,136
14572,98,55,97,31
14573,103,21,121,14
14574,151,31,166,36
14575,179,54,179,54
14576,58,10,54,14
14577,179,51,185,48
14578,257,58,237,54
14579,220,81,198,74
14580,44,14,37,12
14581,35,12,33,9
14582,2,4,6,3
14583,123,26,126,31
14584,138,38,132,29
14585,117,29,167,30
14586,86,29,79,32
14587,13,4,6,5
14588,6,1,13,9
14589,12,221,16,225
14590,60,38,72,40
14591,15,1,10,5
14592,189,53,196,60
14593,183,66,168,66
14594,33,395,39,455
14595,8,7,10,9
14596,155,62,162,75
14597,28,5,25,6
14598,290,56,293,69
14599,8,5,19,5
14600,133,24,128,26
14601,47,16,47,17
14602,117,15,137,18
14603,451,123,436,104
14604,392,73,383,104
14605,16,7,21,12
14606,35,7,29,8
14607,127,34,130,22
14608,146,20,158,28
14609,88,58,86,52
14610,98,29,111,22
14611,24,6,32,6
14612,84,11,85,13
14613,182,37,181,39
14614,134,24,143,26
14615,55,7,46,14
14616,145,27,147,36
14617,55,16,48,17
14618,117,28,108,33
14619,264,83,284,88
14620,128,61,124,69
14621,394,1446,397,1411
14622,189,51,186,57
14623,134,28,111,32
14624,192,49,203,46
14625,60,7,55,6
14626,361,64,334,66
14627,69,10,79,18
14628,265,63,275,77
14629,236,85,236,86
14630,155,45,133,47
14632,55,20,71,24
14634,15,868,17,855
14635,306,371,315,340
14636,83,147,94,130
14637,35,6,38,2
14638,492,675,504,685
14640,107,12,105,12
14642,206,50,186,35
14643,83,16,95,17
14644,128,24,127,28
14645,3,4,6,2
14647,13,6,8,5
14648,199,31,210,28
14650,2,0,8,0
14651,25,3,29,2
14653,27,14,40,7
14654,223,28,215,45
14655,113,1632,96,1654
14656,197,35,217,39
14657,110,27,116,16
14658,656,233,673,254
14659,4,42,7,46
14660,212,54,211,57
14661,97,1386,104,1249
14662,40,718,31,694
14663,675,258,687,251
14664,210,65,217,47
14665,235,52,213,48
14666,78,29,77,41
14667,428,202,412,217
14668,735,282,711,286
14669,38,115,43,104
14671,16,3,22,4
14672,147,21,154,31
14673,40,16,28,15
14675,129,25,138,29
14676,100,14,113,31
14677,129,27,109,22
14678,81,45,76,46
14679,6,17,11,13
14680,121,33,90,31
14681,16,3,7,4
14682,57,5,39,7
14683,8,6,7,8
14684,61,14,43,10
14685,113,1935,106,1950
14686,65,8,84,19
14687,44,20,51,19
14688,13,4,6,6
14689,6,3,3,3
14690,72,15,90,9
14691,572,185,557,192
14692,967,273,1013,241
14693,181,60,160,50
14694,31,768,45,786
14695,242,69,217,66
14696,234,54,208,48
14697,714,174,718,181
14698,76,27,68,36
14699,109,61,126,47
14700,41,451,40,496
14701,192,44,188,48
14702,148,54,171,86
14703,1192,316,1131,319
14704,7,3,8,8
14705,99,20,112,21
14706,774,177,761,158
14707,58,11,51,10
14708,563,97,615,110
14709,244,54,248,39
14710,108,70,111,77
14711,898,164,886,156
14712,240,82,264,49
14713,56,22,56,13
14714,12,2,15,4
14715,188,19,179,25
14716,6,0,10,0
14717,101,13,90,10
14718,283,78,274,93
14719,102,1578,106,1563
14720,191,62,172,57
14721,800,225,753,234
14722,453,186,407,159
14723,690,3793,631,3727
14724,683,221,701,202
14725,1015,312,1040,292
14726,170,28,143,47
14727,195,257,204,269
14728,431,471,423,407
14729,109,59,97,37
14730,169,26,157,29
14731,390,72,383,73
14732,713,149,675,166
14733,170,219,187,224
14734,130,135,100,148
14736,132,38,119,57
14737,353,1323,351,1343
14738,1020,222,1010,206
14739,43,15,54,16
14740,111,332,123,363
14741,905,187,942,194
14742,1871,341,1838,331
14743,0,96,0,90
14744,42,2231,59,2274
14745,359,124,353,124
14746,1115,279,1094,316
14747,185,55,205,70
14748,166,31,208,39
14749,2029,563,2042,545
14750,968,241,938,215
14751,7,204,2,183
14752,1437,577,1350,580
14753,359,86,332,81
14754,171,53,171,57
14755,47,325,46,313
14756,23,444,16,467
14757,34,43,41,30
14758,60,59,77,99
14759,514,104,497,97
14760,210,591,178,601
14761,636,183,620,180
14762,542,126,509,112
14763,521,133,567,126
14764,166,36,185,29
14765,358,77,356,72
14766,5,1246,20,1250
14767,74,17,73,15
14768,614,157,637,171
14769,106,33,107,25
14770,390,79,404,79
14771,952,189,977,207
14772,18,2,17,5
14773,820,117,871,113
14774,515,77,530,67
14775,585,80,597,83
14776,131,2719,128,2851
14777,979,198,1035,204
14778,1509,305,1528,351
14779,827,1999,832,1950
14780,1164,244,1081,252
14781,483,98,467,100
14782,296,114,287,78
14783,507,1740,522,1747
14784,770,211,814,235
14785,449,141,484,154
14786,970,419,1004,399
14787,61,199,69,186
14788,61,148,57,133
14789,32,29,38,34
14790,297,66,297,66
14791,11,4,7,4
14792,23,48,18,59
14793,164,33,190,12
14794,1,8,3,9
14795,249,43,233,48
14796,192,35,190,52
14797,79,23,68,21
14798,348,88,398,122
14799,567,1563,607,1544
14800,192,27,179,38
14801,1509,283,1452,267
14802,298,360,271,372
14803,851,222,909,201
14804,22,1,14,0
14805,10,2,12,6
14806,41,4,35,6
14807,4,3,16,1
14810,8,3,8,10
14812,7,2,3,2
14813,132,7,118,13
14814,9,0,4,0
14815,305,114,348,130
14817,540,1014,514,1007
14818,18,6,20,5
14819,41,5,54,12
14820,194,26,192,26
14821,153,18,142,35
14822,139,37,125,42
14823,250,178,263,184
14825,12,3,16,1
14826,14,0,9,1
14827,954,274,924,254
14828,43,32,28,24
14829,105,35,110,38
14830,359,1536,367,1455
14831,290,56,327,61
14832,200,49,232,62
14833,79,23,85,28
14834,54,11,76,10
14835,151,32,126,33
14836,66,18,72,16
14837,648,2296,639,2271
14838,142,42,186,49
14839,213,58,235,59
14840,49,13,47,14
14841,277,61,300,65
14842,243,61,282,88
14843,484,81,465,99
14844,380,143,399,147
14845,230,44,256,44
14846,4,1163,3,1240
14847,23,53,19,51
14848,412,78,367,80
14849,89,11,69,11
14850,47,38,54,50
14851,315,97,315,88
14852,68,30,60,30
14853,159,63,155,68
14854,87,34,94,26
14855,942,287,949,289
14856,329,53,343,73
14857,44,196,43,238
14858,730,231,722,207
14860,3,2,4,2
14861,13,124,16,135
14862,2,1048,5,1008
14863,176,38,184,45
14864,92,73,92,36
14865,267,88,230,79
14866,7,89,7,87
14867,18,211,14,196
14868,533,218,497,234
14869,15,177,17,160
14870,43,294,41,266
14871,498,332,492,366
14872,502,266,509,253
14873,426,827,427,872
14874,31,36,31,40
14875,279,67,275,50
14876,112,78,111,83
14877,628,182,634,167
14878,111,39,107,42
14879,46,17,44,22
14880,140,25,132,26
14881,388,98,384,96
14882,436,85,396,78
14884,430,93,405,77
14885,18,8,14,4
14886,682,121,670,113
14887,243,50,241,46
14888,186,46,199,55
14889,73,18,84,14
14890,398,86,434,92
14891,747,153,731,138
14892,435,81,395,89
14895,270,26,305,41
14897,8,176,11,193
14898,399,123,419,125
14899,0,50,0,39
14900,1315,253,1335,272
14901,352,78,342,53
14902,292,56,309,64
14904,268,66,266,64
14905,3,4,1,2
14906,604,128,578,147
14907,551,136,521,119
14908,1236,500,1211,502
14909,42,2,35,3
14910,145,10,151,17
14911,7,0,11,2
14912,145,21,177,21
14913,28,3,35,4
14914,37,26,61,27
14915,35,216,42,240
14916,273,35,273,38
14917,130,29,165,32
14918,290,48,296,53
14919,197,24,190,26
14920,25,4,25,5
14921,32,4,43,5
14922,17,3,16,2
14923,124,27,123,25
14924,160,28,163,26
14925,55,11,54,15
14926,158,22,188,31
14927,169,30,172,29
14928,259,51,235,37
14929,171,35,177,41
14930,116,124,124,97
14931,22,33,27,38
14932,29,142,30,134
14939,1,0,1,2
14940,2,14,5,15
14942,9,0,9,2
14943,5,0,6,1
14944,0,3,1,2
14945,386,42,379,47
14946,295,46,256,42
14947,7,1,8,7
14948,46,14,54,11
14949,65,19,73,25
14950,4,1,3,1
14951,5,27,6,20
14955,60,3,66,9
14956,191,15,180,29
14957,150,27,164,28
14958,129,22,142,19
14959,161,29,209,23
14960,312,55,320,51
14961,2,1,3,2
14962,92,31,99,34
14963,57,22,52,16
14964,267,118,266,114
14965,23,2,16,4
14966,67,7,82,6
14967,185,36,192,32
14968,8,0,4,3
14969,113,29,92,19
14970,166,36,188,38
14971,83,12,94,13
14972,140,28,136,41
14973,95,16,110,30
14974,391,75,408,72
14975,114,32,120,21
14976,155,32,147,37
14977,49,17,70,6
14979,145,39,167,26
14981,138,94,160,102
14982,237,54,227,63
14983,179,46,191,35
14984,212,59,178,80
14985,20,237,47,284
14986,108,30,117,25
14987,305,74,279,68
14988,246,70,255,61
14989,392,206,357,199
14990,40,412,29,445
14991,33,11,41,11
14993,31,5,31,3
14994,20,2,10,5
14995,29,7,21,8
14996,25,4,17,1
14997,31,51,29,47
14998,19,3,16,1
14999,57,10,46,13
15000,43,643,39,691
15001,23,4,18,3
15002,0,52,2,44
15004,61,11,64,20
15006,53,11,70,15
15007,25,6,28,14
15008,10,1,13,2
15009,36,12,31,11
15010,36,8,44,2
15011,27,7,37,4
15012,41,5,28,10
15013,22,13,21,7
15014,40,6,29,8
15015,18,3,20,5
15016,59,14,55,4
15017,135,20,137,28
15018,58,20,49,20
15019,148,27,164,23
15020,109,14,104,19
15021,15,3,13,5
15022,7,1,6,1
15023,17,0,13,10
15024,38,4,34,6
15025,61,16,71,22
15026,70,12,88,14
15027,24,10,26,14
15028,5,8,7,3
15030,32,5,36,3
15031,146,29,129,30
15032,40,10,39,25
15033,29,25,27,12
15035,19,7,9,5
15036,64,16,70,21
15037,8,91,15,96
15038,65,37,67,57
15039,35,27,29,26
15040,13,64,18,60
15041,458,123,442,111
15042,108,17,107,25
15043,193,54,186,43
15044,33,15,24,18
15045,87,18,67,14
15046,151,50,163,25
15047,335,102,318,100
15048,544,160,545,176
15049,32,1040,35,1059
15050,190,36,179,41
15051,11,118,13,109
15052,268,42,289,57
15053,159,42,173,31
15054,248,55,240,54
15055,285,77,247,82
15056,196,49,216,46
15057,95,27,105,20
15058,46,375,44,410
15059,244,64,261,71
15060,219,73,213,71
15061,303,85,315,82
15062,113,41,124,40
15063,192,51,152,55
15064,81,30,114,21
15065,277,149,258,116
15066,110,32,106,36
15067,110,33,99,30
15068,374,79,337,99
15069,318,77,337,79
15070,260,55,262,57
15071,140,36,138,26
15072,290,104,288,93
15073,43,208,41,217
15074,255,74,259,69
15075,241,48,248,53
15076,256,48,246,62
15077,74,1369,54,1396
15078,109,12,108,16
15079,377,68,428,89
15080,213,26,210,35
15081,555,109,544,99
15082,388,88,380,118
15083,256,54,254,61
15084,49,664,48,677
15085,451,1149,456,1135
15086,486,97,509,85
15087,518,434,555,434
15088,2139,793,2057,759
15089,472,122,503,144
15090,261,48,244,48
15091,880,203,856,193
15092,401,101,426,134
15093,4,2,7,2
15094,41,1,45,4
15095,58,7,60,7
15096,61,21,50,12
15097,96,27,98,18
15098,132,15,147,10
15099,50,5,54,5
15100,183,86,178,93
15101,29,5,24,6
15102,496,76,489,83
15103,33,2,39,4
15104,3,6,5,11
15105,176,56,172,37
15106,42,4,55,10
15107,78,9,72,5
15108,3265,476,3298,495
15109,753,146,800,134
15110,1305,243,1351,231
15111,1278,847,1278,884
15112,5,0,3,1
15114,118,22,129,25
15117,51,6,68,5
15120,79,26,68,32
15123,14,5,11,4
15124,384,77,394,63
15126,184,30,177,24
15127,44,6,34,11
15128,60,8,59,9
15129,124,8,125,20
15130,38,4,38,2
15131,252,37,248,33
15132,40,16,40,3
15133,525,2050,537,2038
15134,11,7,21,3
15135,10,7,15,2
15136,186,17,182,23
15137,101,16,102,13
15138,189,103,209,126
15140,284,117,273,118
15141,275,75,304,88
15142,45,22,44,24
15143,94,23,85,26
15144,243,91,242,79
15145,112,30,99,21
15146,67,16,76,15
15147,32,162,43,193
15148,132,170,137,156
15149,77,22,84,12
15150,122,31,100,37
15151,133,34,140,38
15152,78,20,81,25
15153,285,69,301,73
15154,312,69,327,71
15155,163,47,167,36
15156,213,60,204,62
15157,172,1157,198,1145
15158,18,9,25,7
15159,17,4,10,4
15160,18,6,20,4
15161,23,11,23,12
15162,18,10,15,9
15163,31,5,44,4
15164,47,19,54,19
15165,65,44,68,33
15167,16,5,15,3
15168,9,27,11,40
15169,8,4,10,4
15170,27,5,28,4
15171,19,18,27,10
15172,24,4,25,1
15173,20,16,21,9
15174,29,14,41,6
15175,9,3,2,2
15177,15,12,14,13
15178,23,5,24,9
15179,10,3,11,1
15180,17,1,21,6
15181,7,6,10,2
15182,23,3,19,4
15183,25,7,28,7
15184,11,4,8,1
15185,19,5,22,4
15186,27,4,33,5
15187,36,5,44,6
15189,42,13,43,3
15190,150,26,172,18
15191,62,8,44,11
15192,78,11,97,18
15193,16,2,23,3
15194,7,1,3,4
15195,17,9,20,14
15196,23,2,28,11
15197,45,41,59,53
15198,20,7,15,6
15199,26,6,31,7
15200,15,8,20,17
15201,11,2,13,4
15202,15,3,18,4
15203,10,5,7,7
15204,32,5,32,1
15205,39,5,56,7
15206,28,4,22,4
15207,47,11,51,6
15208,25,7,30,8
15209,13,2,10,1
15210,30,10,39,5
15211,54,22,57,31
15212,13,3,9,3
15213,43,33,45,32
15214,22,34,16,28
15215,28,4,33,6
15216,4,1,5,5
15217,9,6,12,2
15218,107,15,105,23
15219,47,4,46,8
15220,8,2,8,5
15221,106,11,100,15
15222,7,1,11,1
15223,70,8,88,6
15224,11,3,12,2
15225,33,5,44,6
15226,36,7,37,4
15227,39,11,36,9
15228,25,2,18,3
15229,50,3,47,3
15230,2,1,1,3
15231,62,9,61,14
15232,53,14,51,12
15233,33,10,32,3
15234,24,2,23,9
15235,32,24,35,22
15236,18,13,16,9
15237,39,10,42,13
15238,43,1648,50,1556
15239,70,13,71,10
15240,52,37,56,20
15241,51,197,51,203
15242,10,41,13,46
15243,52,386,44,356
15244,1,15,2,22
15245,13,3,19,1
15246,13,0,14,0
15247,25,89,16,69
15248,22,12,14,10
15249,55,11,57,11
15250,54,11,57,3
15251,8,6,12,2
15252,79,16,68,12
15253,52,7,54,4
15254,18,2,14,6
15255,33,11,26,5
15256,26,6,24,7
15257,52,7,52,4
15258,23,1,23,1
15259,30,15,33,10
15260,27,3,31,4
15261,4,4,6,0
15262,17,1,16,5
15263,11,1,7,4
15264,31,14,29,15
15266,36,14,36,4
15267,8,0,9,3
15268,2,4,3,9
15269,25,5,31,9
15270,16,9,15,2
15271,22,3,26,5
15272,38,12,41,14
15273,31,6,37,2
15274,162,53,176,55
15275,164,35,143,40
15276,225,77,204,75
15277,29,25,31,29
15278,1,2061,4,2056
15279,76,46,63,49
15280,328,63,323,61
15281,103,18,96,16
15282,66,16,65,22
15283,336,97,329,101
15284,51,303,56,275
15285,147,49,123,34
15286,89,514,72,548
15287,23,379,27,359
15288,4,1061,7,1134
15289,49,24,51,20
15290,102,31,101,40
15291,254,72,251,85
15292,185,53,181,46
15293,295,79,301,59
15294,324,78,330,72
15295,23,192,17,172
15296,228,59,228,46
15297,30,121,22,110
15298,46,799,59,912
15299,115,27,109,28
15300,257,61,279,73
15301,372,90,362,61
15302,212,44,223,41
15303,91,1452,128,1486
15304,460,69,419,66
15305,112,23,118,19
15306,191,14,186,22
15307,6,1,1,1
15308,145,14,162,34
15309,355,67,407,55
15310,42,5,37,7
15311,16,1,14,1
15312,54,7,45,13
15314,24,5,31,2
15315,18,52,29,66
15316,139,20,154,20
15317,105,35,94,38
15320,75,28,94,37
15321,164,21,184,24
15322,106,18,103,12
15323,19,61,16,37
15324,155,26,172,27
15325,9,1,6,0
15326,26,3,40,2
15329,77,4,76,1
15330,40,14,33,17
15332,201,49,220,34
15336,10,7,10,2
15340,25,6,29,4
15341,201,17,204,35
15342,103,27,117,29
15343,122,17,105,36
15344,28,8,26,1
15345,5,0,3,1
15346,8,2,9,2
15347,95,19,90,19
15348,6,1,4,5
15349,19,6,23,3
15351,119,26,110,32
15352,26,7,23,12
15353,4,2,6,2
15354,225,37,219,39
15355,127,24,146,25
15356,123,23,149,17
15357,50,4,40,6
15358,84,13,79,30
15359,117,22,118,29
15360,133,32,128,27
15361,231,42,224,37
15362,97,19,93,15
15363,185,95,223,133
15364,88,16,98,14
15365,89,22,90,23
15366,78,24,87,31
15367,64,29,73,29
15368,40,6,40,6
15369,162,50,159,45
15371,83,31,84,23
15373,58,10,58,6
15375,17,773,16,782
15376,4,14,6,12
15377,143,48,165,31
15378,98,18,91,31
15379,170,46,178,57
15380,139,28,132,21
15381,40,15,43,10
15382,92,54,73,49
15384,114,27,114,31
15385,372,84,362,86
15386,60,370,54,351
15387,120,20,136,32
15388,14,32,7,19
15389,134,23,142,30
15390,83,12,89,9
15391,188,24,183,40
15394,175,67,173,42
15395,110,28,100,19
15396,80,29,75,16
15397,119,18,104,34
15398,131,18,137,30
15399,35,19,39,9
15400,111,30,115,21
15401,24,6,36,12
15402,83,26,84,22
15403,22,3,26,2
15404,84,49,87,53
15406,69,13,75,30
15407,122,18,111,20
15408,249,39,202,49
15411,176,43,182,42
15412,194,44,192,48
15413,786,143,761,131
15414,87,24,89,31
15415,104,16,84,9
15416,104,36,109,15
15417,3,104,6,122
15418,19,47,16,36
15419,38,4,45,7
15420,38,6,35,11
15421,43,24,52,21
15422,174,170,185,150
15423,4,4,7,3
15424,16,5,14,6
15425,33,8,31,5
15426,55,927,45,889
15427,0,127,0,121
15428,128,25,134,13
15429,87,45,99,45
15430,221,57,227,46
15431,263,45,262,51
15432,104,40,111,41
15433,159,50,210,48
15434,160,46,163,28
15435,178,37,172,50
15436,90,12,111,24
15437,329,77,352,76
15438,88,19,88,25
15439,2,167,10,181
15440,55,12,37,14
15441,52,80,43,107
15442,106,21,90,32
15443,19,1943,40,2009
15444,43,46,46,27
15445,45,9,42,12
15446,47,16,51,17
15447,185,28,168,39
15448,75,21,83,23
15449,43,19,33,6
15450,84,24,91,22
15451,47,11,40,8
15452,85,18,95,12
15453,95,23,86,25
15454,95,49,107,61
15455,75,21,80,29
15456,127,27,116,29
15457,253,53,253,40
15458,240,54,258,65
15459,86,17,97,13
15460,4,920,2,894
15462,150,58,143,48
15463,261,122,238,124
15464,139,56,146,37
15465,24,4,20,1
15466,169,37,180,40
15468,167,44,166,25
15469,38,72,39,75
15470,40,3,39,9
15471,131,22,121,26
15472,43,12,63,8
15473,78,28,61,33
15474,16,1,15,2
15475,101,23,104,31
15476,94,19,95,31
15477,44,20,52,16
15478,52,9,45,12
15479,112,24,121,29
15480,58,17,78,16
15481,163,31,175,33
15482,75,15,77,11
15483,112,18,98,21
15484,76,1049,81,1082
15485,3,10,2,12
15486,43,631,48,578
15487,52,742,40,719
15488,206,687,210,697
15489,9,2033,11,2095
15490,44,19,39,12
15491,21,158,15,150
15492,143,134,149,109
15493,89,27,93,20
15494,23,16,19,21
15495,41,36,35,44
15496,185,24,187,25
15497,105,65,105,66
15498,330,72,326,64
15499,171,36,176,35
15500,64,4,65,8
15501,18,9,30,14
15502,22,2,22,4
15503,476,73,419,67
15504,282,47,267,30
15505,5,51,2,47
15506,357,60,352,54
15507,316,127,335,105
15508,51,8,50,19
15509,61,22,58,25
15510,42,8,40,10
15511,49,16,53,19
15512,2,725,5,726
15513,43,2,42,7
15514,42,13,49,18
15515,37,9,40,5
15516,45,6,34,9
15517,13,1,16,2
15518,96,20,85,18
15519,26,9,22,10
15520,89,15,107,27
15521,37,3,28,5
15522,79,7,51,11
15523,17,2,20,9
15524,6,13,11,13
15525,63,9,68,19
15526,31,10,38,11
15527,76,25,114,23
15528,103,25,116,19
15529,48,9,41,16
15530,178,37,157,30
15531,184,32,206,40
15532,1,44,2,62
15533,86,1049,88,1146
15534,41,12,45,27
15535,31,6,34,8
15536,49,16,42,18
15537,83,177,73,167
15538,51,17,51,19
15539,19,8,21,9
15540,41,20,34,24
15541,12,7,12,7
15542,95,18,105,20
15543,23,9,31,5
15544,37,13,39,8
15545,26,3,25,7
15546,17,2,10,5
15547,25,2,27,6
15548,34,2,31,7
15549,89,17,83,12
15550,75,13,75,16
15551,63,15,56,17
15552,53,6,52,6
15553,22,12,25,9
15554,145,35,162,40
15555,13,2,4,3
15556,16,3,15,4
15557,30,7,28,10
15558,13,7,21,4
15559,33,7,29,8
15560,19,5,21,4
15561,4,5,6,4
15562,28,19,14,14
15563,44,13,41,8
15564,59,10,67,7
15565,23,13,25,9
15566,24,6,24,6
15567,28,19,17,10
15568,16,11,17,9
15569,23,11,20,9
15570,27,3,12,5
15571,32,11,23,11
15572,46,14,43,14
15573,12,6,16,5
15574,10,3,15,8
15575,60,18,55,13
15576,41,7,38,7
15577,28,12,28,6
15578,29,38,28,22
15579,100,21,97,16
15580,54,11,54,17
15581,29,10,26,5
15582,0,130,0,112
15583,241,48,214,53
15584,252,53,247,65
15585,8,43,18,57
15586,84,6,75,17
15587,158,27,155,24
15588,244,72,237,38
15589,13,0,11,7
15590,31,10,41,5
15591,2,14,3,18
15592,115,33,99,30
15593,210,49,204,55
15594,81,12,80,21
15595,166,20,171,27
15596,86,33,97,27
15597,276,70,288,77
15598,42,23,47,20
15599,48,251,71,276
15600,68,15,70,14
15601,28,16,33,10
15602,37,8,37,8
15603,155,32,174,41
15604,113,28,114,31
15607,68,20,73,17
15608,191,42,157,27
15609,11,5,15,8
15610,7,74,7,91
15611,66,15,67,13
15612,47,13,51,8
15613,46,839,64,883
15614,67,13,68,16
15615,87,25,87,11
15616,43,15,38,16
15617,44,23,37,8
15618,47,11,56,9
15619,80,22,82,9
15620,103,23,133,28
15621,30,10,36,7
15622,16,15,11,8
15623,18,10,17,9
15624,77,13,80,14
15625,48,28,40,22
15626,33,588,40,602
15627,5,144,8,130
15628,116,31,122,21
15629,31,433,37,440
15630,32,6,40,3
15631,121,35,133,44
15632,128,20,130,21
15633,62,24,61,26
15634,99,34,99,19
15635,165,40,164,53
15636,24,6,23,7
15637,26,3,22,9
15638,113,24,122,20
15639,181,45,176,33
15640,117,30,124,14
15641,130,24,144,31
15642,81,490,97,500
15643,173,44,179,36
15644,69,31,68,20
15645,110,30,128,41
15646,431,99,445,100
15647,263,49,258,47
15648,284,63,269,66
15649,147,33,139,27
15650,100,24,111,23
15651,188,86,208,76
15652,172,101,162,75
15653,61,16,56,16
15654,30,4,29,5
15655,19,27,18,32
15657,31,13,18,8
15658,19,8,30,3
15660,164,40,148,31
15661,17,3,18,6
15662,11,340,11,362
15663,21,5,29,6
15664,224,68,216,56
15665,280,108,277,84
15666,388,361,404,372
15667,223,57,206,44
15668,386,93,416,100
15669,119,28,111,39
15670,0,12,0,13
15671,21,8,23,10
15673,48,477,44,454
15674,42,4,28,8
15675,57,12,51,13
15676,216,52,221,69
15677,4,133,5,142
15678,150,19,142,6
15679,43,49,31,46
15680,71,29,58,25
15681,125,27,134,26
15682,116,23,113,20
15683,115,24,132,24
15684,182,93,182,91
15685,212,67,264,69
15686,95,34,80,35
15687,95,12,102,24
15689,269,63,288,65
15690,334,76,349,62
15691,79,19,83,16
15692,102,20,117,11
15693,140,28,140,21
15694,90,28,83,35
15695,136,78,138,64
15696,91,15,82,15
15699,2,32,2,32
15701,393,86,371,77
15702,66,1458,54,1505
15703,16,20,17,28
15704,127,56,118,43
15705,118,32,127,29
15706,108,37,84,30
15707,98,38,108,30
15708,50,21,50,18
15709,147,35,147,42
15710,92,19,92,34
15711,37,11,34,11
15712,494,147,509,148
15713,412,57,426,68
15715,98,24,107,25
15716,173,101,175,95
15717,236,66,240,65
15718,307,55,293,52
15719,310,91,294,72
15720,195,30,202,43
15721,77,46,68,31
15722,41,11,46,13
15723,75,42,75,35
15724,116,36,119,51
15725,149,45,160,39
15726,155,39,145,36
15727,188,56,188,73
15730,128,46,121,35
15732,134,42,150,32
15733,158,39,167,47
15734,7,26,9,38
15735,525,84,541,76
15736,429,100,412,102
15737,302,71,305,74
15738,118,36,122,30
15739,156,72,171,65
15740,50,19,46,21
15741,59,21,63,20
15742,198,53,206,56
15743,60,11,46,6
15744,118,37,102,45
15745,113,32,119,24
15746,310,139,285,140
15747,70,383,71,341
15748,87,27,73,27
15750,5,0,5,5
15751,45,67,43,59
15752,17,2,13,0
15754,173,59,164,66
15755,5,1,5,2
15756,12,7,11,5
15757,11,315,13,310
15759,39,10,41,3
15760,458,97,462,88
15761,42,7,46,9
15762,130,47,115,48
15764,32,4,20,11
15765,109,10,102,14
15767,76,42,95,33
15768,22,10,27,15
15769,155,30,151,33
15775,199,60,213,65
15776,86,36,110,37
15777,86,16,96,19
15778,151,23,135,38
15779,51,58,41,49
15780,315,64,324,50
15781,129,27,134,28
15782,146,24,167,34
15783,130,24,136,28
15784,10,11,10,7
15785,248,63,262,66
15786,176,35,173,30
15787,16,305,12,337
15788,130,27,134,19
15789,70,12,74,22
15790,96,23,88,22
15791,146,39,146,37
15792,66,39,69,31
15793,170,69,163,61
15794,150,32,146,31
15795,2,2,3,1
15797,30,444,32,438
15798,6,11,5,13
15799,36,532,34,552
15800,50,9,44,7
15801,107,1159,88,1131
15802,27,6,32,5
15803,33,213,33,200
15804,12,1069,9,1066
15805,5,29,3,24
15806,43,8,26,14
15807,148,48,135,61
15808,46,13,44,20
15809,98,35,102,19
15810,332,76,331,82
15811,2,5,6,9
15812,21,5,15,4
15814,148,41,155,43
15815,9,1397,4,1415
15816,103,29,97,26
15817,17,165,12,139
15818,388,57,360,84
15819,70,39,78,34
15820,57,43,49,24
15821,55,30,66,28
15822,69,27,66,20
15823,73,23,68,15
15824,81,50,83,56
15825,128,34,110,27
15826,95,20,91,27
15827,11,13,11,16
15828,113,50,118,44
15829,95,13,95,14
15830,63,19,96,28
15831,87,91,86,89
15833,30,2409,22,2398
15834,97,16,89,21
15835,202,56,179,62
15836,136,41,147,34
15837,87,26,91,28
15838,163,35,181,55
15839,146,79,136,49
15840,42,20,47,20
15841,120,31,113,26
15842,98,32,97,14
15843,115,26,98,26
15844,90,26,90,25
15845,10,236,12,226
15846,139,103,157,136
15847,106,20,101,22
15848,131,28,158,19
15849,33,15,22,16
15850,193,86,183,102
15851,143,30,122,31
15852,55,1561,59,1610
15853,82,13,68,23
15854,123,103,136,95
15855,42,25,48,16
15856,7,49,3,40
15857,84,12,98,16
15859,41,13,36,10
15860,89,28,91,35
15861,194,46,194,51
15862,180,41,176,33
15863,172,43,178,49
15865,152,4245,173,4300
15866,2,16,3,28
15867,4,4,3,6
15868,15,2,17,2
15869,36,21,56,14
15870,31,29,49,27
15871,36,24,48,10
15872,68,12,57,18
15873,20,12,23,8
15874,56,16,64,10
15875,78,9,73,29
15877,98,30,85,27
15878,40,11,34,19
15879,108,35,107,22
15880,70,25,74,30
15881,36,995,46,1026
15882,90,21,93,30
15883,78,30,63,33
15884,0,11,1,6
15885,61,16,51,12
15886,76,12,72,9
15887,76,22,74,19
15888,122,21,99,27
15889,97,20,82,20
15890,73,26,92,27
15891,40,10,31,9
15892,264,73,230,65
15893,29,13,23,12
15894,68,62,63,51
15895,11,58,10,76
15896,50,1160,61,1136
15897,337,109,376,85
15898,2,5,1,4
15899,30,10,33,5
15900,51,4,54,10
15901,132,27,121,31
15903,74,20,74,6
15904,44,15,46,10
15905,232,34,226,46
15906,93,36,105,31
15908,39,8,36,8
15910,5,3,8,3
15911,1,12,2,12
15913,27,7,19,6
15914,232,37,211,47
15915,1,5,1,6
15918,171,43,172,54
15920,139,42,141,30
15921,80,20,84,27
15922,800,555,787,620
15924,2,62,5,64
15925,93,23,99,31
15926,117,267,138,273
15927,799,141,782,148
15928,80,17,79,26
15929,78,30,86,27
15930,23,245,29,228
15931,51,15,49,17
15932,185,163,167,129
15933,6,180,8,162
15934,49,826,56,843
15936,11,250,16,311
15937,130,2990,133,3040
15938,181,46,157,51
15939,21,99,28,116
15940,90,32,107,36
15941,358,105,373,89
15942,62,16,77,20
15943,21,384,19,375
15944,7,4,9,7
15945,70,21,77,23
15946,64,930,61,950
15947,54,1003,54,1023
15948,54,22,49,21
15949,31,12,36,11
15950,67,18,61,20
15951,30,757,22,670
15952,79,1057,59,1041
15953,332,79,299,95
15954,170,41,182,46
15955,334,80,343,86
15956,29,574,37,601
15957,200,49,208,47
15958,7,15,9,9
15959,103,24,97,27
15960,4,2,4,2
15961,268,66,286,71
15962,16,7,13,6
15963,50,23,56,12
15964,74,16,70,21
15965,39,285,40,291
15966,94,129,91,124
15967,274,86,270,110
15968,47,12,46,15
15969,190,47,200,29
15970,148,41,164,44
15971,315,86,329,102
15972,2,10,1,7
15973,71,67,71,57
15974,183,37,181,29
15975,164,14,138,19
15976,77,75,95,77
15977,149,36,152,30
15978,118,30,108,40
15979,82,19,89,17
15980,278,69,255,68
15981,383,160,423,145
15982,220,70,202,80
15983,97,242,100,250
15984,194,55,184,39
15985,17,43,17,33
15986,42,5,44,7
15987,151,63,126,45
15988,71,22,93,27
15989,48,18,48,12
15990,53,16,53,15
15991,61,46,51,40
15992,66,20,53,14
15993,72,278,84,340
15994,53,4,55,14
15995,16,62,17,78
15996,71,154,56,136
15997,23,10,24,11
15998,173,174,171,158
15999,65,105,69,114
16000,78,305,66,266
16001,70,53,65,65
16002,195,54,215,54
16003,84,18,71,11
16004,190,121,174,100
16005,0,61,0,54
16006,27,11,30,11
16007,104,37,101,22
16008,157,46,187,51
16009,220,58,205,73
16010,282,114,297,113
16011,282,104,314,107
16012,180,66,181,58
16013,232,63,249,57
16014,18,3157,16,3186
16015,309,67,293,75
16016,1620,415,1637,378
16017,144,37,131,26
16018,74,18,65,12
16019,483,105,511,120
16020,49,8,59,18
16021,45,7,43,8
16022,298,63,288,57
16023,165,33,179,38
16025,89,24,92,28
16026,274,66,262,46
16027,616,93,591,94
16028,365,59,361,76
16029,508,71,528,84
16030,88,18,83,17
16031,305,68,310,74
16032,265,68,270,60
16033,17,176,15,169
16034,232,76,257,71
16035,180,107,171,150
16036,311,97,305,79
16037,296,43,303,40
16038,173,46,165,56
16039,82,27,73,24
16040,96,62,70,39
16041,262,58,264,72
16042,218,1227,196,1276
16043,167,42,169,27
16044,192,47,194,34
16045,121,2196,131,2192
16046,43,17,34,20
16047,279,47,257,46
16048,562,120,559,126
16049,55,1308,46,1294
16050,245,58,215,79
16051,498,586,527,561
16052,312,109,277,91
16053,505,141,502,171
16054,329,95,314,96
16055,666,129,701,171
16056,59,13,58,17
16057,216,74,233,69
16058,162,36,148,29
16059,70,19,61,42
16060,69,68,78,58
16062,340,93,348,89
16063,172,79,184,71
16064,317,1195,341,1230
16065,29,484,37,529
16066,83,341,95,350
16067,388,119,367,120
16068,417,144,376,138
16069,40,27,43,20
16070,330,62,368,81
16071,810,117,825,113
16072,324,55,337,55
16073,0,257,0,259
16074,298,88,286,87
16075,253,108,242,112
16076,391,71,422,80
16077,36,1723,46,1775
16078,277,130,269,175
16079,443,114,436,103
16080,498,114,467,129
16081,318,86,285,78
16082,347,86,346,110
16083,505,143,470,129
16084,355,152,357,140
16085,65,1210,91,1243
16087,16,104,4,100
16088,140,35,148,38
16089,142,1095,158,1157
16091,312,49,280,36
16093,84,17,78,18
16094,478,235,495,274
16095,414,42,427,59
16096,574,108,607,94
16097,300,57,327,54
16098,148,313,121,291
16099,55,303,48,303
16100,32,54,27,56
16101,35,628,34,545
16102,27,97,30,87
16103,55,393,58,415
16104,145,815,157,878
16105,31,264,27,290
16106,68,389,81,388
16107,149,74,152,56
16108,15,99,12,82
16109,9,23,7,26
16110,46,228,48,209
16111,67,457,79,454
16112,11,13,11,22
16113,28,451,32,433
16114,30,242,17,204
16115,68,18,68,14
16116,29,22,22,13
16117,108,28,115,33
16118,127,41,103,40
16119,2,71,3,76
16120,48,236,52,256
16121,39,7,22,8
16122,207,63,214,60
16123,139,36,127,41
16124,197,165,193,194
16125,197,42,200,51
16126,368,1195,340,1181
16127,1061,269,1057,269
16128,115,22,111,23
16129,132,104,159,93
16130,17,158,15,187
16131,100,1002,70,1002
16132,64,141,78,141
16133,123,626,119,600
16134,488,180,528,161
16135,165,50,161,39
16136,171,45,168,44
16137,242,75,237,79
16138,201,179,221,175
16139,242,59,222,66
16140,44,8,55,13
16141,66,15,65,19
16142,173,70,195,83
16143,114,33,129,29
16144,206,43,201,50
16145,255,54,252,52
16146,163,98,173,116
16147,182,133,189,156
16148,141,45,139,46
16149,186,33,202,46
16150,353,79,339,68
16151,184,48,198,51
16152,205,36,206,36
16153,156,27,168,34
16154,332,70,329,74
16155,44,12,23,3
16156,199,52,197,41
16157,289,54,294,52
16159,176,37,185,35
16160,105,31,97,26
16161,142,28,127,32
16162,111,39,125,47
16163,405,88,409,81
16164,9,3,8,3
16165,111,31,138,33
16166,221,111,216,117
16167,38,7,39,12
16168,53,68,67,74
16169,292,75,302,85
16170,161,46,172,54
16171,205,51,213,59
16172,143,60,137,32
16173,426,107,395,123
16174,376,107,385,107
16175,181,39,190,46
16176,187,38,214,30
16177,246,37,247,39
16178,17,76,14,82
16179,643,184,604,184
16180,628,178,655,169
16181,15,182,16,172
16182,66,1815,76,1836
16183,25,420,26,414
16185,150,36,154,30
16186,154,117,156,104
16187,65,19,71,29
16188,665,145,650,142
16189,382,110,400,89
16190,3,30,4,30
16191,318,79,326,78
16193,55,363,78,368
16194,63,6,63,3
16195,98,560,89,543
16196,200,784,203,720
16198,21,181,29,202
16199,31,111,30,97
16200,3,6,0,7
16201,9,376,13,375
16202,16,93,9,65
16203,12,113,17,129
16206,38,503,47,466
16207,10,30,14,33
16208,21,192,22,186
16209,28,13,33,19
16210,500,141,511,131
16211,30,13,32,9
16212,8,182,10,221
16213,33,19,35,10
16214,23,84,29,90
16215,2,5,1,5
16216,45,17,36,10
16217,171,52,163,45
16218,935,242,948,243
16219,186,69,175,71
16220,174,41,181,47
16221,3,9,5,8
16222,22,9,23,14
16223,126,39,125,34
16224,65,368,87,380
16225,393,107,413,95
16226,329,84,320,74
16227,123,46,130,41
16228,232,100,202,70
16229,86,183,75,189
16230,52,211,43,213
16231,158,50,167,35
16232,49,16,59,17
16233,192,51,158,49
16234,100,27,103,28
16235,425,109,412,94
16236,176,4248,170,4320
16237,309,91,324,82
16238,511,120,501,117
16239,274,92,308,112
16240,515,105,522,93
16241,440,95,465,93
16242,525,121,503,103
16243,1260,237,1261,239
16244,649,150,646,147
16245,2,1,3,0
16246,325,2213,315,2192
16247,7,59,4,37
16248,499,179,508,180
16249,608,172,574,140
16250,733,150,708,142
16251,1222,267,1119,250
16252,1342,240,1351,240
16253,935,1917,923,1956
16254,108,2749,100,2719
16255,277,79,273,130
16256,116,42,118,39
16257,159,63,136,43
16258,212,63,186,65
16259,552,117,534,135
16260,488,163,478,234
16261,228,63,231,67
16262,321,134,278,134
16263,455,103,486,96
16264,361,101,388,115
16265,230,60,241,53
16266,518,110,532,118
16267,1213,210,1246,225
16268,874,198,876,188
16269,51,200,72,225
16270,176,954,164,923
16271,97,404,97,413
16272,261,64,304,89
16273,184,539,158,503
16274,29,606,32,593
16275,907,200,896,214
16276,279,78,262,88
16277,428,106,407,97
16278,385,101,413,175
16279,258,87,237,115
16280,491,146,485,160
16281,711,194,654,217
16282,283,78,270,72
16283,358,121,391,120
16284,306,89,283,75
16285,518,128,535,107
16286,509,90,532,81
16287,107,3328,112,3362
16289,23,520,36,577
16290,1061,263,1027,237
16291,1370,306,1384,362
16292,564,98,559,86
16293,677,166,643,141
16294,434,78,420,59
16295,299,66,253,80
16296,586,122,532,121
16297,321,99,273,76
16298,390,155,382,162
16299,405,107,400,115
16300,297,90,314,75
16301,2,3298,8,3235
16302,455,161,451,169
16303,180,81,168,56
16304,327,143,324,62
16306,194,36,190,43
16307,743,200,772,208
16308,269,55,260,60
16309,232,54,211,54
16310,442,75,431,82
16311,267,70,317,68
16312,702,299,670,310
16313,173,1137,188,1147
16314,344,94,376,75
16315,614,1326,677,1313
16316,924,170,917,218
16317,143,20,143,21
16318,195,32,196,67
16319,289,38,259,61
16320,1105,259,1148,219
16321,304,123,305,80
16322,516,134,498,157
16323,751,145,761,144
16324,792,166,826,149
16325,835,238,875,243
16326,329,96,303,90
16327,343,60,310,45
16328,334,71,334,62
16329,545,100,567,95
16330,629,122,598,108
16331,355,88,327,130
16332,291,75,309,77
16333,454,95,473,77
16334,484,106,484,103
16335,556,143,537,110
16336,292,42,269,61
16337,367,2766,409,2850
16338,629,127,642,133
16339,226,45,191,47
16340,399,96,400,94
16341,181,66,195,42
16342,436,83,432,81
16343,6,274,5,279
16344,225,49,234,44
16345,195,48,196,41
16346,100,32,97,58
16347,135,1840,165,1893
16348,815,315,820,278
16349,111,669,104,640
16350,618,94,588,99
16351,648,128,672,156
16352,622,132,625,119
16353,381,98,358,111
16354,105,1379,129,1328
16355,38,252,55,251
16356,223,71,219,64
16357,31,131,23,117
16358,91,592,88,524
16360,1,22,2,24
16361,48,176,49,168
16362,86,277,86,300
16363,49,213,55,261
16364,163,4352,150,4298
16365,96,776,97,740
16366,61,966,39,1040
16367,64,276,72,298
16368,5,279,10,315
16369,484,138,513,168
16370,780,290,807,257
16371,122,65,142,44
16372,8,345,8,322
16373,481,304,489,272
16374,11,3393,16,3413
16375,2,2021,4,1840
16376,266,67,259,70
16377,8,3087,15,3153
16378,114,1243,103,1201
16379,280,38,273,59
16380,270,54,272,66
16381,80,41,76,21
16382,144,22,155,18
16383,361,109,358,113
16384,138,53,117,34
16385,310,71,306,99
16386,261,73,260,82
16387,224,74,221,48
16388,82,32,89,30
16389,271,136,304,144
16390,280,56,251,58
16391,4,39,5,34
16392,132,49,167,56
16394,1,2,2,0
16395,264,61,271,89
16396,87,21,101,23
16397,276,67,278,69
16398,136,28,149,28
16399,18,143,17,153
16400,291,88,314,74
16401,192,44,196,39
16402,972,249,958,225
16403,23,421,23,459
16404,62,408,76,463
16406,2,258,2,265
16407,639,110,609,125
16408,260,50,254,39
16409,298,77,320,77
16410,320,59,335,69
16411,115,23,119,40
16412,365,298,379,293
16413,226,44,219,31
16414,803,196,787,190
16415,67,1866,90,1972
16416,436,336,454,352
16417,524,287,545,301
16418,380,90,421,75
16419,165,44,163,48
16420,552,108,545,107
16421,252,1631,233,1455
16422,549,231,516,307
16423,433,90,465,91
16424,139,352,139,381
16425,94,682,95,672
16426,107,28,103,23
16427,120,17,111,12
16428,365,88,358,74
16429,465,89,415,89
16430,862,251,871,252
16431,81,27,76,35
16432,67,36,56,8
16433,336,93,315,99
16434,147,54,161,51
16435,46,21,50,22
16436,85,28,81,21
16437,245,135,251,136
16438,1629,404,1575,394
16439,216,49,231,34
16440,825,166,762,204
16441,467,143,453,111
16442,458,239,461,238
16443,1042,214,1000,210
16444,404,110,438,105
16445,541,137,580,152
16446,548,122,513,97
16447,87,44,68,16
16448,421,94,443,79
16449,405,423,369,435
16450,177,46,153,45
16451,434,88,377,87
16452,607,123,567,225
16453,976,203,968,177
16454,145,38,155,55
16455,5,11,8,5
16456,118,35,107,40
16457,260,40,230,29
16458,290,56,271,41
16459,326,40,347,64
16460,38,12,33,3
16461,52,10,35,6
16462,145,16,126,17
16463,23,6,18,8
16464,158,49,184,39
16465,49,4,45,4
16466,42,0,46,3
16467,46,6,37,2
16468,44,13,37,8
16469,44,17,57,24
16470,10,3,19,6
16472,672,163,702,147
16473,342,94,322,100
16474,1240,228,1270,212
16475,1351,1197,1389,1283
16476,62,15,67,9
16477,71,17,53,31
16478,663,151,638,120
16479,618,146,617,153
16481,163,84,160,88
16482,5,1,3,3
16485,5,5,5,0
16489,316,48,358,50
16490,7,1926,8,1801
16491,998,215,997,198
16492,414,93,450,110
16493,111,33,118,45
16494,426,121,382,103
16495,160,58,148,73
16496,24,2555,28,2611
16497,157,65,131,44
16498,239,62,303,67
16499,93,32,106,18
16500,132,30,148,31
16501,135,51,134,55
16502,131,42,137,35
16503,64,10,62,14
16505,53,16,55,21
16506,12,8,13,9
16507,14,2,15,5
16508,177,49,186,43
16509,115,1877,117,1934
16510,227,62,234,55
16511,311,82,304,73
16512,76,28,86,19
16513,78,18,88,18
16514,64,15,54,12
16515,198,44,184,42
16516,7,62,12,70
16517,194,50,210,62
16518,85,33,80,23
16519,296,57,309,69
16520,42,6,34,7
16521,136,35,123,36
16522,5,1,6,1
16523,247,65,231,54
16524,178,45,161,43
16525,54,38,65,35
16526,41,8,45,21
16527,41,7,27,13
16528,24,10,29,8
16529,61,9,79,16
16530,41,15,53,35
16531,37,7,36,6
16532,148,63,144,56
16533,49,12,49,9
16534,68,21,62,20
16535,194,44,169,43
16536,118,29,103,44
16537,120,34,115,38
16538,122,35,122,29
16539,3,66,5,75
16540,94,24,93,19
16541,36,10,32,9
16542,192,48,169,41
16543,57,9,62,8
16544,177,43,181,42
16545,90,32,81,29
16546,257,50,263,47
16547,74,8,71,10
16548,427,109,440,88
16549,42,7,49,8
16550,154,38,162,45
16551,59,17,56,22
16552,499,114,472,115
16553,98,42,110,67
16554,410,80,450,66
16556,35,22,38,33
16557,381,74,349,90
16558,306,260,281,261
16559,47,11,55,3
16560,131,27,134,31
16561,130,28,155,41
16562,20,116,17,83
16563,666,118,667,77
16564,13,2,5,2
16565,18,8,29,6
16566,8,1,7,2
16569,47,22,40,17
16570,2,3,2,2
16571,23,10,28,2
16572,66,1530,81,1564
16574,57,16,53,17
16575,89,15,84,18
16576,27,9,22,9
16577,90,11,96,16
16578,39,8,30,7
16579,56,9,60,13
16580,151,49,170,45
16581,31,8,29,9
16582,48,27,46,19
16583,3,0,4,2
16584,14,4,10,1
16585,20,6,18,5
16586,101,20,95,32
16587,109,20,101,17
16588,1281,244,1329,223
16589,324,62,323,63
16590,19,73,17,70
16591,7,2,4,0
16592,256,46,258,33
16593,16,11,15,6
16595,160,45,168,44
16596,47,11,45,13
16599,9,2,8,2
16600,63,34,79,35
16601,136,74,171,72
16602,39,19,48,14
16603,31,14,28,9
16604,196,25,228,46
16605,314,112,342,135
16606,114,31,127,24
16607,332,63,336,61
16608,109,26,95,26
16609,114,13,133,37
16610,83,96,109,75
16611,47,5,63,9
16612,702,159,668,177
16613,211,59,200,45
16614,171,58,146,31
16615,70,16,66,17
16616,29,10,28,13
16617,52,22,56,19
16618,114,199,106,199
16619,221,96,228,80
16620,155,38,155,213
16621,102,27,117,25
16622,95,47,96,29
16623,19,22,30,20
16624,141,29,127,38
16625,82,48,79,23
16626,27,16,23,10
16627,57,39,69,21
16628,9,4,17,7
16629,61,116,61,41
16630,755,157,789,150
16631,53,3186,68,3128
16632,49,32,57,30
16633,183,120,186,50
16634,79,1611,82,1528
16635,93,21,94,28
16636,514,122,504,99
16637,558,156,595,246
16638,403,90,354,108
16639,192,76,222,97
16641,66,19,58,22
16642,138,34,164,39
16643,531,620,544,665
16644,11,296,18,285
16645,364,82,381,82
16646,195,33,152,39
16647,65,1014,65,951
16648,943,178,903,190
16649,853,435,920,460
16650,234,35,196,31
16651,142,92,129,100
16652,44,18,52,15
16653,210,34,211,39
16654,31,9,41,5
16655,239,30,235,28
16656,61,29,74,37
16657,45,13,39,11
16659,26,7,29,4
16662,26,3,36,7
16663,25,17,25,12
16664,464,77,519,102
16666,20,29,24,31
16667,42,0,43,4
16668,38,15,39,13
16670,0,2,0,4
16671,26,3,23,4
16672,143,44,132,40
16673,284,1096,245,1056
16674,865,241,853,250
16675,2,4,4,3
16677,23,110,28,100
16678,154,63,161,89
16679,289,102,271,84
16680,34,6,34,9
16681,113,17,113,19
16682,25,7,38,9
16683,41,14,35,14
16684,58,33,76,23
16685,21,4,26,7
16686,117,42,118,44
16687,57,34,63,31
16688,41,7,47,16
16689,14,3,24,5
16690,38,6,33,4
16691,54,33,54,28
16692,173,53,192,48
16693,143,33,147,32
16694,264,48,265,48
16695,77,63,79,53
16696,110,85,122,111
16697,36,32,33,51
16698,10,0,8,0
16699,214,43,201,40
16700,12,6,12,3
16701,12,2,7,4
16702,12,14,5,13
16703,177,48,178,56
16704,5,3,3,2
16705,174,102,151,101
16706,145,1123,114,1055
16707,164,49,179,45
16708,3,0,4,0
16709,17,344,25,305
16710,7,5,4,1
16711,72,35,65,32
16712,115,20,106,22
16713,123,28,126,41
16714,39,16,39,13
16715,25,37,28,36
16716,47,23,56,17
16717,15,1,7,0
16718,82,14,76,27
16719,92,31,92,16
16720,89,34,95,37
16721,82,16,66,7
16722,119,22,109,12
16723,53,6,62,15
16724,30,2,20,3
16725,124,32,142,26
16726,2,1,3,1
16727,65,9,64,13
16728,9,2,5,0
16729,19,7,24,5
16730,28,64,21,53
16731,19,21,29,17
16732,17,9,19,16
16733,3,5,4,4
16734,175,37,186,57
16735,70,9,70,21
16736,39,8,40,4
16737,84,21,80,43
16738,386,85,415,65
16739,48,2,44,18
16740,90,24,87,34
16741,57,69,63,70
16742,46,4,34,9
16743,6,5,4,4
16744,5,3,12,3
16745,102,26,99,25
16746,247,64,290,75
16747,67,7,60,11
16748,23,12,25,12
16749,87,19,84,21
16750,41,13,35,17
16751,57,16,65,14
16752,47,13,58,27
16753,51,11,52,19
16754,43,18,45,16
16755,69,14,74,19
16756,22,17,33,24
16757,32,131,43,135
16758,74,30,80,26
16759,61,13,70,15
16760,157,52,183,39
16761,76,22,59,29
16762,289,79,301,88
16763,47,8,50,27
16764,141,29,123,30
16765,125,35,94,23
16766,29,4,30,3
16773,4,8,5,14
16774,34,54,36,44
16775,22,16,21,17
16776,25,31,33,23
16777,13,7,22,3
16778,7,5,6,2
16779,7,1,9,3
16780,10,2,11,0
16782,74,19,93,19
16783,28,14,23,12
16784,155,2205,156,2145
16786,111,55,131,48
16788,90,13,77,27
16789,14,14,8,8
16790,187,50,215,43
16791,186,210,179,187
16792,173,53,191,41
16793,83,35,77,24
16794,16,6,26,9
16796,29,7,29,4
16797,120,16,131,21
16798,76,13,64,11
16799,49,9,53,16
16800,78,31,87,38
16801,39,10,41,9
16802,4,2,6,2
16803,68,13,61,5
16804,51,10,56,18
16806,3,4,1,2
16807,80,7,76,36
16808,34,8,37,6
16809,187,81,213,56
16810,266,56,274,68
16811,63,11,80,60
16812,85,23,105,31
16813,62,19,56,18
16814,39,9,39,8
16815,27,10,16,7
16816,52,131,68,115
16817,70,7,81,8
16818,333,432,327,350
16819,132,30,154,30
16820,100,27,93,49
16821,6,55,3,66
16822,62,7,50,8
16823,198,57,216,55
16824,135,23,115,42
16825,30,6,30,6
16826,24,13,18,12
16827,59,36,67,19
16828,42,3,34,45
16829,45,11,37,7
16830,35,49,34,56
16831,15,49,15,57
16832,15,107,13,103
16833,1,83,2,103
16834,2,9,0,11
16835,28,138,17,123
16836,20,206,26,180
16837,20,197,19,199
16838,32,152,20,135
16839,117,18,113,107
16840,12,9,10,12
16841,9,46,6,30
16842,128,78,130,47
16843,21,33,12,30
16844,14,345,9,310
16845,651,187,677,184
16846,102,25,77,34
16847,41,21,58,28
16848,656,142,612,140
16849,55,10,60,8
16850,246,51,253,45
16851,51,1415,59,1356
16852,492,352,480,362
16853,161,49,157,61
16854,270,36,235,36
16855,207,73,190,78
16856,169,2896,156,2892
16857,281,485,277,438
16858,963,507,912,501
16859,42,825,50,864
16860,187,51,184,45
16861,317,159,310,73
16862,250,68,255,93
16863,196,37,189,55
16864,174,33,196,33
16865,90,26,79,8
16866,1783,386,1689,453
16867,80,12,99,23
16868,81,30,103,26
16869,1106,265,1097,227
16870,90,24,98,39
16871,268,41,262,43
16872,669,120,673,114
16873,356,103,350,92
16874,28,52,37,75
16875,107,62,98,65
16876,13,27,23,19
16877,3,2,1,1
16878,65,14,59,13
16879,271,57,273,31
16880,4,2,10,3
16882,49,9,50,4
16883,59,10,48,4
16884,7,5,4,1
16885,86,16,103,19
16887,229,54,243,48
16890,44,11,41,5
16891,10,3,8,1
16892,64,30,72,33
16893,40,15,43,9
16894,203,51,211,59
16895,7,5,10,4
16896,452,1429,445,1454
16897,167,29,154,23
16898,115,20,129,27
16899,7,2,5,4
16900,159,29,152,28
16901,129,226,120,170
16902,8,1,4,0
16903,14,2,16,2
16904,45,13,40,15
16906,8,1,8,0
16907,39,30,44,20
16908,9,4,6,1
16909,31,12,28,11
16910,6,1,5,3
16911,30,14,37,15
16912,7,99,8,116
16913,15,3,16,3
16914,3,0,1,0
16915,3,0,9,0
16916,8,1,6,6
16917,46,763,43,751
16918,16,4,23,8
16919,21,4,21,2
16920,63,40,58,70
16921,50,2,64,5
16922,18,3,20,3
16923,12,0,13,1
16925,12,27,8,17
16926,6,1,5,4
16927,8,1,9,3
16928,8,4,11,9
16929,7,4,7,2
16930,24,7,28,3
16931,4,1,5,2
16932,5,1,7,2
16933,24,4,19,4
16934,24,4,24,4
16935,19,4,14,6
16936,13,3,8,1
16938,15,4,10,3
16940,11,2,16,3
16941,735,119,734,77
16942,7,3,5,5
16944,1413,279,1488,265
16945,13,0,10,3
16950,3,1,2,0
16951,5,0,3,2
16952,4,2,7,7
16953,1,2,7,0
16955,8,0,10,0
16960,32,0,31,4
16961,30,4,34,5
16962,47,228,63,219
16963,7,6,5,1
16964,5,4,5,0
16965,6,6,7,4
16967,81,20,78,29
16968,4,0,4,0
16970,33,0,41,2
16971,145,82,164,90
16972,22,3,26,2
16973,23,3,26,3
16974,8,2,3,0
16975,15,3,11,4
16976,9,7,15,5
16977,32,4,17,3
16978,27,1,25,5
16980,4,1,5,1
16981,34,6,36,16
16982,70,12,69,12
16983,8,1,12,3
16984,141,13,127,31
16985,50,0,34,2
16986,53,12,70,8
16987,7,5,11,1
16988,9,3,18,3
16990,169,25,178,17
16991,137,17,149,20
16992,19,23,11,18
16993,24,7,20,3
16994,5,0,8,2
16995,101,77,105,76
16996,5,1,5,7
16997,1,1,1,1
16998,12,3,7,1
17000,3,2,4,3
17001,4,1,2,1
17006,1,10,1,17
17007,32,6,39,4
17009,2,0,2,0
17010,19,27,10,31
17011,2,0,3,0
17013,8,7,10,5
17014,26,3,35,1
17015,2,1,2,0
17017,67,11,75,11
17018,121,40,128,27
17019,48,7,54,12
17020,14,6,16,4
17021,55,405,58,433
17023,10,1,8,1
17026,35,1,29,4
17027,83,23,101,24
17028,24,37,14,33
17029,28,157,32,136
17030,5,91,9,70
17031,162,37,144,36
17032,37,315,41,315
17033,1,121,0,93
17034,50,57,52,36
17035,1,77,3,58
17036,60,178,50,309
17037,25,506,34,282
17038,4,100,2,84
17039,48,26,54,29
17040,27,162,27,139
17041,34,21,41,16
17042,31,18,35,25
17043,2,14,2,19
17044,26,47,25,47
17045,64,20,67,18
17046,27,20,30,21
17047,2,77,4,71
17048,9,123,9,144
17049,16,64,10,72
17050,23,4,25,5
17051,94,692,92,807
17052,236,87,214,125
17053,288,77,281,73
17054,168,50,163,50
17055,89,23,100,58
17056,13,36,5,36
17057,59,36,79,13
17058,70,98,91,114
17059,249,51,245,65
17060,210,53,241,54
17061,49,16,44,19
17062,149,236,151,277
17063,276,43,260,40
17064,131,77,117,49
17065,229,91,235,64
17066,107,40,106,27
17067,131,54,115,29
17068,18,6,19,4
17069,37,18,47,23
17070,148,31,149,82
17071,149,162,153,165
17072,0,25,2,26
17074,266,878,300,948
17075,198,46,162,168
17076,56,1307,70,1249
17078,102,30,104,16
17079,323,73,333,79
17080,433,131,425,139
17081,141,77,153,76
17082,359,99,364,86
17083,76,60,76,102
17084,454,118,483,130
17085,236,61,213,40
17086,175,40,153,31
17087,48,1,53,6
17088,19,21,21,16
17089,156,46,138,25
17090,522,100,495,90
17091,160,23,145,30
17092,339,252,375,234
17093,153,38,145,51
17094,839,539,895,524
17095,130,234,129,142
17096,13,104,11,96
17097,72,16,99,18
17098,452,81,462,100
17099,278,464,283,511
17100,81,16,79,13
17101,57,18,57,13
17102,105,22,102,34
17103,147,25,188,86
17104,383,79,385,71
17105,276,60,272,42
17106,231,36,230,48
17107,24,1,39,14
17108,16,2,11,0
17109,9,2,8,0
17110,4,0,8,3
17111,17,2,22,4
17112,43,6,32,12
17113,36,5,30,6
17115,6,1,14,2
17117,18,46,21,38
17118,6,0,4,1
17119,42,13,51,9
17121,34,5,37,16
17122,2,0,2,1
17123,28,3,26,4
17124,22,5,23,10
17125,17,3,21,3
17126,2,0,2,0
17127,18,9,18,5
17128,21,10,17,6
17129,118,20,113,25
17130,77,21,70,8
17131,153,40,146,45
17132,48,5,40,2
17133,36,8,36,6
17134,7,3,8,3
17135,149,36,126,41
17136,27,3,26,7
17137,20,4,23,11
17138,55,18,53,20
17139,53,21,47,20
17140,13,16,10,16
17141,21,1,18,7
17142,67,26,58,35
17143,184,29,210,33
17144,60,16,71,10
17145,75,22,69,20
17146,58,15,68,9
17147,12,3,10,1
17148,52,11,37,29
17149,19,5,23,9
17150,20,3,27,2
17151,131,22,138,23
17152,416,635,422,612
17153,34,8,27,11
17154,22,21,26,32
17155,9,1,11,4
17156,389,1622,351,1638
17157,97,27,91,18
17159,20,38,32,36
17160,45,30,38,30
17162,10,8,17,20
17163,6,3,10,2
17165,9,22,13,23
17166,8,1,8,0
17168,2,1,8,1
17169,6,2,7,0
17170,15,5,22,3
17171,8,8,4,7
17172,21,4,17,9
17173,7,1,3,0
17174,42,11,37,3
17175,80,22,79,22
17176,6,0,5,1
17177,18,54,20,58
17179,51,8,49,4
17180,61,4,72,3
17181,12,2,10,1
17182,14,21,13,8
17183,97,10,108,15
17184,43,301,54,333
17185,19,4,28,3
17186,3,2,2,0
17187,10,0,17,2
17188,35,4,38,3
17189,4,3,4,1
17190,40,1,27,8
17191,26,0,27,3
17192,35,4,30,12
17193,14,2,9,0
17194,7,1,10,0
17195,30,3,29,3
17198,8,7,14,5
17199,21,2,29,2
17202,29,2,20,2
17203,6,2,7,2
17204,14,1,13,2
17205,30,4,22,3
17206,32,29,44,17
17208,19,0,13,0
17209,11,1,8,0
17210,28,66,33,64
17211,27,5,26,3
17212,5,3,7,4
17215,29,2,34,8
17216,55,54,47,41
17217,13,1,11,4
17219,42,6,55,6
17220,2,15,2,17
17222,149,23,152,28
17223,3,2,4,1
17228,3,8,0,2
17245,72,10,74,15
17246,33,10,38,8
17247,15,1,12,4
17248,36,8,32,5
17249,60,7,49,13
17250,28,6,32,21
17251,11,3,11,4
17253,6,1,5,1
17254,7,3,7,1
17255,5,6,8,2
17256,2,0,5,1
17257,39,4,41,6
17259,13,109,10,90
17260,3,2,3,1
17261,10,10,17,7
17262,96,17,94,14
17263,6,24,6,15
17264,2,1,3,3
17270,6,2,8,2
17276,6,10,5,4
17278,0,2,0,4
17281,247,34,228,31
17282,39,7,40,7
17283,8,3,10,2
17285,51,6,54,10
17287,131,562,118,548
17288,1,0,2,0
17289,47,18,60,22
17290,7,10,9,11
17293,44,5,39,3
17297,18,1,18,4
17299,6,0,5,1
17300,19,3,14,3
17303,35,1,41,1
17304,6,0,9,6
17308,1,0,5,5
17313,3,1,8,7
17315,377,101,372,84
17316,22,8,32,1
17317,31,1,28,2
17319,0,5,1,4
17321,3,5,6,4
17322,28,5,21,1
17323,23,5,18,4
17324,18,0,12,4
17325,5,5,2,4
17327,16,7,28,18
17328,32,15,30,13
17329,11,2,12,5
17330,6,2,7,2
17331,38,8,39,5
17332,9,5,6,3
17334,10,5,2,2
17335,23,2,22,2
17336,21,5,26,9
17338,4,1,5,1
17339,130,36,137,29
17340,6,1,3,2
17341,55,54,46,59
17342,32,12,28,8
17343,8,1,12,0
17344,35,11,41,5
17345,41,10,22,14
17346,36,5,45,5
17347,3,0,4,0
17348,40,6,35,13
17349,62,8,52,6
17350,21,1,26,0
17351,7,2,5,3
17352,13,0,12,0
17353,34,9,38,9
17358,2,0,3,1
17360,88,7,66,3
17361,17,2,10,2
17362,43,8,46,1
17363,23,1,16,0
17364,447,121,410,118
17365,4,208,5,245
17366,79,6,75,3
17367,3,1,3,0
17368,25,9,22,6
17369,110,15,98,25
17370,64,16,68,20
17371,44,4,57,8
17373,16,5,14,7
17374,113,19,113,28
17375,92,46,78,44
17376,19,1325,13,1355
17377,42,9,37,7
17378,41,8,47,15
17379,74,22,74,16
17380,14,5,5,10
17381,55,30,69,38
17382,14,2,19,1
17383,47,13,41,17
17384,11,1,12,0
17385,37,9,24,6
17386,26,3,23,3
17387,206,28,206,29
17388,73,14,83,20
17389,2,2,3,0
17390,29,42,36,42
17391,10,2,11,11
17392,23,8,20,6
17393,9,8,6,5
17394,26,16,19,14
17395,35,13,34,10
17396,39,3,42,2
17397,77,11,69,14
17398,77,18,81,13
17399,30,2,38,4
17400,21,4,26,6
17401,502,87,508,85
17402,47,27,64,21
17403,38,19,29,14
17404,25,11,16,8
17405,53,22,51,18
17406,443,336,420,268
17407,10,21,14,12
17408,7,4,4,4
17409,657,173,648,154
17410,228,87,218,80
17411,2,1,3,3
17413,3,1,4,2
17414,34,1087,37,1048
17415,65,17,64,8
17416,66,29,70,22
17417,133,31,120,25
17418,114,48,101,30
17419,111,36,108,38
17420,14,36,6,33
17421,9,9,13,24
17422,22,134,25,167
17423,22,23,29,15
17424,2,7,1,1
17426,32,31,31,28
17427,28,4,22,11
17428,3,1,8,3
17429,3,16,4,18
17431,64,16,61,7
17432,79,321,72,306
17433,1310,176,1333,198
17434,64,12,35,20
17435,46,3,36,9
17436,4,11,6,6
17437,30,8,27,11
17438,89,102,107,105
17441,91,17,94,13
17442,115,13,96,18
17443,93,10,92,18
17444,96,38,100,33
17445,42,22,36,17
17446,60,15,55,11
17447,4,6,5,1
17448,276,56,257,49
17449,408,61,399,55
17450,563,146,585,123
17451,421,81,414,75
17452,181,37,208,37
17453,72,11,70,15
17454,200,22,198,29
17455,19,30,21,24
17456,89,21,96,26
17458,105,41,93,38
17459,17,5,11,3
17460,33,8,42,5
17461,56,15,62,11
17462,27,8,18,11
17463,334,59,348,65
17464,88,19,94,29
17465,21,8,26,5
17466,92,37,98,31
17467,31,186,32,146
17468,68,26,60,14
17469,11,3,8,4
17470,32,6,32,0
17471,623,142,555,148
17472,21,11,20,5
17473,10,1,17,8
17474,220,25,247,42
17475,13,0,19,5
17476,20,3,28,2
17477,178,261,175,253
17478,230,34,200,42
17480,145,34,134,44
17481,51,80,63,59
17482,106,51,106,30
17483,32,458,25,402
17484,111,23,112,21
17485,143,39,141,35
17486,55,27,55,14
17487,117,21,110,21
17488,291,48,264,41
17489,195,48,174,43
17490,1,1,0,3
17491,136,22,118,18
17492,129,20,133,32
17493,20,10,26,5
17494,65,34,54,36
17495,216,17,207,22
17496,214,29,209,32
17497,153,51,144,26
17498,57,12,72,25
17499,147,28,150,34
17500,86,36,92,32
17501,55,12,45,11
17502,129,73,132,98
17503,18,7,16,13
17504,53,12,55,11
17505,358,68,347,63
17506,341,51,340,70
17507,67,7,45,6
17512,4,1,5,1
17516,9,0,14,1
17520,17,0,21,4
17523,7,0,7,2
17524,23,4,11,16
17525,2,0,5,0
17527,52,1,40,5
17528,17,5,23,5
17530,10,0,5,1
17533,556,108,617,115
17534,42,3,30,4
17535,540,123,538,97
17536,42,6,33,8
17537,7,2,7,1
17538,7,4,11,2
17539,711,154,737,162
17540,7,2,9,2
17541,22,3,22,0
17542,471,96,404,75
17543,11,0,9,0
17544,32,2,31,3
17545,4,5,3,1
17546,21,21,28,19
17549,2,0,2,0
17550,14,2,4,1
17551,24,4,28,1
17554,12,8,11,5
17555,17,4,15,3
17556,9,0,11,1
17557,5,3,9,5
17558,24,2,19,0
17559,23,4,16,8
17561,25,3,31,7
17562,6,2,6,2
17563,76,12,67,5
17564,37,5,32,3
17565,10,7,9,1
17566,3,1,4,0
17567,45,8,46,11
17569,6,1,4,0
17571,10,0,10,0
17572,3,2,6,2
17573,9,0,6,5
17574,31,2,28,3
17575,24,2,26,0
17577,11,0,10,1
17580,7,1,2,2
17581,17,4,16,2
17585,35,5,37,1
17587,7,0,5,0
17588,8,4,4,6
17590,5,5,8,2
17591,12,0,13,3
17592,6,1,3,1
17593,3,2,2,0
17594,18,2,19,2
17595,12,4,19,5
17598,6,0,2,2
17599,8,2,8,3
17600,42,6,40,4
17601,2,0,5,1
17603,8,2,4,0
17604,9,4,4,1
17606,6,2,8,1
17607,28,2,20,4
17609,5,1,5,0
17610,55,3,59,5
17611,47,8,66,4
17612,2,7,0,11
17613,6,0,4,0
17614,5,0,3,1
17615,10,1,12,3
17616,0,1,0,2
17617,21,9,18,5
17625,8,1,3,3
17626,11,2,12,1
17627,70,58,56,58
17630,2,4,4,9
17631,7,12,4,11
17632,2,1,3,0
17633,17,1,15,0
17634,5,1,3,2
17635,26,69,18,61
17637,1,1,3,2
17638,1,2,3,0
17640,4,1,7,2
17641,11,6,10,6
17642,5,12,14,6
17643,52,19,43,12
17644,3,2,5,2
17645,5,4,7,8
17647,63,10,51,8
17648,30,5,29,2
17649,21,7,23,4
17650,77,23,91,26
17651,22,4,19,4
17652,9,0,7,5
17653,32,4,26,8
17654,11,4,11,3
17655,9,2,10,3
17656,2,3,4,7
17657,28,2,33,7
17658,31,36,38,15
17659,55,6,50,9
17660,51,12,57,6
17662,28,9,34,1
17663,6,2,4,1
17664,8,15,5,22
17665,43,12,59,13
17666,59,22,50,15
17667,6,1,5,0
17668,21,4,15,3
17669,47,9,34,10
17670,20,8,23,8
17671,27,4,24,5
17672,74,20,89,39
17673,46,8,49,13
17674,38,10,38,5
17675,12,2,10,4
17676,17,5,12,6
17677,9,6,8,4
17678,21,5,21,4
17679,4,2,3,2
17680,14,4,25,8
17681,12,9,15,16
17682,7,0,4,0
17683,58,7,57,14
17684,8,3,10,7
17685,4,2,6,5
17686,45,16,48,30
17688,33,18,33,29
17689,7,3,8,0
17690,45,13,36,8
17691,27,10,37,6
17692,2,4,0,0
17693,31,3,30,6
17694,153,39,150,18
17695,31,12,27,3
17696,40,5,41,8
17697,30,5,29,12
17698,60,16,62,14
17699,40,14,47,13
17700,14,3,11,3
17701,7,1,10,4
17702,21,5,11,1
17703,26,2,30,5
17704,119,26,114,23
17705,31,2,26,3
17707,51,21,51,23
17708,5,11,10,6
17709,170,22,156,29
17710,26,11,32,11
17711,4,7,8,0
17712,61,17,53,10
17713,70,15,64,14
17714,125,34,115,35
17715,38,46,33,31
17716,102,17,109,23
17717,99,55,70,54
17718,70,59,65,54
17719,23,40,21,58
17720,52,2,50,8
17721,20,11,21,12
17722,156,56,169,50
17723,62,75,61,71
17724,49,12,51,7
17725,92,17,85,11
17726,2,0,2,0
17727,25,12,31,8
17729,123,17,142,11
17731,118,20,102,22
17732,137,21,124,11
17733,35,9,31,4
17734,38,18,37,10
17735,181,39,169,43
17736,98,124,80,112
17737,56,5,53,8
17738,193,34,185,38
17739,6,2,9,3
17740,73,29,73,27
17741,70,13,76,15
17742,6,2,3,2
17743,71,13,78,43
17744,59,11,52,18
17745,7,4,10,2
17746,14,5,14,3
17747,51,5,41,17
17748,9,0,7,1
17749,36,15,40,14
17750,49,19,44,18
17751,45,12,46,9
17753,17,3,23,8
17754,6,3,8,3
17755,59,18,69,32
17756,21,138,24,141
17757,12,0,4,2
17758,4,4,6,2
17759,80,17,93,21
17760,55,14,54,18
17761,85,11,88,11
17762,38,33,43,22
17763,58,2,59,7
17764,43,5,42,3
17765,40,10,32,7
17766,10,1,12,3
17768,14,3,13,8
17770,206,37,201,32
17771,1,1,7,1
17773,35,10,31,12
17774,34,5,60,4
17775,98,23,118,27
17776,25,9,29,2
17777,22,0,22,1
17779,52,20,42,12
17781,0,0,1,2
17782,52,40,60,35
17783,7,17,11,29
17785,54,8,49,10
17786,34,35,32,26
17790,395,458,423,372
17791,146,41,176,33
17792,42,6,43,4
17793,57,19,53,10
17794,98,38,83,45
17796,67,15,78,19
17797,21,5,24,4
17798,76,15,76,13
17799,111,19,94,26
17800,94,13,89,25
17801,13,4,17,0
17802,49,4,52,12
17803,26,2,26,4
17804,216,32,236,40
17805,180,69,170,45
17806,5,44,6,33
17807,2,2,1,1
17808,42,9,47,4
17809,14,3,25,3
17810,0,1,0,1
17811,34,12,41,13
17812,142,17,135,18
17813,11,8,10,13
17814,53,15,67,15
17815,191,20,217,29
17816,5,1886,8,1877
17817,128,16,101,22
17818,7,2,8,4
17819,63,14,61,5
17820,296,170,293,162
17821,678,169,616,114
17822,171,31,174,45
17823,114,13,132,14
17824,195,108,182,81
17825,61,13,63,3
17826,82,8,90,20
17827,90,20,90,13
17828,86,6,84,8
17829,86,14,75,16
17830,26,5,28,3
17831,55,11,58,19
17832,65,12,76,8
17833,40,1,47,2
17834,17,177,15,189
17835,13,12,14,5
17837,10,3,14,3
17838,89,15,81,32
17839,517,56,509,57
17840,271,41,275,44
17841,220,21,208,31
17842,119,22,126,16
17844,54,29,52,26
17845,7,2,6,0
17846,6,1,3,1
17847,48,17,44,12
17848,116,22,99,20
17849,239,32,236,55
17850,106,54,100,34
17851,201,35,209,45
17852,199,46,199,43
17853,128,63,112,42
17854,47,6,42,9
17855,23,7,21,13
17856,58,26,47,32
17857,140,56,128,16
17858,46,10,37,9
17859,29,20,23,13
17860,770,162,777,158
17861,44,8,51,20
17862,146,40,141,40
17863,21,151,16,131
17864,81,28,77,22
17865,152,62,158,62
17866,520,132,490,130
17867,54,13,53,17
17868,220,146,207,132
17869,258,70,256,71
17870,91,123,80,54
17871,228,2679,231,2688
17872,187,71,175,69
17873,138,35,124,34
17874,181,564,159,582
17875,569,180,559,182
17876,345,125,358,126
17877,1102,412,1132,404
17878,462,145,450,126
17879,941,294,945,298
17880,75,1346,66,1359
17881,490,140,490,115
17882,14,98,7,99
17883,283,60,261,67
17884,194,48,205,55
17885,467,112,444,112
17886,839,314,798,323
17887,20,107,23,124
17888,153,32,172,36
17889,165,52,163,40
17890,314,70,362,88
17891,127,75,132,36
17892,276,75,253,66
17893,430,103,376,125
17894,488,570,512,545
17895,222,108,221,68
17896,14,194,14,190
17898,70,11,51,22
17899,2,2,5,0
17900,4,31,4,23
17901,67,36,62,26
17902,51,7,42,11
17903,14,2,17,1
17904,13,2,8,3
17906,10,2,12,1
17907,14,10,25,3
17908,180,26,178,32
17909,23,17,25,20
17910,9,0,19,1
17911,97,31,96,34
17912,195,47,210,60
17913,11,9,11,11
17915,7,0,7,2
17916,34,22,46,26
17917,79,15,70,22
17918,185,49,184,34
17919,4,2,6,1
17920,9,9,13,10
17921,22,10,14,2
17922,32,4,30,7
17923,125,60,139,73
17924,105,43,107,35
17925,100,67,94,79
17926,105,21,105,32
17927,60,18,56,12
17928,14,10,10,11
17929,10,9,8,13
17930,6,4,7,3
17931,10,5,13,14
17932,34,4,25,6
17933,70,16,62,21
17934,21,5,29,7
17935,322,380,324,396
17936,172,23,175,37
17937,926,179,966,174
17938,177,61,153,61
17939,116,24,141,31
17940,1192,228,1160,268
17941,19,8,22,9
17942,9,27,8,17
17944,13,1,13,5
17945,10,42,9,32
17946,82,18,59,16
17947,95,31,79,27
17948,2,74,4,93
17949,135,26,151,21
17950,15,5,10,3
17951,109,19,116,19
17952,105,13,115,20
17953,38,4,49,4
17954,33,15,20,12
17955,60,141,83,148
17956,118,135,112,151
17957,3,1,5,4
17958,23,4,20,8
17959,11,5,16,15
17960,46,2,37,5
17962,18,27,10,38
17963,3,1,1,3
17964,92,56,97,85
17965,88,26,84,37
17966,276,77,255,74
17967,70,31,83,46
17968,32,3,32,5
17969,82,24,82,17
17970,195,39,176,29
17971,198,59,202,70
17972,303,61,299,59
17973,290,68,330,88
17974,237,50,243,45
17975,73,20,78,23
17976,345,121,286,104
17977,174,27,168,61
17978,257,92,286,62
17979,157,46,171,55
17980,271,83,262,74
17981,87,50,89,42
17982,203,2379,243,2387
17983,97,13,104,11
17984,118,31,117,27
17985,75,56,72,44
17986,213,55,196,65
17987,256,91,242,69
17988,174,57,163,55
17989,154,50,153,46
17990,187,53,203,42
17991,347,127,328,97
17992,279,85,249,107
17993,170,29,166,35
17994,218,62,208,47
17995,358,85,351,88
17996,297,84,316,70
17997,276,188,277,146
17998,216,63,229,57
17999,257,117,261,106
18000,13,2,25,6
18001,110,35,113,36
18002,352,114,371,90
18003,411,141,401,134
18004,178,92,187,101
18006,1534,2104,1529,1961
18007,134,57,126,68
18008,59,27,51,23
18009,356,116,357,166
18010,100,45,90,48
18011,309,72,281,102
18012,272,79,259,74
18013,274,90,272,98
18014,179,70,175,73
18015,317,1205,311,1239
18016,606,99,623,142
18017,2,1155,4,1252
18018,24,3,25,12
18019,58,7,61,7
18020,117,22,122,22
18021,6,2,4,1
18022,13,4,11,3
18023,15,10,10,4
18024,153,34,134,36
18025,181,51,214,48
18026,176,51,185,87
18027,101,26,105,28
18028,7,1,4,4
18029,163,45,184,37
18030,29,42,21,15
18031,0,3,0,2
18032,7,111,2,111
18033,14,47,7,26
18034,11,6,5,0
18035,17,201,6,190
18036,0,3,0,2
18037,13,42,18,41
18038,142,31,162,38
18039,89,21,98,12
18040,6,6,7,6
18041,23,4,21,3
18042,11,7,7,8
18043,100,40,125,20
18044,24,3,17,2
18045,15,6,14,4
18046,32,7,27,7
18048,61,10,60,14
18049,31,6,27,11
18050,95,40,81,44
18051,28,48,34,57
18052,33,15,32,23
18053,56,77,55,66
18054,24,6,30,2
18055,21,1,14,0
18056,470,42,501,62
18057,470,77,429,77
18058,126,20,114,22
18059,56,21,46,6
18060,69,10,68,6
18061,46,5,52,9
18062,53,6,53,5
18063,1,4,5,0
18064,152,47,137,27
18065,144,44,161,28
18066,255,58,277,43
18067,141,48,164,53
18068,115,13,119,13
18069,75,19,71,11
18070,17,2397,16,2338
18071,37,4,27,5
18072,38,175,31,142
18073,29,2,19,4
18074,27,23,40,27
18075,53,10,58,13
18076,57,13,66,23
18077,45,6,56,3
18078,68,10,67,12
18080,102,42,85,59
18081,6,1,5,1
18082,68,34,75,22
18083,50,11,46,19
18086,5,1,1,2
18088,13,10,19,16
18091,50,13,50,15
18093,69,47,93,56
18095,72,13,71,8
18096,57,6,48,7
18097,894,157,949,168
18098,16,18,16,22
18099,16,20,13,19
18100,104,34,110,30
18101,16,2,23,4
18102,64,14,74,17
18103,72,18,50,17
18105,16,2,18,6
18106,7,0,7,2
18107,19,5,20,0
18108,2,0,3,0
18111,216,41,225,52
18112,138,83,140,86
18113,184,45,175,43
18114,14,8,14,6
18115,190,52,176,36
18116,3,4,3,4
18117,3,3,2,5
18118,7,2,5,6
18119,2,3,5,0
18120,46,25,52,19
18121,66,10,69,11
18122,4,1,7,9
18123,56,25,60,22
18124,22,8,21,4
18125,39,2,47,10
18126,28,8,28,13
18127,23,17,28,23
18128,13,4,10,6
18129,25,5,25,9
18130,28,9,31,5
18131,2,2,1,5
18132,26,95,38,111
18133,5,1,3,4
18134,86,28,78,30
18135,184,43,186,54
18136,48,10,77,11
18137,220,59,234,43
18138,174,57,163,65
18139,41,12,34,14
18140,880,229,856,199
18141,78,31,74,30
18142,68,27,55,42
18143,39,33,52,19
18144,44,23,40,11
18145,70,41,77,36
18146,199,64,199,53
18147,174,27,189,34
18148,41,1158,28,1148
18149,173,480,190,498
18150,173,47,177,37
18151,129,47,119,41
18152,118,37,128,19
18153,352,69,334,92
18154,131,39,127,33
18155,1222,307,1174,282
18156,121,46,119,44
18157,211,72,210,76
18158,111,33,100,23
18159,273,71,258,65
18160,477,912,475,905
18161,85,43,72,45
18162,108,36,123,45
18163,57,14,45,12
18164,68,257,79,275
18165,9,5,8,4
18166,41,28,36,29
18167,83,22,84,12
18168,11,2,6,4
18169,82,48,74,48
18170,78,18,75,13
18171,428,103,450,91
18172,78,39,75,26
18173,42,17,50,15
18174,8,3,4,8
18175,26,10,32,15
18176,34,7,25,4
18177,12,3,10,2
18179,121,22,135,29
18180,19,10,18,14
18181,96,38,110,21
18182,88,20,77,17
18183,51,19,58,43
18184,3,5,8,6
18185,12,7,18,6
18186,4,2,2,3
18187,12,9,7,1
18190,38,11,37,16
18192,14,9,22,7
18193,138,28,119,33
18194,13,9,8,8
18195,33,6,35,6
18196,5,7,6,4
18197,4,4,6,3
18198,18,11,21,5
18199,1,3,0,3
18200,109,11,107,24
18201,43,17,40,21
18202,6,2,12,4
18203,35,3,34,3
18204,13,77,20,108
18205,99,32,111,52
18206,19,4,17,7
18207,38,33,20,27
18208,75,19,75,18
18209,111,21,119,23
18210,121,618,129,659
18211,17,4,15,2
18212,25,159,28,166
18213,30,18,36,19
18214,259,40,274,54
18215,10,5,10,3
18216,38,12,33,16
18217,157,39,131,30
18218,152,55,142,47
18219,8,1013,4,1036
18220,107,52,80,45
18221,87,28,107,28
18222,223,43,206,35
18223,152,30,140,35
18224,1296,284,1359,344
18225,26,270,29,265
18226,1299,308,1303,281
18227,71,2588,91,2581
18228,10,4,12,3
18229,37,18,42,9
18230,65,14,46,13
18231,52,76,54,66
18232,29,5,33,5
18237,29,3,29,2
18238,29,20,33,18
18239,60,25,71,15
18242,44,67,53,58
18243,23,6,27,6
18244,43,13,50,19
18245,27,1,25,5
18246,11,7,2,5
18247,8,3,9,0
18249,24,15,23,16
18251,6,1,2,2
18252,5,2,5,1
18253,21,1,22,5
18254,5,0,8,3
18255,50,17,48,23
18256,7,3,4,4
18257,16,2,21,3
18258,92,20,84,19
18259,95,20,82,17
18263,84,22,84,29
18265,202,37,207,28
18266,88,17,86,13
18267,59,17,63,20
18268,130,58,128,40
18269,111,24,118,17
18270,70,16,58,3
18271,78,15,83,17
18272,156,46,165,56
18273,128,40,119,42
18274,191,46,172,82
18275,154,47,155,43
18276,378,141,389,169
18277,249,74,220,79
18278,397,166,394,85
18279,156,40,172,44
18280,323,71,338,72
18281,367,61,377,89
18282,585,128,576,145
18283,425,275,442,252
18284,99,45,108,37
18285,387,160,423,175
18286,142,22,118,27
18287,100,18,106,31
18288,226,53,235,57
18289,179,29,185,33
18290,250,84,279,98
18291,234,64,221,55
18292,92,29,104,28
18293,296,106,310,120
18294,297,71,284,73
18295,81,25,80,29
18296,576,475,543,443
18297,4,40,1,55
18298,124,59,135,51
18299,176,52,168,54
18300,40,23,46,8
18301,43,17,43,24
18302,61,49,66,28
18303,78,180,78,205
18304,68,28,83,25
18305,251,95,261,136
18306,214,77,202,68
18307,12,3,14,3
18308,346,64,332,59
18309,219,43,199,48
18310,3,28,8,26
18311,249,62,229,73
18312,555,116,549,99
18314,151,43,138,39
18315,310,126,316,122
18316,463,452,449,507
18317,130,49,143,45
18319,311,75,296,87
18321,1129,271,1128,281
18322,389,94,360,69
18323,611,108,581,114
18324,576,186,593,177
18325,684,116,630,128
18326,169,97,160,99
18327,52,1425,51,1372
18328,105,31,116,29
18329,67,15,90,11
18330,449,76,455,77
18331,375,65,314,65
18332,122,34,112,31
18333,29,44,33,38
18334,230,65,254,73
18335,59,42,65,65
18336,225,79,201,75
18337,98,18,98,24
18338,393,111,373,107
18339,394,96,380,94
18340,203,48,260,63
18341,43,22,30,15
18342,144,20,124,27
18343,194,164,209,116
18344,284,104,313,131
18346,424,107,412,109
18347,240,47,212,44
18348,289,84,283,79
18349,201,54,197,41
18350,24,85,29,92
18351,156,47,167,49
18352,73,504,91,522
18353,154,45,150,54
18354,116,33,118,13
18355,278,53,252,45
18356,273,40,261,47
18357,140,38,142,37
18358,100,1837,115,1906
18359,122,29,131,23
18360,148,39,145,47
18361,106,44,110,21
18362,329,65,303,72
18363,75,12,65,23
18364,642,134,577,136
18365,10,97,6,99
18366,6,273,8,237
18367,242,52,246,51
18368,66,21,70,32
18369,383,92,337,83
18370,244,60,267,58
18371,1646,1268,1603,1262
18372,278,90,282,86
18373,335,86,357,148
18374,16,118,16,126
18375,212,80,226,66
18376,38,1802,26,1790
18377,657,134,634,134
18378,22,223,15,206
18379,268,66,246,56
18380,38,79,39,92
18381,3,15,0,15
18382,13,168,13,166
18384,276,50,254,84
18385,382,92,369,162
18386,473,209,469,109
18387,314,765,299,824
18388,293,68,262,83
18389,853,196,823,201
18390,234,56,223,85
18391,13,127,15,124
18392,157,43,175,73
18393,169,50,145,39
18394,22,313,16,336
18395,520,118,543,117
18396,762,219,719,170
18397,272,75,302,66
18398,76,1102,75,1098
18399,256,117,292,124
18400,358,75,366,90
18401,9,2041,7,2014
18403,72,75,64,37
18404,279,77,268,64
18405,130,49,118,59
18406,168,478,163,445
18407,297,139,339,126
18408,311,84,321,84
18409,424,113,443,129
18410,305,66,307,58
18411,2,597,0,600
18412,1321,802,1287,861
18413,295,70,292,73
18414,107,13,108,22
18415,138,52,158,46
18416,228,64,231,39
18417,138,34,138,34
18418,91,702,102,499
18419,579,116,516,126
18420,246,87,270,90
18421,154,41,145,21
18422,195,56,191,61
18423,277,66,280,51
18424,193,53,192,47
18425,122,23,114,26
18426,62,287,49,280
18427,109,15,104,18
18428,117,36,99,40
18429,99,63,122,46
18430,108,12,103,24
18431,128,12,136,17
18432,104,23,106,20
18433,226,21,251,24
18434,106,31,113,23
18435,114,45,107,57
18436,21,1192,32,1140
18437,142,55,162,69
18438,44,6,52,7
18439,222,52,207,50
18440,130,49,134,58
18441,277,44,263,52
18442,62,38,65,35
18443,93,2789,85,2822
18444,1437,355,1523,405
18445,228,52,235,59
18446,73,47,72,43
18447,401,127,443,112
18448,775,165,769,143
18449,8,4,11,3
18450,26,14,28,16
18451,57,15,41,17
18452,129,44,107,38
18453,122,13,137,23
18454,29,26,30,22
18455,31,14,28,19
18456,9,4,12,11
18457,24,482,26,475
18458,1475,439,1425,411
18459,226,71,235,78
18460,692,858,674,873
18461,219,56,223,61
18462,50,1353,63,1367
18464,163,52,132,52
18465,189,72,178,77
18466,208,72,215,82
18467,272,78,250,74
18468,280,66,278,40
18469,86,22,83,23
18470,50,22,78,20
18471,279,70,262,53
18472,47,29,48,21
18473,44,12,46,8
18474,185,112,221,107
18475,105,22,85,24
18476,157,30,162,36
18477,15,622,19,593
18478,406,153,402,180
18479,956,203,1011,245
18481,1418,266,1448,271
18482,272,85,307,79
18483,354,127,369,123
18484,346,113,354,95
18485,252,66,264,85
18486,125,44,133,54
18487,58,17,42,11
18488,101,11,84,18
18489,33,8,42,6
18490,199,173,217,161
18491,140,44,149,38
18492,157,238,154,252
18493,6,3,6,2
18494,141,59,132,40
18495,4,139,3,131
18496,174,3046,180,3089
18497,127,37,126,29
18498,1329,299,1240,304
18499,495,103,477,107
18500,58,181,57,202
18501,8,8,10,0
18502,8,1,4,1
18503,325,72,313,84
18505,234,61,245,48
18506,33,315,28,349
18507,172,68,139,51
18508,94,39,88,29
18509,220,72,201,86
18510,13,15,15,12
18511,6,3,5,2
18513,30,6,16,8
18514,206,48,204,70
18515,93,23,77,28
18516,73,14,90,35
18517,179,38,144,45
18518,52,25,51,33
18519,159,151,187,201
18520,1432,254,1435,275
18521,89,377,93,351
18522,11,9,11,16
18523,80,333,69,315
18524,14,65,9,62
18525,55,1086,77,1075
18526,40,212,39,212
18527,62,271,83,317
18528,64,315,69,266
18529,115,991,106,968
18530,20,169,11,189
18531,32,771,46,804
18532,314,81,285,63
18533,33,1747,24,1682
18535,317,91,323,92
18536,377,66,356,127
18537,33,262,48,263
18538,57,34,61,19
18539,198,32,204,44
18540,204,42,189,33
18541,45,184,37,241
18542,201,40,194,48
18543,110,30,106,30
18544,87,38,76,19
18545,140,59,125,42
18546,49,185,50,156
18547,98,26,93,25
18548,90,14,83,16
18549,116,37,113,44
18550,332,165,322,182
18551,116,21,101,33
18552,37,22,36,22
18553,207,38,191,45
18554,29,9,34,11
18555,112,34,99,27
18556,39,9,36,3
18557,135,26,136,22
18559,0,77,0,86
18560,228,65,222,56
18561,161,57,157,57
18562,69,22,71,29
18563,83,29,59,14
18564,142,62,184,81
18565,1072,234,970,231
18566,793,184,763,202
18567,3,4,5,2
18568,12,206,10,231
18569,6,91,4,74
18570,16,263,15,252
18571,10,1142,13,1255
18572,194,53,180,45
18573,217,44,219,52
18574,95,24,104,26
18575,45,25,63,25
18576,27,143,30,146
18577,10,27,8,17
18578,81,2205,76,2156
18579,209,91,217,71
18580,169,123,176,116
18581,4,3,6,6
18582,264,66,251,82
18583,276,69,262,82
18584,460,126,478,109
18585,333,78,353,95
18586,187,57,211,57
18587,89,20,88,20
18588,228,69,216,66
18589,1116,221,1154,244
18590,573,235,541,233
18591,308,137,340,147
18592,751,144,817,132
18593,448,84,423,86
18594,58,730,55,747
18595,5,7,8,11
18596,227,39,246,46
18597,262,62,258,39
18598,272,261,308,272
18599,145,40,158,44
18600,22,10,20,13
18601,2,47,2,72
18602,282,63,281,82
18603,338,82,315,71
18604,386,90,438,86
18605,272,84,283,91
18606,62,24,62,25
18607,134,51,123,30
18608,141,38,131,32
18609,32,18,33,24
18610,54,8,42,9
18611,133,25,130,24
18612,278,58,293,71
18613,151,192,176,159
18614,115,32,111,26
18615,280,109,262,110
18616,263,77,284,118
18617,133,70,143,60
18618,16,155,13,157
18619,268,76,286,77
18620,16,136,18,137
18621,158,45,166,29
18622,295,403,287,331
18623,109,126,108,124
18624,317,98,298,102
18625,7,274,5,234
18626,156,33,140,36
18627,216,1521,231,1455
18628,20,388,16,340
18629,4,50,2,46
18630,9,149,13,154
18631,13,56,12,73
18632,39,12,43,9
18633,19,343,26,354
18634,96,40,82,27
18635,19,293,28,277
18636,12,64,23,84
18637,197,93,196,81
18638,372,95,394,90
18639,1,62,4,74
18640,39,53,42,60
18641,206,169,198,119
18642,33,407,37,424
18643,3,29,2,34
18644,65,114,53,121
18645,433,97,411,101
18646,511,110,518,139
18647,285,59,304,74
18648,130,47,122,37
18649,125,45,124,48
18650,4,234,2,291
18651,144,57,140,48
18652,8,305,6,337
18653,57,551,62,568
18654,35,513,32,506
18655,405,98,385,73
18656,157,92,159,87
18657,123,27,119,27
18658,298,134,308,134
18659,163,41,176,33
18660,160,58,164,43
18661,12,88,8,65
18662,191,31,170,52
18663,9,30,12,28
18664,242,41,251,35
18665,264,62,264,56
18666,17,291,20,304
18667,20,168,22,254
18668,8,51,11,74
18669,911,189,915,157
18670,173,44,172,54
18671,48,6,46,15
18672,195,39,189,19
18673,11,424,5,374
18674,83,13,77,18
18675,256,646,263,612
18676,259,77,267,73
18677,234,59,226,54
18678,1054,218,1046,203
18679,29,109,19,92
18680,411,124,376,118
18681,269,68,274,65
18682,66,83,75,93
18683,316,62,305,84
18684,290,208,330,187
18685,208,51,177,67
18686,237,90,237,97
18687,167,1355,163,1333
18688,64,172,56,137
18689,267,49,244,57
18690,118,27,113,25
18691,148,47,127,25
18692,179,45,182,52
18693,69,20,62,26
18694,22,627,36,655
18695,156,88,167,88
18696,87,15,94,32
18697,227,44,246,55
18698,8,123,11,126
18699,13,45,11,32
18700,31,306,33,288
18701,8,44,15,39
18702,211,41,178,42
18703,76,10,71,18
18704,10,15,11,11
18705,169,30,158,35
18706,3,1475,8,1491
18707,29,3,30,4
18708,13,3,16,0
18709,39,10,38,9
18710,232,28,208,40
18711,54,4,56,11
18712,124,26,113,28
18713,173,61,161,62
18714,223,82,230,67
18715,53,13,50,8
18716,153,30,150,18
18717,45,20,51,18
18718,14,4,12,9
18719,4,1,2,0
18720,90,20,112,20
18721,78,21,64,23
18722,9,2,6,1
18723,12,241,12,236
18724,683,638,657,604
18725,1106,297,1158,322
18726,264,127,284,110
18727,122,29,131,20
18728,5,57,2,65
18729,66,76,70,85
18730,278,108,275,118
18731,29,386,18,405
18732,207,58,204,38
18733,70,12,67,16
18734,87,39,108,46
18735,23,5,27,5
18736,3,5,8,3
18737,6,4,8,0
18738,22,22,38,15
18739,31,321,44,316
18740,236,332,250,351
18741,689,671,765,666
18742,50,324,71,343
18743,54,22,56,28
18744,296,52,320,83
18745,685,163,737,156
18746,116,58,135,51
18747,85,25,97,33
18748,277,231,292,245
18749,182,47,178,56
18750,49,16,48,22
18751,4,3,9,4
18752,0,1941,6,1871
18753,61,14,65,15
18754,118,42,107,46
18755,101,58,91,53
18756,53,249,59,243
18757,36,23,41,22
18758,75,51,65,38
18759,87,27,88,27
18761,57,16,42,18
18762,74,34,88,39
18763,77,28,73,34
18764,35,52,41,52
18765,48,28,50,23
18766,58,1189,56,1214
18767,38,1049,38,1001
18768,170,89,204,100
18769,213,66,234,58
18770,199,37,214,33
18771,90,19,94,25
18772,168,52,152,53
18773,87,86,76,76
18774,326,111,323,112
18775,81,33,97,27
18776,131,39,128,35
18777,333,97,312,117
18778,239,54,239,47
18779,150,52,154,54
18780,111,33,105,22
18781,117,113,93,164
18782,46,13,51,24
18783,54,23,50,23
18784,76,11,65,9
18785,80,31,84,28
18786,104,22,122,37
18787,124,35,122,51
18788,120,42,110,48
18789,204,64,202,51
18790,113,38,86,18
18791,108,26,110,24
18792,113,18,129,29
18793,22,11,40,14
18794,94,14,100,19
18795,3,3,3,1
18796,474,81,483,85
18797,386,68,367,54
18798,12,4,13,3
18799,119,277,107,298
18800,97,40,83,35
18801,72,1432,75,1471
18802,511,94,473,88
18803,76,1596,73,1643
18804,135,37,140,32
18805,166,43,171,28
18806,148,76,157,43
18808,611,175,671,214
18809,381,76,434,69
18810,247,45,230,52
18811,851,145,871,153
18812,294,58,271,46
18813,258,40,275,52
18814,322,66,313,55
18815,427,89,409,76
18816,376,70,358,83
18817,427,79,423,71
18818,867,169,854,161
18819,192,44,179,44
18820,28,445,24,399
18821,471,107,453,113
18822,24,535,34,534
18823,816,297,802,359
18824,249,81,257,86
18825,517,137,526,127
18826,276,71,267,120
18827,249,77,229,57
18828,261,85,281,61
18829,158,61,184,46
18830,246,50,235,65
18831,788,176,710,159
18832,62,1132,70,1105
18833,752,203,750,201
18834,322,89,297,61
18835,11,2436,11,2494
18836,408,122,417,130
18837,201,38,217,36
18838,849,163,798,178
18839,730,143,773,143
18840,85,22,87,11
18841,83,14,63,15
18842,1541,355,1570,378
18843,346,104,333,102
18844,349,110,336,119
18845,734,181,684,165
18846,531,164,543,154
18847,332,174,386,161
18851,6,13,5,14
18852,30,52,44,51
18853,253,525,256,520
18854,136,440,107,421
18855,551,187,528,192
18856,103,422,112,396
18857,66,195,114,216
18858,127,397,128,362
18859,8,54,8,67
18860,132,774,119,779
18861,42,141,50,150
18862,91,429,119,441
18863,98,383,100,382
18865,163,841,176,902
18866,259,4318,265,4388
18867,78,252,95,287
18868,206,921,202,853
18869,190,491,228,527
18871,198,775,168,702
18873,345,78,335,65
18874,668,137,669,128
18875,443,132,457,144
18876,383,63,398,69
18877,319,79,330,55
18878,379,69,368,73
18880,338,63,344,66
18881,6,1,7,0
18882,181,55,187,48
18883,173,47,170,71
18884,356,87,351,110
18885,352,82,359,95
18886,37,15,35,18
18887,826,192,820,195
18888,144,37,141,49
18889,757,176,782,215
18890,324,65,349,69
18891,538,156,539,118
18892,451,127,446,106
18893,234,92,256,69
18894,340,93,365,100
18895,497,118,519,135
18896,26,15,31,5
18897,606,316,635,300
18898,375,76,387,97
18899,350,172,371,181
18900,271,71,276,57
18901,1001,228,993,257
18902,257,72,285,47
18903,88,23,100,19
18904,52,17,55,25
18905,214,41,232,55
18906,149,1409,187,1395
18907,212,54,190,46
18908,106,20,80,29
18909,203,33,224,42
18910,62,101,56,96
18912,75,1703,60,1692
18914,170,55,167,37
18915,489,210,513,244
18916,20,317,16,310
18917,186,36,189,46
18918,15,12,16,10
18919,26,49,24,39
18920,280,67,275,73
18921,40,10,31,3
18922,146,17,143,33
18923,120,18,103,22
18924,35,11,36,19
18925,34,10,42,7
18927,534,83,542,81
18928,111,22,102,36
18929,99,23,92,26
18931,295,56,258,58
18932,264,104,287,97
18934,481,69,457,61
18935,19,136,20,138
18937,33,216,29,205
18939,72,46,69,36
18940,123,30,109,31
18941,62,22,64,29
18942,4,3,8,2
18943,132,24,123,31
18944,354,80,362,81
18945,41,9,33,11
18946,32,15,19,13
18947,100,25,95,26
18948,323,54,322,55
18949,962,332,982,320
18950,85,603,96,604
18951,986,243,954,271
18952,91,775,108,723
18953,203,187,234,179
18954,282,81,279,77
18955,215,42,200,59
18956,673,159,695,167
18957,360,120,314,103
18958,571,123,559,87
18959,150,40,134,48
18960,327,65,298,57
18961,1099,253,1095,256
18962,193,63,186,58
18963,441,185,436,208
18965,54,175,49,168
18966,610,103,635,109
18967,92,447,110,381
18968,203,795,206,835
18969,400,1821,386,1763
18970,13,337,16,285
18971,528,1305,496,1327
18972,77,1188,96,1158
18973,674,2556,662,2550
18974,397,67,398,80
18975,517,83,507,93
18976,345,200,381,231
18977,0,231,0,245
18978,10,1067,10,1024
18979,376,54,357,57
18980,145,147,174,151
18981,346,49,367,45
18982,397,50,380,58
18983,286,1190,329,1199
18984,416,46,379,69
18985,586,97,552,97
18986,214,57,243,67
18987,474,114,423,101
18988,770,170,744,164
18989,635,138,625,97
18990,289,60,254,55
18991,177,27,169,30
18992,826,156,822,155
18993,995,248,1032,235
18994,156,24,124,28
18995,244,42,259,51
18996,450,104,451,117
18997,1811,356,1744,349
18998,385,70,375,87
18999,388,89,397,98
19000,477,99,485,120
19001,257,66,245,99
19002,377,79,390,108
19003,352,66,333,75
19004,231,29,220,43
19005,84,19,91,31
19006,13,45,18,36
19007,266,40,247,41
19008,97,35,78,19
19009,73,12,61,25
19010,150,26,165,31
19011,68,19,72,13
19012,248,57,274,52
19013,212,27,191,34
19014,438,97,459,105
19015,737,167,738,197
19016,723,132,725,134
19017,509,91,488,97
19018,76,28,74,27
19019,90,22,100,23
19021,212,24,197,41
19022,174,35,155,33
19023,144,49,170,51
19024,174,89,202,77
19025,137,35,133,31
19026,515,118,521,89
19027,1023,241,999,230
19028,651,210,624,207
19029,314,85,328,86
19030,599,196,593,200
19031,175,58,200,65
19032,199,58,194,54
19033,268,68,261,76
19034,152,48,151,62
19036,339,120,310,95
19037,1909,412,1894,425
19038,381,90,360,101
19039,353,62,345,68
19040,268,96,274,95
19041,382,75,358,71
19042,1038,217,1009,227
19043,748,187,797,197
19044,439,116,465,123
19046,520,96,494,105
19047,296,70,288,70
19048,518,108,472,111
19049,350,75,336,79
19051,104,34,105,34
19052,5,1531,5,1443
19053,158,32,168,38
19054,261,44,255,63
19055,171,64,163,51
19056,44,11,59,11
19057,558,176,575,183
19058,328,110,319,78
19059,55,266,61,258
19060,19,477,14,496
19061,23,123,22,103
19062,75,1526,72,1511
19063,39,531,31,520
19064,523,328,514,334
19065,213,64,208,66
19066,379,102,398,112
19067,39,12,33,17
19068,418,113,424,125
19069,7,53,2,38
19070,0,238,0,234
19071,27,9,29,4
19072,24,1,27,10
19074,226,41,243,42
19075,142,23,131,30
19077,154,30,122,33
19078,44,134,38,137
19079,31,1283,35,1343
19080,20,45,16,51
19081,68,296,72,311
19082,90,363,72,347
19083,97,401,90,392
19085,61,204,58,243
19086,126,443,108,410
19087,162,785,204,873
19088,119,406,154,462
19089,424,2484,437,2558
19094,581,79,577,93
19095,5,1627,6,1589
19096,271,51,276,39
19097,0,70,0,84
19098,267,43,267,38
19100,342,62,374,62
19102,7,30,5,39
19106,5,6,5,3
19108,24,5,26,6
19109,50,13,45,16
19110,143,26,131,49
19111,209,61,213,64
19112,207,53,213,72
19113,104,28,106,22
19114,43,13,54,8
19115,125,53,128,49
19116,91,33,109,22
19117,66,40,67,21
19118,78,27,65,35
19119,221,66,193,43
19120,7,3994,7,3861
19121,22,11,19,7
19123,36,657,28,592
19124,356,69,345,60
19125,20,9,23,15
19126,17,43,21,35
19128,67,26,74,19
19129,170,37,177,45
19130,150,57,145,80
19131,113,37,132,48
19132,40,12,40,8
19133,5,115,5,111
19134,124,33,108,38
19135,0,11,2,15
19136,44,14,38,19
19137,145,30,137,29
19138,188,45,185,31
19139,128,26,134,44
19140,93,15,100,19
19141,208,58,233,46
19142,137,423,135,428
19143,273,99,286,104
19144,1073,160,1055,146
19145,28,7,30,16
19146,19,2519,9,2426
19148,75,1886,80,1885
19149,114,49,140,44
19150,27,7,30,9
19151,234,55,210,56
19152,253,62,260,56
19153,228,60,246,68
19154,259,39,263,68
19155,156,45,159,32
19156,135,41,148,36
19157,109,20,101,18
19158,109,27,118,25
19159,158,72,150,54
19160,167,33,148,37
19161,440,115,448,132
19162,84,26,83,38
19163,162,43,133,47
19164,133,25,148,20
19165,115,62,136,67
19166,288,67,292,56
19167,16,137,20,106
19168,119,20,135,12
19169,62,16,68,14
19170,110,14,109,24
19171,172,22,170,24
19172,131,18,129,37
19173,116,21,118,24
19174,7,3,11,4
19175,996,187,1020,147
19176,39,7,41,5
19178,8,35,7,24
19179,125,37,116,23
19180,25,30,36,39
19181,157,79,157,74
19182,15,9,13,7
19183,47,19,41,16
19184,4,9,5,7
19185,20,13,20,10
19186,10,56,18,51
19187,13,8,12,1
19188,61,38,80,23
19189,21,8,24,4
19190,23,19,33,19
19193,9,4,10,2
19194,117,32,125,26
19195,55,90,47,89
19196,3,3,3,0
19197,4,41,6,53
19198,2,3,2,2
19199,0,114,0,114
19200,832,269,836,260
19202,7,1,10,7
19203,159,251,174,284
19204,236,58,225,47
19205,86,21,107,29
19206,101,21,89,26
19207,258,60,271,61
19208,259,43,226,45
19209,115,115,134,115
19210,619,142,613,155
19211,268,69,289,75
19212,1304,362,1314,347
19213,149,127,153,117
19214,337,72,349,83
19215,29,6,29,8
19216,116,21,112,22
19217,79,24,63,20
19219,29,24,24,20
19220,73,11,60,6
19222,930,154,871,151
19223,67,1116,68,1156
19224,7,48,8,52
19227,99,476,79,475
19228,4,21,3,17
19229,130,152,137,129
19230,83,17,72,22
19231,1213,198,1186,199
19232,59,475,60,455
19233,189,31,193,29
19234,79,47,73,51
19235,222,63,229,59
19236,122,436,123,466
19237,44,215,49,234
19239,323,60,320,62
19240,279,147,297,123
19241,6,1843,6,1890
19242,16,132,21,141
19244,238,95,245,70
19245,141,64,155,66
19246,4,1,5,5
19247,161,36,150,25
19248,124,22,122,21
19249,194,86,225,85
19250,280,77,301,94
19251,36,3,29,10
19252,22,7,15,7
19253,104,26,100,27
19254,289,189,310,205
19255,10,8,4,4
19256,23,8,31,1
19257,37,61,38,61
19258,43,33,51,22
19259,279,57,257,65
19260,767,177,810,159
19261,378,89,377,62
19262,64,6,52,8
19263,170,1849,152,1897
19264,153,52,162,41
19265,242,71,262,80
19267,371,88,377,84
19268,163,90,164,59
19269,161,49,166,48
19270,130,23,123,24
19271,89,28,92,31
19272,86,25,90,23
19273,92,31,84,26
19274,196,43,228,44
19275,118,25,115,19
19277,817,141,796,161
19278,118,979,107,1059
19279,301,50,282,89
19280,377,112,387,97
19281,367,97,430,95
19282,265,53,276,39
19283,340,245,363,241
19284,518,126,493,92
19285,288,65,303,62
19286,388,108,430,96
19287,491,101,503,90
19288,38,11,45,13
19289,94,13,70,21
19290,520,105,512,131
19291,521,1706,491,1682
19292,312,47,262,70
19293,379,1418,429,1374
19294,336,189,360,177
19295,290,72,300,66
19296,334,79,334,84
19297,272,76,258,94
19298,391,93,437,106
19299,13,251,16,231
19300,628,113,642,117
19301,80,24,71,26
19302,905,204,967,176
19303,181,34,176,56
19304,138,43,126,39
19305,84,29,105,19
19306,139,27,134,25
19307,57,8,65,19
19308,37,6,36,5
19309,246,750,237,726
19310,150,1145,135,1122
19311,188,701,160,668
19312,98,313,92,334
19313,40,251,39,253
19314,162,925,146,841
19315,37,109,34,123
19316,130,389,117,428
19317,111,588,107,619
19318,18,58,24,70
19319,23,545,28,554
19320,65,37,65,38
19321,73,397,86,373
19322,388,90,413,114
19323,461,146,443,155
19324,633,113,660,148
19325,1739,349,1707,331
19326,152,157,152,168
19327,1138,174,1042,204
19328,965,154,981,163
19329,355,45,346,44
19330,1138,182,1112,186
19331,2,42,1,45
19332,56,748,62,744
19333,400,150,426,133
19334,5,52,6,41
19335,160,52,181,66
19336,439,89,473,84
19337,5,2413,5,2503
19338,300,52,307,43
19339,497,180,500,142
19340,346,132,369,110
19341,556,138,594,147
19342,264,156,285,168
19343,135,25,131,21
19344,593,204,604,172
19345,1672,403,1679,373
19346,24,321,18,316
19347,159,50,181,45
19348,712,121,700,161
19349,312,63,276,85
19350,426,108,423,105
19351,230,57,237,92
19352,77,31,89,23
19353,235,39,214,47
19354,14,136,13,136
19355,71,79,83,54
19356,23,20,27,5
19357,1357,381,1380,382
19358,445,80,479,92
19359,1424,565,1397,565
19360,1003,183,1031,167
19361,590,146,596,152
19363,577,100,579,131
19364,50,208,43,204
19365,3,146,4,164
19366,713,195,710,189
19367,535,174,555,206
19368,111,33,113,33
19369,381,78,399,93
19370,111,6069,152,5914
19371,294,42,293,47
19372,518,61,501,94
19373,256,50,296,57
19374,1353,262,1369,263
19375,311,52,280,46
19376,230,75,244,79
19377,333,179,355,204
19378,214,46,209,44
19379,19,1658,19,1661
19380,32,18,36,9
19381,57,13,44,10
19382,37,74,45,77
19383,50,17,54,23
19384,180,36,190,39
19385,490,86,447,86
19386,715,208,667,198
19387,310,58,312,68
19388,346,96,389,82
19389,415,130,448,125
19390,229,39,220,47
19391,191,232,180,201
19392,350,85,342,77
19393,83,496,78,560
19394,90,32,81,16
19395,236,60,277,52
19396,175,1896,176,1983
19397,528,136,497,128
19398,228,64,231,79
19399,220,67,202,61
19400,1290,271,1376,272
19401,235,61,220,47
19402,404,68,383,97
19403,735,271,715,261
19404,174,38,177,57
19405,286,49,252,75
19406,937,177,907,148
19407,493,112,469,88
19408,42,53,38,32
19409,126,453,109,407
19410,246,1932,226,1848
19411,85,30,77,37
19412,51,280,38,268
19413,1,2,4,5
19414,555,2916,583,2938
19415,188,64,191,71
19416,429,120,419,106
19417,689,126,730,151
19418,135,70,155,60
19419,365,88,416,72
19420,435,77,423,97
19421,1997,632,1919,630
19422,389,84,416,74
19423,665,145,636,158
19424,414,83,404,92
19425,43,15,43,26
19426,304,54,328,77
19427,195,72,197,79
19428,346,87,362,87
19429,347,97,369,87
19430,326,145,340,129
19431,6,4,5,5
19432,90,39,109,38
19433,20,12,19,12
19434,439,91,455,72
19435,119,40,135,48
19436,698,116,704,141
19437,306,61,253,52
19438,534,133,526,108
19439,627,118,636,121
19440,177,49,173,54
19441,98,451,91,426
19442,249,57,232,64
19443,1029,268,1015,311
19444,154,4201,140,4341
19445,78,1567,87,1488
19446,11,4210,25,4214
19447,423,115,398,93
19448,134,22,150,19
19449,408,105,376,103
19450,387,97,389,103
19451,139,3043,114,3081
19452,2,26,2,17
19454,359,121,358,111
19455,205,3096,192,3151
19456,109,692,101,646
19457,372,111,358,127
19458,326,86,332,80
19459,343,76,393,103
19460,5,1478,5,1420
19461,362,85,364,92
19462,28,3,22,9
19463,629,122,635,134
19464,143,93,161,83
19465,378,233,347,237
19466,323,108,306,89
19467,75,23,72,14
19468,773,135,785,143
19469,578,86,588,92
19470,962,122,949,139
19471,391,54,394,63
19472,45,11,42,7
19473,530,121,535,111
19474,888,182,887,135
19475,266,99,308,109
19476,7,2947,10,3033
19477,543,182,547,160
19478,277,39,267,41
19479,547,99,569,106
19480,490,120,491,110
19481,1382,184,1354,184
19482,663,161,674,132
19483,2,1,4,1
19485,328,53,318,47
19486,15,5800,8,5933
19487,897,172,911,153
19488,46,13,36,15
19489,1032,187,1029,210
19490,492,87,484,74
19491,876,172,871,157
19492,250,31,273,45
19493,369,74,334,70
19494,573,798,599,779
19495,324,84,340,103
19496,205,53,213,55
19497,414,69,359,66
19498,1471,258,1425,265
19499,2088,497,2169,527
19500,917,3011,834,3002
19501,392,1865,388,1742
19502,34,721,42,732
19503,41,243,53,252
19504,32,128,42,126
19505,17,291,26,326
19506,61,373,54,380
19507,223,1020,247,1072
19508,41,234,55,239
19509,78,457,78,452
19510,168,4351,178,4430
19511,247,1262,219,1251
19512,378,118,387,106
19513,85,336,109,356
19514,507,190,453,225
19516,230,41,243,52
19517,110,22,126,17
19519,184,19,180,41
19520,4,1,8,5
19521,268,74,298,68
19522,42,29,44,25
19523,52,6,56,9
19524,101,15,84,24
19525,121,52,108,44
19526,185,112,204,78
19527,202,48,218,51
19528,417,73,368,87
19529,789,193,737,203
19530,327,69,291,67
19531,406,88,431,92
19532,29,6,37,14
19533,30,365,34,354
19534,216,33,216,28
19535,627,820,627,844
19536,179,68,204,58
19537,307,74,302,76
19538,258,47,250,65
19539,74,26,88,28
19540,102,51,98,44
19541,51,25,52,21
19542,6,4,8,2
19543,656,354,672,316
19544,40,6,28,12
19545,2,1568,2,1466
19546,26,7,23,7
19547,32,134,21,124
19548,123,24,118,19
19549,58,212,36,188
19550,21,141,28,141
19551,127,410,142,427
19552,130,348,108,370
19553,40,273,35,279
19554,175,615,170,671
19555,86,317,82,336
19556,38,239,55,216
19557,31,1093,25,1069
19558,15,33,11,30
19560,2,8,0,8
19561,1030,217,1050,217
19562,32,271,32,254
19563,845,182,859,176
19564,3,33,2,42
19565,347,60,372,63
19566,295,49,309,47
19567,282,59,272,57
19568,138,19,135,14
19569,175,64,191,58
19570,13,38,9,36
19571,88,27,123,16
19572,258,58,257,41
19574,382,766,395,739
19575,9,3,6,3
19576,90,274,79,257
19577,141,40,156,47
19578,72,19,85,17
19579,54,612,52,667
19582,254,45,267,44
19583,165,43,166,51
19584,145,30,144,37
19585,246,108,240,102
19586,312,93,313,89
19587,57,38,54,43
19588,21,10,12,5
19589,211,33,202,41
19590,139,29,151,39
19591,5,602,13,668
19592,151,17,168,25
19593,60,5,61,10
19595,123,30,107,19
19596,17,7,20,5
19598,5,5,5,0
19601,12,3,16,4
19602,9,1,6,0
19603,441,92,412,139
19604,186,29,206,30
19605,11,3,9,2
19606,1,11,2,9
19607,15,1193,20,1180
19608,654,192,609,182
19609,323,70,316,72
19610,488,91,477,92
19611,180,36,184,39
19612,258,69,327,68
19613,10,56,13,73
19614,19,96,29,99
19615,157,28,176,53
19616,4,2496,5,2538
19617,399,81,406,104
19618,308,71,307,89
19619,273,35,285,55
19620,95,248,130,261
19621,4,2029,2,1967
19622,472,90,536,88
19623,839,206,872,200
19624,14,11,9,7
19625,55,180,57,194
19626,104,24,91,13
19627,141,89,145,101
19628,344,60,339,64
19629,407,87,352,68
19630,325,87,339,74
19631,1,0,2,0
19632,17,184,21,200
19633,155,646,159,608
19634,23,109,22,115
19635,333,47,371,47
19636,22,65,18,71
19637,93,409,103,420
19638,648,143,632,129
19639,120,517,103,505
19640,35,921,40,963
19641,12,3569,11,3740
19642,35,126,47,121
19643,152,336,142,389
19644,128,32,107,34
19645,217,46,197,41
19646,74,185,83,188
19647,10,2861,7,2859
19648,21,28,18,16
19649,57,14,46,17
19650,274,78,291,102
19651,111,36,128,34
19652,34,9,36,12
19653,477,97,507,101
19654,48,584,45,585
19655,29,93,24,79
19656,13,79,13,83
19657,37,244,38,256
19658,31,706,46,718
19659,378,89,379,83
19660,863,1989,913,2080
19661,174,53,190,53
19664,14,9,13,3
19665,7,3,9,4
19667,79,28,61,16
19668,291,100,280,79
19669,162,57,142,42
19670,353,265,365,282
19671,404,85,420,88
19672,426,90,413,102
19674,830,88,853,96
19675,373,64,373,51
19676,385,49,381,66
19677,211,65,232,65
19678,127,15,115,21
19681,216,45,223,34
19682,588,73,611,79
19683,10,8,14,11
19685,298,41,272,51
19686,98,24,105,29
19687,249,71,256,79
19688,14,6,15,4
19690,0,175,0,207
19691,231,67,212,62
19692,479,74,464,66
19693,3,2,3,3
19695,180,171,159,133
19696,3,3,4,2
19697,371,51,385,52
19698,50,97,60,109
19699,260,74,281,56
19700,3,1,3,0
19701,125,19,113,23
19702,149,71,157,79
19703,255,59,249,52
19704,130,23,125,38
19705,595,166,623,135
19706,115,28,95,27
19707,184,34,185,38
19708,321,75,298,63
19713,51,966,48,949
19714,113,499,131,495
19715,441,356,406,317
19716,202,634,265,689
19717,2456,412,2482,436
19718,0,5,3,9
19719,73,1045,66,1064
19720,5,374,3,343
19721,17,553,20,577
19722,34,205,35,221
19723,213,3082,270,3026
19724,110,813,99,882
19725,886,174,914,172
19726,1,46,3,49
19727,335,636,326,720
19728,90,2807,82,2730
19729,169,574,175,621
19730,513,235,522,255
19731,15,194,31,202
19732,105,19,129,25
19733,8,213,6,216
19734,44,530,39,574
19736,7,118,9,119
19737,7,61,17,59
19739,938,512,971,488
19740,251,140,260,143
19743,0,336,1,363
19744,10,166,10,150
19745,438,859,393,791
19746,4,170,17,202
19747,2436,1671,2454,1652
19748,651,116,657,122
19749,143,787,135,763
19750,184,1458,229,1578
19751,34,638,30,697
19752,1585,635,1637,595
19753,164,665,162,618
19754,7,5,6,2
19755,61,7,64,15
19756,40,5,34,12
19757,18,9,19,2
19758,62,16,71,16
19759,54,227,48,229
19761,4,2,8,0
19763,64,5,50,6
19764,8,0,10,3
19765,21,3,21,5
19766,18,3,14,5
19767,6,7,1,3
19769,83,18,62,3
19771,41,18,42,6
19773,3,30,8,23
19774,22,2,22,1
19778,247,33,228,35
19780,208,40,198,41
19783,101,12,86,13
19785,1,1,4,2
19788,5,1,5,1
19789,166,37,169,32
19790,5,1,6,0
19791,598,160,566,133
19792,339,86,304,103
19793,282,81,291,69
19794,32,56,30,66
19795,208,38,207,46
19796,289,86,278,87
19797,357,107,368,108
19799,76,21,65,16
19800,12,2,14,5
19801,71,19,71,26
19802,11,3,8,5
19803,555,100,517,99
19804,51,18,54,14
19805,5,4,7,7
19806,181,30,179,42
19807,61,20,60,11
19808,29,8,23,8
19809,194,33,218,66
19810,99,29,131,37
19811,412,86,409,118
19812,473,120,493,129
19813,3,8,8,0
19814,25,19,23,21
19815,275,45,286,50
19816,107,32,90,29
19817,22,17,15,20
19818,28,5,29,4
19819,232,34,261,30
19820,10,2,4,4
19821,44,14,66,12
19822,146,59,172,36
19823,214,55,212,72
19824,108,25,95,26
19825,20,7,28,14
19827,181,47,182,38
19828,63,23,68,28
19829,334,88,316,81
19830,515,168,511,158
19831,40,12,43,9
19833,271,63,250,64
19834,445,97,423,110
19835,467,96,490,90
19836,79,17,84,26
19837,184,297,199,253
19838,913,466,910,431
19839,181,40,176,28
19840,34,2587,24,2719
19841,1200,365,1164,343
19842,217,604,202,796
19843,277,86,282,62
19844,69,28,66,19
19845,182,59,182,84
19846,63,12,67,25
19847,70,26,59,19
19848,170,37,156,32
19849,45,12,52,15
19850,180,53,190,67
19851,203,61,192,60
19852,137,55,154,66
19853,184,83,153,47
19854,223,93,220,96
19855,229,78,214,142
19856,250,76,272,73
19857,216,86,273,81
19858,229,82,264,88
19859,253,66,272,140
19860,176,60,177,56
19861,754,200,756,194
19862,15,1342,7,1308
19863,13,158,24,172
19864,642,119,596,131
19865,1262,1937,1349,1958
19866,271,91,249,86
19867,318,73,318,56
19868,293,72,305,72
19869,358,88,389,78
19870,271,51,279,71
19871,98,27,94,28
19872,193,42,185,56
19873,185,53,200,49
19874,370,72,329,98
19875,326,87,302,79
19876,208,49,220,33
19877,395,74,437,78
19878,338,85,416,100
19879,469,108,513,123
19880,265,75,277,53
19881,381,88,398,98
19882,168,48,168,46
19883,159,38,171,34
19884,483,89,456,109
19885,493,100,502,100
19886,263,65,294,68
19887,232,62,237,40
19888,330,78,302,94
19889,571,147,527,150
19890,0,98,0,106
19891,979,218,1002,253
19892,308,84,301,89
19893,364,324,338,352
19894,1616,389,1583,394
19895,493,143,489,144
19896,45,279,34,309
19897,196,97,195,102
19898,104,451,113,434
19899,69,272,77,248
19900,391,95,409,89
19901,397,88,405,81
19902,424,105,439,85
19903,416,127,447,138
19904,413,97,409,84
19905,377,108,453,103
19906,413,81,453,106
19907,423,74,394,161
19908,261,27,257,39
19909,749,173,803,190
19910,1273,270,1272,308
19911,38,1710,36,1609
19912,990,318,974,281
19913,323,83,330,74
19914,868,405,831,409
19915,200,46,222,91
19916,523,92,547,94
19917,544,124,600,98
19918,128,25,133,37
19919,459,114,490,99
19920,321,70,307,77
19921,316,78,334,100
19922,1513,465,1519,455
19923,315,130,326,83
19924,1341,419,1369,405
19925,200,57,190,46
19926,261,98,265,96
19927,297,88,291,86
19928,227,76,246,59
19929,851,261,830,236
19930,829,219,822,190
19931,355,74,342,101
19932,243,69,241,79
19933,185,85,193,69
19934,277,65,275,70
19935,314,95,317,98
19936,123,54,125,40
19937,282,191,267,91
19938,181,50,192,46
19939,225,108,207,133
19940,1590,448,1648,451
19941,994,266,1027,300
19942,1498,354,1400,340
19943,1191,284,1172,263
19944,731,275,761,221
19945,429,319,417,305
19946,35,160,31,154
19947,884,283,863,240
19948,1324,1217,1344,1207
19949,82,709,94,693
19950,439,1277,460,1234
19951,744,195,794,183
19952,246,775,243,730
19953,726,145,713,162
19954,433,177,478,218
19955,48,262,53,267
19956,38,141,38,135
19957,803,309,762,298
19958,81,295,67,367
19959,82,1608,71,1618
19960,47,1223,45,1238
19961,11,50,11,42
19962,108,504,108,462
19964,36,237,37,230
19965,190,3672,214,3618
19966,161,614,145,665
19970,759,108,718,127
19972,118,38,134,41
19973,546,78,520,72
19974,242,37,259,33
19975,180,24,183,27
19976,3,0,8,2
19977,69,29,63,29
19978,452,113,453,95
19979,106,17,103,44
19980,287,55,281,64
19981,58,12,53,30
19982,298,60,334,77
19983,670,112,660,123
19984,546,95,539,87
19985,660,143,642,154
19986,564,110,574,96
19987,7,1,6,3
19988,170,52,198,48
19989,177,43,184,56
19990,312,73,331,79
19991,233,38,228,44
19993,38,3,40,6
19994,21,37,16,28
19995,157,49,140,45
19996,128,41,138,41
19997,128,38,119,26
19998,421,96,454,86
19999,294,76,275,54
20000,178,43,175,41
20001,274,82,284,74
20002,270,60,293,66
20003,176,94,158,42
20004,316,90,300,105
20005,285,84,281,87
20006,12,86,23,95
20007,4,3,5,0
20008,5,3,9,4
20010,14,1,33,2
20011,23,3,18,4
20013,9,0,12,0
20016,6,6,3,4
20017,170,21,181,29
20018,4,2,8,2
20021,0,21,0,21
20022,3,1,3,1
20023,5,1,7,1
20024,95,56,88,62
20025,322,80,317,96
20026,198,193,182,200
20029,85,18,79,15
20030,42,8,31,8
20032,6,5,7,4
20033,10,8,5,2
20034,70,16,55,21
20035,60,5,39,7
20036,10,7,10,0
20037,8,4,9,3
20038,34,5,36,5
20039,7,1,7,2
20040,7,3,9,8
20041,6,1,2,3
20042,5,3,5,0
20043,79,11,88,18
20044,104,19,117,26
20045,47,4,49,4
20046,172,29,176,30
20047,21,4,20,6
20048,131,19,134,11
20049,12,1472,2,1388
20050,227,59,232,41
20051,8,2,18,1
20052,454,113,449,132
20053,8,23,14,24
20054,3,1,2,2
20056,7,2,12,2
20057,23,7,26,10
20058,37,6,33,6
20059,21,2,17,6
20060,170,66,160,56
20061,240,44,245,36
20062,25,4,17,4
20063,190,40,213,47
20064,233,26,245,39
20065,13,13,26,8
20066,126,27,111,25
20067,7,3,7,2
20068,0,285,0,265
20069,95,47,107,33
20070,9,3,3,1
20071,9,1176,6,1175
20072,606,161,631,174
20073,225,49,235,45
20074,81,39,70,44
20075,313,77,329,88
20076,129,35,141,47
20077,24,926,25,860
20078,52,17,54,10
20079,109,25,105,25
20080,158,37,140,41
20081,156,27,158,31
20082,177,101,217,94
20083,235,68,263,103
20084,17,10,22,17
20085,26,6,18,1
20086,645,173,630,180
20087,355,58,350,57
20088,76,23,113,25
20089,338,63,360,68
20090,66,2187,67,2184
20091,545,117,567,109
20092,13,7,16,8
20093,627,204,667,151
20094,97,15,115,13
20095,241,56,252,52
20096,9,3,13,5
20097,53,12,58,16
20098,134,35,142,35
20099,260,63,245,50
20100,142,25,149,66
20101,306,64,305,68
20102,163,47,170,36
20103,303,75,361,65
20104,157,34,161,30
20105,118,28,113,30
20106,1,11,3,17
20107,610,169,567,177
20108,2042,661,2135,624
20109,361,83,347,91
20110,1209,228,1191,211
20111,251,765,283,778
20112,169,62,182,67
20113,61,22,71,22
20114,98,22,110,23
20115,48,19,43,18
20116,26,120,32,131
20117,63,31,82,33
20118,275,56,292,53
20119,236,54,252,51
20120,6,1392,8,1381
20121,135,26,155,19
20122,139,80,138,77
20123,14,10,21,15
20124,176,24,184,70
20125,194,55,201,54
20126,118,2396,112,2477
20127,657,184,657,174
20128,54,586,46,440
20129,392,62,383,74
20130,168,58,211,59
20131,241,65,236,72
20132,38,1408,37,1490
20133,439,79,447,93
20134,1127,221,1088,208
20135,1006,217,1005,240
20136,491,257,524,248
20137,21,1475,20,1281
20138,22,3488,22,3296
20139,39,582,44,554
20140,1136,327,1067,354
20141,42,581,40,592
20142,626,188,607,173
20143,395,87,418,102
20144,389,175,401,100
20145,247,1698,244,1630
20146,252,66,257,66
20147,291,200,311,140
20148,95,12,88,17
20149,662,241,690,259
20150,29,1004,25,975
20151,26,602,22,668
20152,483,1421,494,1464
20153,1394,458,1270,417
20154,332,98,336,100
20155,205,61,211,46
20156,531,182,535,176
20157,527,155,541,168
20158,220,58,212,62
20159,1807,427,1829,394
20160,274,70,268,108
20161,679,156,714,163
20162,4,7,5,5
20163,697,1081,658,1168
20164,40,1775,54,1662
20165,73,45,67,59
20166,357,265,370,263
20167,192,47,171,57
20168,49,691,50,605
20169,173,96,176,88
20170,89,31,88,31
20171,54,1392,61,1400
20172,68,1776,74,1840
20173,49,1375,49,1345
20174,85,2687,80,2685
20175,26,686,24,769
20176,257,84,248,64
20177,1711,454,1731,439
20178,409,449,354,419
20179,152,35,157,41
20180,6,36,9,45
20181,1019,227,1030,224
20182,405,101,417,92
20183,72,2350,75,2381
20184,97,738,103,1100
20185,10,166,11,166
20186,6,73,7,118
20187,879,204,907,170
20188,68,708,64,727
20190,54,14,56,16
20191,36,12,43,22
20192,107,27,101,25
20193,38,8,39,7
20194,124,30,153,36
20195,10,31,11,28
20196,113,14,102,17
20197,4,0,6,1
20198,10,22,8,23
20199,4,2,4,3
20201,19,58,26,70
20203,10,7,7,0
20204,20,7,27,4
20206,66,4,47,6
20207,67,277,81,254
20209,6,1,4,5
20210,17,31,20,36
20211,15,10,12,11
20213,14,10,12,7
20215,53,7,48,3
20216,6,2,5,0
20217,29,5,21,6
20219,38,8,42,4
20220,28,6,32,7
20221,310,59,333,61
20222,47,7,55,7
20223,64,13,74,7
20224,40,54,41,65
20225,33,8,39,4
20226,326,91,322,84
20227,252,46,209,44
20228,153,56,149,61
20229,57,14,47,14
20230,122,37,141,42
20231,195,28,184,45
20232,139,225,146,215
20233,217,49,213,60
20234,301,132,261,144
20235,34,20,29,14
20236,299,58,325,77
20237,95,17,93,32
20238,53,1017,67,1085
20240,10,5,10,2
20242,5,13,9,6
20243,271,64,240,67
20244,139,206,143,221
20245,235,123,209,102
20246,560,126,546,135
20247,392,108,361,104
20248,53,26,69,26
20249,821,154,821,161
20250,159,768,156,792
20251,1,98,4,85
20252,922,388,908,483
20253,53,154,34,149
20254,66,274,44,251
20255,5,33,13,49
20256,1158,335,1211,358
20257,2,145,6,115
20259,106,488,109,527
20260,614,132,591,118
20261,143,5129,130,5159
20262,64,375,83,415
20263,160,626,131,552
20264,182,479,171,464
20265,97,363,114,393
20266,4,3,6,7
20267,10,4,7,1
20268,12,16,13,7
20269,64,165,61,171
20270,809,260,812,231
20271,19,14,29,16
20272,35,5,36,7
20273,389,68,381,90
20274,92,23,77,26
20275,50,13,48,12
20276,53,18,57,21
20277,106,25,106,19
20280,5,16,5,13
20282,354,61,355,73
20283,335,108,361,102
20285,83,30,85,18
20286,12,11,14,6
20287,8,9,8,19
20288,17,23,19,16
20289,643,156,623,121
20290,354,76,349,73
20291,221,51,216,78
20292,534,108,526,123
20293,770,183,782,182
20296,100,2384,108,2331
20297,4,21,6,24
20298,2,131,9,148
20299,60,305,40,284
20300,13,57,17,60
20301,38,111,38,119
20302,5,113,6,135
20303,681,196,667,191
20304,137,37,141,43
20305,98,381,90,371
20306,0,4,1,4
20307,33,244,29,245
20308,15,298,32,313
20309,14,75,9,72
20310,49,262,50,223
20311,53,295,47,275
20312,100,567,80,537
20313,58,237,55,205
20314,3,3,3,2
20315,39,212,46,194
20316,32,197,35,207
20317,132,663,157,695
20319,30,263,39,257
20320,231,80,251,68
20321,56,548,72,565
20322,1,8,1,10
20323,53,599,45,587
20324,38,654,33,640
20325,372,1493,408,1527
20326,159,708,167,716
20327,224,1807,241,1811
20328,23,129,24,142
20329,557,261,541,263
20330,101,1219,109,1205
20331,3,99,2,85
20332,82,11,85,25
20333,100,349,93,343
20334,529,1150,527,1164
20335,381,88,355,97
20336,39,1029,33,993
20337,66,541,74,594
20338,184,36,182,43
20339,144,39,160,40
20340,860,211,919,216
20341,571,166,573,160
20342,1216,670,1169,646
20343,237,56,242,86
20344,42,18,54,21
20345,894,262,882,256
20346,169,68,211,57
20347,428,77,429,89
20348,107,27,134,22
20349,19,3,19,12
20350,494,96,511,99
20351,173,42,190,94
20352,329,87,334,64
20353,207,29,180,49
20354,145,44,150,47
20355,77,23,82,16
20356,68,21,52,15
20357,92,13,109,21
20358,80,15,79,13
20359,208,41,218,31
20360,10,6,16,8
20361,61,10,71,19
20362,223,45,241,52
20363,211,62,195,54
20364,26,5,26,2
20365,156,30,170,35
20366,130,878,121,903
20367,155,46,167,29
20368,241,39,241,65
20369,546,732,517,676
20370,200,58,196,45
20371,115,94,125,99
20372,88,13,64,8
20373,173,44,128,45
20374,74,50,54,19
20375,51,14,56,13
20376,265,50,283,45
20377,232,79,212,87
20378,240,48,212,55
20379,150,46,181,58
20380,95,34,103,37
20381,188,42,165,31
20382,235,97,248,90
20383,30,12,43,6
20384,131,456,151,437
20385,35,10,34,12
20386,1452,332,1462,359
20387,446,138,442,149
20388,141,26,146,23
20389,135,39,131,46
20390,116,97,117,81
20391,58,14,64,20
20393,123,32,131,27
20394,44,6,34,7
20395,115,48,144,47
20396,125,32,127,29
20397,197,65,227,43
20398,31,6,41,13
20399,180,32,158,30
20400,41,6,38,12
20401,18,9,28,11
20402,114,26,122,27
20403,44,18,42,4
20404,206,52,203,46
20405,108,1474,141,1416
20406,85,49,95,37
20407,48,26,42,37
20408,139,39,153,26
20409,195,41,195,40
20410,110,14,105,27
20411,156,251,152,228
20412,45,12,49,21
20413,4,28,3,16
20414,42,1,33,8
20415,29,10,25,14
20416,68,17,78,17
20417,204,35,196,36
20418,220,37,244,57
20419,229,61,218,65
20420,280,149,305,153
20421,168,34,173,38
20422,152,44,154,40
20423,144,33,149,30
20424,24,60,20,53
20425,15,215,16,250
20426,12,171,27,202
20427,82,342,74,340
20428,231,92,243,118
20429,179,175,144,193
20430,152,46,155,50
20431,203,132,200,104
20432,199,85,189,110
20433,217,263,213,268
20434,132,47,124,62
20435,145,796,160,750
20436,164,150,133,95
20437,108,19,112,21
20438,17,3,9,8
20439,4,4,6,3
20440,274,77,263,71
20441,674,171,647,177
20442,10,2,11,5
20443,3,2,1,3
20444,9,1,9,4
20445,10,7,7,3
20447,12,4,12,0
20448,28,20,35,21
20449,3,0,3,2
20450,15,19,18,9
20451,9,4,9,6
20452,6,4,5,4
20453,11,20,21,43
20454,108,1866,98,1832
20455,10,131,5,143
20456,2,33,2,39
20457,86,56,85,28
20458,101,30,93,31
20459,103,32,102,33
20460,232,92,226,74
20461,249,99,268,89
20462,83,21,99,43
20463,265,68,229,52
20464,23,85,33,93
20465,13,60,22,45
20466,1,10,2,4
20467,26,20,24,12
20469,134,41,133,38
20470,1988,417,2043,448
20472,40,12,42,7
20474,102,25,96,27
20475,12,1,9,2
20476,2,4,3,1
20478,10,2,9,4
20479,3,0,2,2
20480,2,10,4,8
20484,37,7,35,4
20485,652,34,684,27
20488,176,41,173,54
20489,45,3,44,8
20490,401,104,412,109
20491,63,18,62,18
20493,214,116,213,103
20494,31,13,43,12
20495,55,9,53,8
20496,362,69,369,63
20497,41,159,31,137
20498,6,6,7,1
20499,12,3,10,2
20500,32,13,29,8
20504,34,2,39,3
20506,59,19,53,30
20514,43,8,46,7
20515,8,0,9,4
20518,11,3,12,1
20520,11,2,9,3
20521,17,148,22,159
20522,34,117,32,124
20523,13,218,12,202
20524,60,509,57,480
20525,1,31,8,40
20526,41,146,34,157
20527,35,254,24,235
20528,7,29,5,32
20529,106,394,85,341
20530,48,478,30,442
20531,15,295,23,296
20532,17,189,28,252
20533,66,303,57,282
20534,8,44,15,54
20535,63,260,59,258
20536,390,2266,383,2243
20537,35,15,33,5
20538,3,15,6,22
20539,29,256,25,262
20540,29,184,39,222
20541,1,3,4,13
20542,4,131,6,92
20543,33,148,34,162
20544,157,925,141,969
20545,85,236,97,247
20546,40,1092,49,1100
20547,164,63,167,62
20549,41,887,42,878
20550,14,428,23,465
20551,7,4,8,0
20552,40,239,29,199
20553,13,3,15,2
20554,4,2,3,1
20555,214,613,226,629
20557,2,5,3,11
20558,4,248,8,290
20559,42,15,36,12
20560,16,386,17,380
20561,139,442,150,446
20562,331,67,320,58
20563,21,552,21,594
20564,544,142,548,109
20565,11,293,11,287
20566,389,105,388,91
20567,147,43,156,40
20568,248,54,231,51
20569,418,74,418,89
20570,169,44,189,50
20571,201,39,182,45
20572,62,11,57,12
20573,45,12,47,16
20574,561,126,553,111
20575,208,76,207,61
20576,756,232,777,198
20577,565,755,544,723
20578,5,17,5,26
20579,227,80,235,57
20580,1373,390,1424,411
20581,765,196,813,217
20582,33,20,33,21
20583,1102,273,1052,258
20584,333,60,339,56
20585,77,40,107,41
20586,4,1562,3,1512
20587,10,4,9,6
20588,14,11,19,7
20590,9,5,14,3
20591,8,5,13,3
20592,38,429,41,429
20593,14,6,8,7
20594,164,58,152,57
20595,95,7,99,26
20596,0,18,0,12
20597,125,31,125,31
20598,62,578,76,541
20599,57,118,56,101
20600,56,3084,71,3249
20601,62,23,86,33
20602,124,18,116,28
20603,68,28,66,18
20604,10,4,14,1
20605,298,61,314,69
20606,284,58,257,71
20607,48,4,49,6
20608,67,12,61,17
20610,25,18,24,14
20611,116,35,129,30
20612,3,1,4,1
20614,15,9,13,5
20615,181,78,203,65
20616,65,18,71,18
20617,252,51,241,47
20618,117,94,117,77
20619,124,34,100,33
20620,122,20,122,23
20621,9,147,12,158
20622,181,54,162,52
20623,70,15,76,19
20624,95,1638,105,1571
20625,35,26,35,22
20626,178,48,179,36
20627,149,1028,141,1042
20628,43,131,42,133
20629,116,39,126,31
20630,167,27,167,32
20631,24,7,24,8
20632,89,88,102,94
20633,76,53,60,50
20634,1115,377,1177,367
20635,106,54,114,40
20636,712,171,722,153
20637,59,13,71,19
20638,120,12,104,8
20639,31,11,24,3
20640,281,39,247,41
20641,2,2,3,2
20642,34,17,31,27
20643,71,11,76,14
20644,10,1,12,3
20645,126,962,114,948
20646,166,43,182,41
20647,21,10,29,4
20648,117,63,123,57
20649,18,3,19,5
20650,143,39,118,54
20651,204,65,224,58
20652,107,21,113,25
20653,8,0,11,0
20654,31,3,33,5
20655,84,11,70,13
20656,55,16,51,16
20658,39,4,27,7
20659,32,8,40,17
20660,28,5,29,8
20661,13,6,13,6
20662,126,37,113,35
20663,151,23,145,20
20664,98,29,87,22
20665,70,18,69,15
20666,175,35,174,35
20667,134,36,136,46
20668,39,12,38,5
20669,8,0,4,0
20671,45,10,52,12
20672,9,10,21,4
20673,61,18,50,14
20674,37,3,33,7
20675,28,8,45,9
20676,132,27,128,17
20677,75,10,77,7
20678,30,11,42,7
20679,103,54,104,90
20680,70,18,66,16
20681,78,8,76,11
20682,23,6,26,13
20683,65,38,84,42
20684,188,32,214,22
20685,78,36,80,24
20686,66,22,91,20
20687,74,28,73,20
20688,124,26,129,35
20689,134,43,137,27
20690,211,34,183,34
20691,6,43,10,43
20692,76,28,69,16
20693,33,531,33,554
20694,230,5232,185,5241
20695,338,1467,312,1460
20696,195,39,174,30
20697,7,2828,12,2622
20698,431,71,350,81
20699,435,95,449,81
20700,82,211,87,244
20701,222,46,228,73
20702,199,45,221,51
20703,194,50,168,44
20704,121,43,109,22
20705,186,43,169,42
20706,185,72,179,56
20707,291,59,307,59
20708,289,63,281,72
20709,134,46,144,56
20710,125,46,147,25
20711,145,60,147,57
20712,53,17,71,13
20713,145,412,127,427
20714,75,20,79,29
20715,297,90,304,90
20716,198,64,168,58
20717,469,122,505,113
20718,49,360,55,343
20719,17,86,17,91
20720,63,129,53,158
20721,17,49,14,53
20722,168,79,177,75
20723,46,41,56,27
20724,107,43,99,40
20725,27,318,38,346
20726,5,1371,9,1296
20727,107,131,103,125
20728,2,3,0,6
20729,57,19,63,15
20730,84,82,79,76
20731,471,132,449,117
20732,84,43,74,68
20733,80,134,79,132
20734,52,252,62,270
20735,79,37,79,38
20736,245,108,212,104
20737,282,103,290,120
20738,157,117,161,199
20739,273,77,274,73
20740,176,49,161,31
20741,69,10,66,21
20742,60,54,71,40
20743,48,12,55,6
20744,227,58,220,51
20745,125,30,106,22
20746,483,158,497,135
20747,331,92,337,85
20748,377,93,348,106
20749,262,76,247,74
20750,251,77,225,80
20751,360,105,320,93
20752,356,99,334,84
20753,212,79,199,67
20754,97,49,97,43
20755,73,13,74,17
20756,85,31,82,38
20757,241,63,199,62
20758,164,32,153,45
20759,121,27,119,26
20760,288,106,284,102
20761,81,14,93,14
20762,22,3,23,1
20763,112,34,114,40
20764,76,10,67,21
20765,106,29,109,16
20766,61,12,58,10
20767,41,11,32,13
20768,107,26,107,32
20769,150,41,167,54
20770,238,43,232,28
20771,79,22,79,26
20772,152,26,163,32
20773,74,30,81,23
20774,79,23,81,20
20775,252,57,240,49
20776,2,1,6,3
20777,137,24,116,30
20778,189,41,171,45
20779,113,22,95,29
20780,99,50,135,45
20781,14,5,25,5
20782,62,36,75,25
20783,170,26,192,31
20784,135,29,153,43
20785,37,30,38,21
20786,107,31,102,24
20787,93,26,78,22
20788,43,12,50,12
20789,36,8,55,8
20790,86,15,91,27
20791,204,35,194,34
20792,53,14,52,10
20793,231,59,232,43
20794,182,46,198,55
20795,51,20,35,23
20796,171,48,138,48
20797,84,29,97,20
20798,115,31,124,31
20799,45,2516,57,2444
20800,121,21,113,16
20801,444,100,467,89
20802,940,249,886,221
20803,966,162,862,161
20804,344,98,375,68
20805,95,25,97,36
20806,119,20,114,28
20807,71,15,102,11
20808,255,64,242,90
20809,1080,236,1008,252
20810,383,70,366,89
20811,72,42,60,46
20812,370,95,399,103
20813,130,23,140,36
20814,624,298,645,302
20815,227,66,229,65
20816,204,3948,206,4185
20817,12,711,5,725
20818,469,140,439,146
20819,3,1,3,3
20820,5,0,2,0
20822,129,12,117,19
20825,18,11,16,13
20827,4,0,3,2
20828,7,4,10,4
20829,562,154,513,145
20831,208,42,222,33
20832,38,4,31,4
20833,66,14,68,14
20835,22,1,23,3
20836,333,82,307,95
20837,10,2269,5,2198
20838,284,36,257,37
20839,193,64,180,59
20840,514,2088,511,2201
20841,353,76,329,71
20842,6,2,6,1
20843,2,0,5,1
20844,253,79,257,94
20845,49,20,57,14
20846,55,4,52,10
20848,184,29,173,30
20849,179,242,172,229
20850,2,526,1,504
20851,224,78,202,66
20852,82,1139,98,1091
20853,150,36,134,27
20854,31,164,42,157
20855,5,31,8,29
20856,284,123,305,124
20857,183,58,148,63
20858,139,51,131,46
20859,286,75,296,74
20860,75,44,70,53
20861,156,209,155,150
20862,96,123,93,82
20863,73,185,80,179
20864,125,58,128,47
20865,97,31,104,37
20866,36,128,29,57
20867,113,38,111,35
20868,118,37,125,51
20869,55,26,46,34
20870,122,141,133,157
20871,190,127,184,166
20872,90,61,121,66
20873,293,144,273,123
20874,126,83,139,51
20875,519,146,533,137
20876,249,67,235,83
20877,170,149,169,140
20878,234,62,255,73
20879,177,56,197,104
20880,196,85,199,49
20881,117,18,128,23
20882,295,87,272,65
20883,203,54,225,64
20884,256,65,231,57
20885,265,61,289,59
20886,80,28,82,27
20887,177,76,176,54
20888,17,9,14,6
20889,126,88,115,100
20890,232,88,264,106
20891,140,31,121,59
20892,86,47,79,27
20893,48,2,47,6
20894,84,21,70,32
20895,50,14,56,13
20896,128,40,114,37
20897,26,33,24,30
20898,80,18,81,19
20899,50,13,48,8
20900,3,3,7,5
20901,81,176,85,200
20902,59,6,78,14
20903,145,787,140,847
20904,134,30,128,30
20905,58,10,59,12
20906,71,14,87,19
20907,120,35,137,37
20908,120,22,118,24
20909,45,182,42,66
20910,32,21,35,15
20911,249,39,269,49
20912,8,2,9,4
20913,160,19,156,29
20914,107,29,123,21
20915,13,0,15,2
20916,38,3,27,6
20917,132,28,124,30
20918,4,4,9,7
20919,4,2,3,2
20920,132,34,135,48
20921,65,10,76,11
20922,3,1,3,1
20923,3,3,4,0
20924,55,3637,50,3685
20925,247,161,229,135
20926,106,28,107,40
20927,114,131,108,116
20928,217,66,191,51
20929,149,23,167,22
20930,57,24,57,30
20931,67,6,82,11
20932,68,12,54,10
20933,56,16,69,22
20934,57,11,44,18
20935,42,2,48,4
20936,48,5,40,7
20937,122,29,123,27
20938,229,41,218,22
20939,57,7,69,13
20940,128,25,127,23
20941,79,18,94,22
20942,109,45,110,38
20943,54,12,48,21
20944,58,8,64,11
20945,190,40,199,56
20946,236,63,228,42
20947,622,219,596,241
20948,760,266,779,300
20949,253,80,261,65
20950,122,185,109,148
20951,21,150,13,148
20952,97,465,112,546
20953,90,23,83,18
20954,244,1565,271,1478
20955,154,47,186,50
20956,30,1,20,2
20957,10,113,2,106
20958,63,1318,70,1361
20959,320,118,332,84
20960,6,72,5,73
20961,640,224,614,257
20962,119,19,119,27
20963,131,115,126,113
20964,58,11,56,14
20965,87,23,72,22
20966,81,25,102,20
20967,121,23,119,29
20968,100,22,103,22
20969,75,26,64,18
20970,141,20,154,26
20971,145,36,148,21
20972,120,33,116,26
20973,27,12,29,11
20974,116,19,125,31
20975,198,56,211,63
20976,277,237,296,258
20977,118,23,104,20
20978,51,6,55,15
20979,133,40,125,36
20980,28,17,30,13
20981,130,38,116,35
20982,8,4,9,4
20983,100,22,102,32
20986,9,2,9,5
20990,11,6,13,7
20991,392,56,398,40
20992,159,20,149,28
20994,33,5,27,1
20995,0,2,4,1
20996,53,13,55,15
20997,7,3,6,4
20999,7,305,6,315
21000,27,2,16,1
21002,183,37,209,52
21003,302,70,356,66
21004,102,53,119,111
21005,199,78,202,85
21006,105,30,109,37
21007,96,28,108,30
21008,76,26,80,14
21009,34,8,35,14
21010,116,32,86,21
21011,146,41,152,43
21012,6,2421,6,2506
21013,242,86,229,109
21014,203,49,188,69
21015,67,8,65,26
21017,129,32,104,29
21018,119,26,116,37
21019,97,31,106,34
21020,72,26,69,26
21021,137,102,118,123
21022,98,28,95,22
21023,67,12,57,14
21024,9,5,7,0
21025,209,50,210,51
21026,366,97,381,86
21027,92,41,95,33
21029,10,2,20,1
21030,35,5,44,9
21031,15,25,15,22
21032,168,50,177,48
21033,44,6,41,6
21034,122,17,103,22
21035,79,12,73,17
21036,24,4,20,4
21037,32,11,20,9
21038,70,15,57,12
21039,174,29,155,30
21040,11,2,8,1
21041,200,36,209,24
21042,129,191,106,240
21043,6,6,12,9
21044,36,5,36,5
21045,6,3,9,5
21046,91,52,103,81
21047,39,9,39,10
21048,33,11,39,11
21050,66,16,85,11
21051,813,194,828,214
21052,4,6,9,8
21053,31,20,37,16
21054,41,7,55,9
21055,8,3,8,2
21056,13,2,13,5
21057,7,152,1,156
21058,11,6,7,2
21059,0,7,3,2
21060,45,15,43,25
21061,13,5,9,11
21062,29,6,29,5
21063,59,39,67,47
21064,40,14,48,21
21065,48,20,54,22
21066,8,0,8,7
21067,8,115,2,98
21068,14,2,11,6
21069,3,35,3,64
21070,46,11,42,19
21071,3,0,2,0
21072,18,10,28,3
21073,578,120,576,140
21079,120,33,120,35
21081,2,2,2,0
21082,326,26,257,27
21083,53,14,55,9
21084,4,1,2,2
21085,21,2,22,1
21086,4,1,5,1
21087,7,19,12,23
21088,11,31,9,23
21089,23,69,31,97
21090,103,7,85,11
21091,32,3,31,4
21092,31,12,36,9
21093,2,0,3,1
21094,23,10,25,1
21095,203,33,214,49
21096,27,5,22,3
21097,21,5,16,8
21098,32,4,30,4
21099,85,14,73,20
21100,112,30,133,21
21101,49,6,46,5
21102,11,1,16,2
21103,32,2,44,2
21104,6,2,2,3
21105,68,10,65,16
21106,5,3,9,9
21107,167,31,145,43
21108,44,2,49,5
21109,207,30,187,25
21110,34,13,48,7
21111,48,16,47,10
21112,859,280,831,239
21113,37,10,33,5
21114,57,6,55,10
21115,67,13,67,13
21116,164,44,187,42
21117,34,7,33,10
21118,62,12,73,19
21119,167,36,178,46
21120,171,36,181,41
21121,220,43,215,55
21122,177,78,176,71
21124,75,27,60,10
21125,5,3,2,2
21126,233,54,258,57
21127,0,48,0,41
21129,200,54,203,53
21130,19,5,19,1
21131,20,256,9,268
21132,1646,320,1674,273
21134,6,3,14,5
21135,1004,1360,933,1387
21136,257,35,220,46
21137,222,57,209,38
21138,9,2,13,2
21144,26,0,25,0
21146,2,1,3,2
21147,23,2,19,4
21148,37,3,35,1
21149,4,24,1,25
21152,8,0,8,1
21153,1,8,0,7
21157,91,16,93,16
21159,2,0,1,0
21161,289,94,304,88
21162,22,5,23,5
21163,26,10,33,12
21164,42,5,42,4
21165,134,22,129,18
21167,62,3,50,10
21168,32,12,19,4
21169,22,4,17,0
21170,10,6,11,4
21171,77,31,60,22
21172,10,1,6,1
21173,23,3,19,0
21174,12,10,6,4
21175,5,3,6,3
21176,22,576,21,541
21177,25,5,28,8
21178,20,6,19,4
21179,14,8,19,10
21180,8,3,8,4
21181,5,8,4,1
21183,22,8,27,12
21184,21,10,28,13
21185,39,5,29,7
21186,16,0,16,3
21187,11,6,13,6
21188,15,18,13,11
21189,12,6,17,8
21190,5,143,5,139
21191,6,25,7,38
21193,7,71,6,75
21194,40,12,48,10
21196,42,11,46,7
21197,11,5,15,4
21198,1,11,0,16
21199,11,19,10,12
21200,10,61,11,44
21201,8,4,11,3
21202,5,57,4,52
21203,27,3,29,14
21204,3,44,1,44
21205,16,14,15,11
21206,2,87,5,98
21207,2,44,0,23
21208,61,8,71,5
21209,3,0,3,1
21210,0,46,3,49
21211,13,5,14,3
21212,4,0,4,3
21213,53,16,47,13
21214,24,2,30,5
21215,68,23,64,15
21216,28,13,24,5
21217,583,548,573,551
21218,14,16,8,8
21219,5,36,2,49
21220,48,1434,40,1326
21221,11,187,14,213
21222,289,66,253,61
21223,51,10,65,9
21224,11,2,9,0
21225,2,1,0,1
21226,228,31,234,31
21227,63,9,64,5
21228,2,0,1,0
21229,4,5,9,7
21230,9,1,8,1
21231,3,0,5,3
21232,11,8,12,6
21233,119,11,116,27
21234,5,0,5,0
21235,15,6,17,0
21236,92,9,74,8
21237,16,2,21,4
21238,7,10,10,10
21239,28,3,48,11
21240,16,11,19,14
21241,20,0,19,3
21242,105,19,132,21
21243,8,4,8,1
21244,8,4,5,6
21245,5,1,6,0
21246,61,10,54,9
21247,41,17,31,29
21248,3,0,3,0
21249,16,6,16,2
21250,6,5,9,5
21251,7,0,3,1
21252,13,3,14,0
21253,9,0,16,2
21254,10,0,8,2
21255,28,9,30,4
21256,4,1,2,0
21257,23,32,21,30
21259,13,3,11,2
21260,27,2,30,3
21261,5,1,4,0
21262,40,2,34,3
21263,20,9,14,4
21264,46,24,36,25
21266,38,1,43,1
21267,6,0,1,1
21268,100,14,94,11
21269,204,45,204,34
21270,71,18,61,6
21271,18,10,14,13
21272,83,7,87,16
21273,32,13,29,17
21274,73,3,92,23
21275,58,18,59,14
21276,146,11,149,19
21277,95,19,87,34
21278,31,15,33,13
21279,4,5,5,0
21280,190,23,195,43
21281,34,3,39,5
21282,87,14,91,16
21283,4,9,2,7
21284,26,3,40,1
21285,4,0,3,1
21286,39,7,29,8
21287,57,11,74,11
21288,4,0,4,0
21289,3,0,4,0
21290,5,2,6,6
21291,35,7,24,2
21293,7,0,6,5
21294,51,17,46,9
21295,35,29,29,21
21296,97,31,101,26
21298,12,5,14,2
21299,52,22,56,22
21300,5,1,6,0
21301,12,3,24,2
21302,19,8,19,7
21303,5,1,6,2
21304,5,1,4,1
21305,8,2,8,1
21307,35,1,49,4
21308,209,36,209,38
21309,114,22,127,22
21310,227,38,231,36
21311,100,16,87,12
21312,210,44,179,45
21313,252,90,278,83
21314,191,1113,192,1108
21315,240,69,216,78
21316,138,36,162,24
21317,233,60,287,67
21318,300,54,287,69
21319,182,33,188,32
21320,164,36,150,46
21321,144,39,150,23
21322,31,11,28,5
21323,168,37,173,42
21324,166,38,175,43
21325,0,12,1,12
21326,619,119,651,142
21328,3,59,2,61
21329,123,29,120,37
21330,159,62,150,43
21331,184,58,166,47
21333,75,9,69,16
21334,56,17,56,27
21335,6,1,9,0
21336,24,6,19,5
21340,112,77,125,88
21341,160,40,171,27
21342,386,85,367,72
21343,9,2,9,1
21344,38,10,37,6
21346,17,1,19,3
21347,78,9,74,11
21349,39,6,45,3
21351,3,1,6,0
21352,31,2,18,1
21354,11,4,13,5
21355,5,1,10,1
21356,45,8,52,2
21357,29,3,22,4
21358,6,0,12,1
21359,16,3,18,4
21360,11,4,10,1
21362,3,7,4,5
21365,5,1,5,0
21366,4,0,6,2
21367,260,80,237,67
21368,126,45,138,57
21369,197,57,206,44
21370,154,35,148,61
21372,57,7,57,10
21380,2,0,2,3
21381,22,1,22,2
21386,1,0,3,0
21391,6,1,10,3
21392,35,4,33,3
21394,5,1,7,3
21397,1,1,2,2
21398,116,18,126,19
21399,24,2,26,6
21402,39,9,59,13
21404,237,36,248,40
21405,19,7,27,6
21406,18,5,21,1
21407,9,28,13,25
21408,4,5,5,9
21409,22,6,21,4
21410,20,1,16,8
21412,206,28,199,31
21413,14,8,13,3
21415,382,103,392,76
21418,266,55,240,36
21419,7,409,13,462
21420,156,32,136,35
21421,71,14,50,10
21422,178,24,168,46
21426,3,1,5,1
21427,2,0,4,0
21431,10,2,11,3
21434,5,1,3,0
21436,8,0,9,4
21437,29,2,16,1
21439,2,0,7,1
21441,10,0,9,1
21442,6,2,10,4
21445,13,4,7,4
21446,16,0,23,2
21449,67,6,83,3
21453,2,39,1,40
21454,4,8,0,2
21455,4,0,4,0
21456,20,0,16,0
21461,3,0,3,1
21462,97,84,118,60
21463,17,0,13,2
21464,7,0,14,0
21465,5,0,10,4
21467,12,1,12,1
21468,21,2,17,3
21471,10,0,6,0
21472,8,0,16,2
21475,5,1,6,4
21476,2,0,3,0
21477,3,0,3,0
21478,27,6,18,4
21479,4,2,14,1
21480,3,0,6,0
21481,18,2,15,0
21482,3,0,3,1
21488,47,1,49,2
21491,1,1,3,0
21498,30,0,20,1
21499,24,6,29,1
21501,108,17,86,19
21502,30,6,35,3
21503,12,1,10,1
21504,1,0,0,0
21505,2,0,4,0
21508,19,1,18,0
21509,543,95,532,71
21510,31,15,26,18
21511,70,18,64,12
21512,21,2,18,4
21513,60,10,52,11
21514,2,11,7,18
21517,15,0,18,2
21518,29,1,24,1
21519,17,1,11,1
21520,6,1,7,2
21521,36,38,32,25
21522,6,2,3,0
21523,5,0,6,1
21526,30,1,24,2
21527,83,6,100,15
21528,5,0,9,0
21529,8,4,13,4
21537,14,1,26,0
21539,15,2,20,1
21545,3,0,11,0
21547,11,0,19,3
21549,2,0,2,1
21550,0,2,1,6
21554,11,3,16,5
21555,4,0,1,0
21557,11,7,15,4
21558,6,36,4,24
21559,3,1,2,0
21560,3,0,5,0
21561,9,47,7,28
21562,9,0,5,1
21564,7,0,5,1
21565,5,2,2,1
21566,12,2,10,0
21568,4,1,6,1
21569,20,2,20,1
21571,32,1,38,8
21572,2,0,3,2
21573,4,1,6,6
21574,6,2,9,0
21575,5,14,4,18
21578,5,0,3,0
21579,11,2,18,4
21583,11,1,8,0
21584,17,4,24,2
21585,19,0,20,2
21586,28,1,27,2
21587,37,8,32,8
21588,3,11,2,16
21590,52,3,48,0
21592,1,0,2,1
21593,2,2,4,0
21594,8,18,3,18
21595,20,3,20,1
21596,6,1,6,1
21597,29,0,33,5
21598,23,2,23,5
21599,4,3,6,0
21605,0,2,1,3
21608,3,4,7,2
21609,31,4,39,7
21610,4,3,3,3
21611,33,4,33,13
21612,9,9,11,10
21614,11,8,11,6
21615,15,10,16,10
21616,22,0,24,5
21617,8,4,10,2
21618,11,4,8,4
21619,9,6,12,8
21623,6,1,2,2
21626,57,14,45,10
21627,147,21,139,21
21628,53,11,57,8
21629,2,279,3,302
21633,8,0,7,1
21635,7,0,7,0
21637,2,6,0,5
21639,79,13,80,8
21642,1,2,2,2
21643,13,13,5,15
21648,0,0,1,1
21654,2,0,2,0
21657,2,1,3,0
21658,2,3,2,0
21659,24,2,21,1
21660,11,0,15,1
21663,12,5,7,0
21664,2,4,2,3
21667,12,0,15,2
21668,0,0,0,1
21669,13,4,7,2
21670,25,19,32,32
21671,6,1,8,0
21672,82,7,64,8
21673,26,1,39,6
21674,79,10,79,15
21678,44,6,34,9
21679,0,0,0,1
21681,25,3,27,5
21682,30,3,42,3
21685,7,0,3,1
21686,6,2,4,1
21687,12,8,4,9
21688,0,3,0,0
21689,89,4,91,4
21693,4,2,6,0
21695,4,0,2,0
21699,7,0,3,0
21701,2,0,7,1
21704,4,1,3,1
21709,5,1,4,0
21719,8,1,6,2
21721,5,2,8,4
21723,5,2,4,1
21724,5,0,5,1
21726,8,0,3,1
21728,23,0,17,1
21729,20,1,15,3
21732,8,2,5,2
21733,13,5,13,2
21735,40,46,30,47
21736,3,3,8,3
21737,73,310,90,257
21740,2,0,2,1
21744,7,1,11,0
21745,30,1,34,5
21746,4,0,6,0
21747,10,1,8,0
21748,53,9,40,9
21749,31,2,38,1
21750,8,0,12,0
21751,4,0,6,1
21752,24,5,22,10
21753,6,2,8,2
21755,1,1,3,1
21756,3,0,5,0
21757,10,1,6,0
21762,12,1,12,0
21765,11,22,13,30
21767,5,0,4,1
21781,4,0,2,1
21786,1,2,0,0
21787,16,15,8,17
21790,0,0,1,0
21798,8,2,9,2
21799,5,0,8,0
21800,8,0,6,0
21803,10,0,3,1
21805,0,1,1,1
21809,4,2,8,0
21810,8,0,5,0
21814,2,1,3,0
21815,3,3,2,2
21819,25,4,21,2
21820,6,0,12,0
21822,10,0,12,3
21824,4,1,6,2
21826,11,2,10,1
21829,8,2,12,5
21831,4,9,8,0
21833,23,0,22,4
21834,13,1,13,0
21835,1,0,0,1
21836,0,1,1,5
21838,3,1,3,2
21839,4,1,4,0
21841,10,2,10,3
21842,4,1,3,0
21844,0,2,1,3
21850,7,0,5,0
21851,26,3,16,3
21854,31,3,28,2
21855,17,5,26,8
21859,4,1,2,0
21860,9,0,11,0
21861,27,2,32,1
21862,31,2,31,3
21863,12,7,14,8
21864,4,91,8,102
21866,4,0,2,1
21869,2,0,2,0
21871,1,1,1,0
21872,2,0,1,1
21874,11,1,10,1
21875,7,2,3,0
21876,1,4,4,2
21877,6,2,12,0
21878,8,0,13,4
21879,5,1,8,0
21880,2,0,3,0
21881,6,6,5,1
21882,20,8,22,4
21883,8,5,9,1
21884,37,5,36,4
21885,2,22,5,21
21886,76,8,68,3
21887,99,19,112,6
21888,35,4,36,4
21889,0,19,0,20
21890,31,2,33,3
21891,24,7,25,9
21892,3,0,2,1
21893,33,6,49,6
21894,24,4,25,3
21895,32,5,31,1
21897,24,3,15,1
21898,10,13,10,13
21900,8,0,12,2
21901,45,2,30,1
21902,7,3,7,2
21903,39,3,41,7
21904,25,9,25,3
21905,25,4,22,4
21906,33,3,32,4
21907,13,0,17,4
21908,16,92,12,111
21909,11,34,19,40
21910,24,13,23,10
21911,22,2,22,3
21912,18,0,9,1
21913,4,28,2,25
21922,15,2,13,1
21928,6,33,4,35
21931,0,6,0,4
21934,16,3,14,3
21935,16,4,15,3
21936,4,1,3,0
21939,39,22,23,24
21940,47,6,42,5
21942,5,5,3,4
21946,6,0,4,0
21947,0,1,1,6
21948,16,0,11,0
21950,13,2,5,0
21951,38,1,33,1
21955,42,8,47,5
21960,4,0,10,2
21964,3,39,1,33
21969,98,11,85,6
21970,28,15,27,18
21973,11,0,13,0
21974,16,3,14,2
21976,6,0,9,1
21977,49,4,47,5
21978,22,1,23,5
21979,2,1,4,1
21981,3,3,4,0
21982,10,0,3,1
21983,8,2,8,1
21984,5,13,7,9
21988,9,3,10,0
21989,18,4,14,3
21990,30,13,32,14
21991,3,12,3,11
21993,7,61,5,64
21995,0,4,0,4
21996,2,28,8,29
21999,103,20,115,18
22001,0,5,0,0
22003,23,9,19,18
22004,8,3,7,1
22005,18,0,19,5
22007,12,3,15,3
22008,75,15,106,14
22009,24,6,18,10
22011,11,2,11,1
22013,18,1,12,5
22014,49,7,39,3
22015,15,4,15,2
22016,0,0,1,0
22017,8,2,6,1
22019,32,4,31,4
22021,36,2,40,2
22022,35,3,23,1
22023,8,7,9,4
22025,8,2,13,2
22026,21,14,26,10
22031,15,3,18,11
22032,3,3,7,0
22033,16,1,17,1
22034,8,2,13,0
22035,204,33,186,29
22037,8,1,6,3
22040,12,3,18,2
22041,0,2,0,7
22043,1,1,4,0
22044,2,0,4,4
22045,4,1,4,1
22047,12,5,15,2
22048,10,2,14,2
22049,6,2,6,2
22054,41,4,48,4
22055,11,0,17,1
22059,11,3,9,5
22060,7,5,7,0
22061,2,6,10,10
22062,8,2,5,3
22064,3,0,2,1
22065,13,8,10,1
22068,11,0,8,0
22069,1,1,3,0
22073,48,13,43,3
22076,2,1,2,1
22077,92,5,75,8
22080,8,1,4,2
22081,2,8,0,6
22082,1,17,3,10
22083,8,0,3,2
22084,4,6,3,3
22085,23,0,17,1
22086,32,9,42,12
22088,2,20,2,26
22089,4,1213,6,1213
22090,9,14,15,16
22091,14,69,16,88
22092,33,6,30,5
22093,3,0,2,2
22094,12,245,10,236
22096,9,47,7,43
22097,3,86,2,79
22098,2,16,0,20
22100,5,3,7,1
22101,11,40,10,41
22102,8,20,10,22
22103,8,0,7,1
22105,1,3,2,6
22106,10,0,11,3
22108,3,0,6,0
22110,4,2,1,1
22113,5,1,9,0
22114,4,0,9,1
22115,12,1,5,1
22116,7,0,8,0
22117,19,5,21,7
22118,4,1,3,1
22121,2,1,5,1
22122,0,0,1,2
22123,3,3,6,1
22125,7,5,2,5
22126,10,4,5,1
22128,8,1,10,2
22129,6,0,4,0
22132,36,2,41,1
22133,14,4,19,6
22134,61,9,61,6
22135,4,5,3,5
22136,5,2,4,0
22137,10,1,13,1
22166,6,0,1,0
22170,18,1,13,0
22172,0,4,0,1
22175,7,2,11,4
22187,8,4,2,0
22195,0,1,0,2
22199,39,15,43,11
22200,82,15,81,8
22201,28,7,30,3
22204,3,2,6,0
22207,0,1,0,2
22209,3,0,4,0
22210,15,5,7,1
22211,3,1564,2,1268
22213,9,2,10,4
22215,9,6,8,12
22216,0,6,0,1
22217,2,11,2,11
22219,2,22,2,17
22220,4,2,3,0
22221,4,0,3,0
22223,9,3,7,0
22224,0,7,0,4
22225,3,0,3,0
22227,3,1,4,1
22229,10,1,13,1
22230,0,4,0,3
22231,10,64,3,68
22233,4,29,4,29
22234,4,11,1,5
22240,49,233,41,207
22241,5,40,3,44
22242,0,9,0,11
22246,19,3,15,2
22247,7,0,2,2
22249,7,1,4,2
22250,14,7,28,14
22251,28,1,17,1
22253,18,2,13,1
22254,3,0,4,0
22258,10,2,4,1
22260,7,1,5,0
22261,1,0,1,0
22262,12,1,6,1
22270,5,2,6,0
22283,8,56,6,61
22285,34,1,42,4
22286,68,3,77,10
22287,78,15,64,4
22290,301,67,284,64
22291,20,1,18,2
22292,14,5,24,4
22294,78,9,82,28
22296,2,0,2,1
22299,0,1,1,2
22300,2,1,4,0
22301,10,0,5,0
22304,13,3,10,2
22305,2,0,2,1
22307,10,2,9,1
22308,118,25,113,12
22309,95,13,104,12
22310,17,10,9,13
22311,90,4,86,7
22312,20,2,11,0
22313,16,4,18,6
22314,428,65,389,45
22315,29,17,33,14
22316,42,22,34,39
22318,31,0,40,4
22319,0,3,0,0
22320,7,0,10,1
22321,15,3,13,3
22322,1,0,3,0
22323,30,1,35,3
22324,39,135,31,149
22325,0,0,1,0
22326,0,1,4,2
22327,1,1,1,0
22330,15,2,14,2
22332,7,0,2,0
22335,3,11,7,10
22338,9,0,4,0
22339,6,11,4,5
22340,15,3,17,8
22341,218,37,232,31
22342,6,1,5,3
22343,92,57,88,78
22344,60,4,55,15
22345,28,3,28,1
22346,42,15,43,14
22347,65,3,71,6
22348,6,32,8,40
22349,5,0,9,2
22350,51,7,44,2
22351,26,4,20,5
22352,8,2,4,1
22353,24,31,24,32
22354,9,1,5,1
22355,22,7,19,7
22356,24,6,22,5
22357,26,35,19,36
22358,46,9,42,4
22359,15,0,14,4
22361,16,1,21,3
22362,37,2,28,4
22364,61,4,52,5
22365,43,21,35,15
22366,62,9,76,12
22367,8,0,8,2
22368,1,626,0,606
22369,37,18,31,10
22370,6,2,9,1
22371,3,3,3,1
22372,26,10,29,4
22374,21,6,30,4
22375,14,3,26,0
22377,55,7,58,11
22378,46,7,34,22
22379,315,83,295,58
22381,77,1,70,3
22382,46,16,49,35
22383,77,7,74,9
22384,145,28,150,34
22385,316,143,287,165
22386,116,28,123,23
22387,131,38,150,27
22388,162,61,137,59
22389,168,19,161,22
22390,5,5,13,1
22391,127,35,134,16
22392,111,30,104,31
22393,200,40,172,29
22394,10,3,10,3
22395,57,9,57,11
22396,10,3,10,3
22397,117,16,105,16
22398,126,21,134,13
22399,43,603,26,521
22400,26,3,40,2
22402,25,4,33,3
22403,184,28,181,18
22404,767,130,779,126
22405,65,212,55,201
22406,65,21,72,23
22407,29,6,27,10
22408,0,21,2,12
22409,3,3,2,1
22410,180,314,175,294
22411,14,64,12,46
22412,32,6,39,4
22413,24,5,21,7
22414,22,0,25,2
22415,37,2,38,5
22419,5,0,10,0
22420,9,0,5,0
22421,8,1,14,1
22423,11,2,4,6
22424,188,119,208,110
22426,333,72,370,71
22427,5,2,7,1
22428,26,6,17,3
22429,18,1,25,3
22431,105,19,103,11
22432,17,21,8,9
22433,33,6,26,5
22434,79,11,84,10
22435,122,29,105,19
22436,56,14,51,4
22437,328,50,344,33
22438,88,17,88,21
22439,132,22,99,10
22441,34,0,39,1
22442,88,8,95,10
22443,62,11,51,8
22444,215,20,219,28
22445,21,2,17,0
22446,12,6,8,2
22447,251,37,225,36
22448,131,20,128,22
22449,6,0,16,2
22451,9,2,7,5
22452,43,517,38,460
22453,28,854,35,799
22454,62,6,59,14
22457,86,0,89,3
22463,15,3,22,7
22464,63,11,82,7
22466,1,9,0,8
22468,22,1,18,4
22474,3,25,5,21
22476,1,1,1,1
22478,7,2,10,1
22480,10,0,7,0
22481,4,0,7,0
22494,1,1,0,2
22495,2,0,2,1
22500,2,0,2,0
22501,1,2,0,0
22502,99,17,113,30
22509,1,4,0,1
22510,2,12,2,8
22512,2,5,0,1
22514,0,1,0,3
22517,2,0,4,0
22519,2,99,1,99
22522,3,35,1,45
22525,0,32,2,28
22527,30,14,37,11
22535,29,7,27,6
22536,23,11,26,4
22540,7,0,10,2
22542,8,11,7,11
22544,16,5,23,4
22545,11,0,9,2
22551,30,7,35,6
22555,4,3,5,1
22556,11,32,17,43
22557,12,0,10,1
22570,9,3,7,1
22572,9,1,15,0
22573,29,2,28,7
22576,46,8,53,9
22577,7,4,13,0
22578,47,20,56,13
22579,30,1,23,8
22580,38,12,38,7
22581,131,21,114,18
22582,4,0,4,0
22583,17,496,19,439
22585,4,0,5,0
22586,10,2,12,5
22587,39,37,31,45
22588,33,4,32,7
22589,12,0,7,2
22596,0,0,1,4
22597,25,8,26,7
22599,18,3,11,5
22600,12,2,8,0
22601,2,5,2,5
22605,9,4,8,3
22606,2,39,1,37
22607,4,105,2,93
22609,2,17,1,17
22615,25,1,19,0
22617,10,1,19,1
22618,1,0,0,1
22622,9,16,13,12
22624,32,2,27,3
22625,5,1,10,0
22626,4,0,5,0
22627,81,3,83,5
22628,4,1,6,1
22629,9,17,7,26
22630,8,14,8,8
22631,8,5,8,1
22632,18,0,21,0
22634,7,4,8,11
22635,14,32,15,57
22636,89,129,81,140
22637,21,2,21,4
22638,42,9,32,4
22639,8,2,7,5
22642,36,4,35,14
22643,5,1,7,0
22644,15,2,20,3
22645,8,0,9,0
22647,1,1,3,0
22652,3,414,1,399
22653,50,160,62,186
22654,19,4,24,4
22657,1,6,1,7
22659,45,13,40,31
22660,108,27,121,52
22661,23,7,18,7
22664,2,3,3,2
22667,12,3,12,1
22668,31,8,37,6
22669,27,3,35,6
22672,3,3,0,2
22673,10,0,6,2
22674,9,4,11,4
22675,23,11,25,6
22676,168,41,164,42
22677,4,8,7,6
22678,1,23,1,26
22679,49,29,50,30
22681,1,69,1,60
22682,9,1,14,0
22685,53,7,66,20
22686,22,0,25,4
22688,3,2,2,1
22689,32,3,31,1
22690,22,2,26,1
22691,25,1,12,4
22692,3,42,1,43
22699,1,1,5,0
22700,3,27,6,39
22701,3,2,6,1
22702,36,3,38,4
22703,1,1,1,0
22704,26,2,29,2
22706,56,8,61,6
22709,8,2,5,0
22712,7,1,6,5
22713,40,6,42,1
22714,15,2,22,4
22715,64,14,61,18
22716,27,10,25,3
22717,1,427,2,391
22718,12,0,13,2
22719,9,0,5,1
22720,9,1,7,1
22721,80,200,83,210
22722,42,10,35,7
22723,38,4,39,5
22724,12,65,6,72
22726,4,37,5,33
22727,7,7,8,7
22728,7,3,3,0
22729,5,1,5,0
22730,30,9,34,6
22732,11,31,7,16
22733,8,0,10,2
22734,7,4,6,1
22735,298,121,276,119
22736,33,6,27,9
22737,272,40,261,35
22739,17,25,12,17
22743,40,3,29,6
22744,29,14,33,7
22746,21,12,25,12
22747,27,5,22,12
22749,39,8,33,9
22750,8,1,8,1
22751,3,1,8,0
22752,39,5,35,2
22753,84,16,65,12
22754,54,14,47,14
22755,9,2,7,3
22756,29,2,24,2
22757,10,8,12,5
22758,489,100,517,90
22759,263,54,267,59
22760,67,22,77,17
22761,453,67,411,90
22762,394,174,370,152
22763,113,14,123,13
22765,9,1,13,4
22766,14,4,19,1
22768,337,815,344,848
22769,265,28,260,37
22770,137,10,117,16
22771,461,118,448,115
22772,322,71,301,60
22773,59,13,54,14
22774,88,16,93,13
22775,106,34,98,26
22776,283,81,261,96
22777,394,199,395,214
22778,23,32,32,30
22779,456,319,447,350
22780,1263,385,1290,382
22781,468,216,432,192
22782,256,48,265,52
22783,312,85,326,98
22784,464,116,499,117
22785,347,181,324,171
22787,3,5,0,2
22788,373,96,446,78
22789,217,73,195,42
22790,97,19,83,14
22791,973,212,969,181
22792,297,40,316,41
22793,194,75,177,86
22795,5,1,6,1
22796,6,1,11,2
22797,234,98,225,82
22798,122,21,128,34
22799,200,32,184,25
22800,83,5,88,16
22802,20,6,25,1
22804,1,2,5,1
22805,11,3,11,8
22806,7,0,11,2
22808,3,1,4,1
22809,4,3,6,0
22810,82,22,92,15
22811,102,18,100,20
22812,67,17,65,14
22813,59,6,54,3
22814,8,0,9,0
22815,150,35,145,36
22817,45,8,60,16
22818,93,5,79,11
22819,115,18,143,20
22820,102,19,118,23
22821,61,11,73,12
22822,196,32,201,35
22823,178,57,169,63
22824,44,4,42,5
22825,205,23,234,22
22826,11,2,10,0
22827,71,47,75,55
22830,177,40,169,39
22832,315,101,318,97
22833,34,2,34,3
22834,97,28,104,17
22835,147,17,179,28
22836,202,45,221,38
22837,50,4,46,3
22838,298,57,311,58
22839,84,76,96,95
22840,55,128,67,108
22841,225,46,226,29
22842,235,30,227,30
22843,287,45,328,34
22844,11,4,14,1
22845,41,1,44,7
22846,70,92,74,102
22847,235,75,235,95
22848,464,74,429,82
22849,199,51,215,41
22850,46,7,38,14
22851,19,4,26,3
22852,8,2,5,1
22853,34,8,32,10
22854,49,5,41,6
22855,73,17,96,13
22856,37,4,41,2
22857,16,2,7,5
22859,109,37,106,36
22860,130,37,147,32
22861,305,56,320,68
22862,242,58,282,57
22863,466,134,474,116
22865,16,2,21,7
22866,195,20,189,24
22868,63,7,74,8
22869,34,2,21,4
22870,157,15,171,15
22871,92,14,118,19
22872,35,10,25,9
22873,52,14,56,4
22874,57,7,58,2
22875,8,1,15,3
22876,202,29,214,44
22877,189,28,171,34
22878,527,105,496,98
22879,156,30,171,45
22880,457,70,477,95
22881,278,1200,294,1211
22882,627,185,644,166
22883,172,46,173,49
22884,122,37,126,38
22885,85,928,80,913
22886,52,10,59,11
22887,302,58,317,57
22889,31,439,40,456
22890,19,566,18,599
22891,582,1037,593,1004
22892,139,28,139,37
22893,258,246,281,247
22894,2,53,5,66
22895,36,224,44,204
22896,11,61,11,61
22897,86,88,84,97
22898,120,105,110,86
22899,24,93,26,106
22900,10,15,10,15
22901,146,72,168,91
22902,83,107,75,104
22903,109,24,110,26
22906,10,2,6,6
22909,13,2,7,1
22910,159,10,184,14
22912,35,7,36,7
22913,29,4,35,10
22914,9,5,10,4
22916,52,7,42,9
22917,135,19,131,19
22918,55,13,57,15
22919,378,54,351,67
22920,182,56,194,67
22921,109,18,85,18
22922,147,29,145,32
22924,5,19,9,26
22925,230,41,224,47
22926,4,34,6,33
22927,9,14,2,8
22928,52,11,45,7
22929,10,43,10,56
22930,11,1,5,2
22931,4,5,7,1
22932,49,98,29,74
22933,201,33,212,30
22934,53,8,50,5
22936,187,26,184,25
22937,42,3,48,2
22938,70,22,69,12
22939,6,0,2,0
22940,5,0,5,1
22941,9,7,10,6
22942,12,2,17,2
22943,4,1,4,1
22946,78,11,76,15
22948,25,2,35,1
22951,45,9,48,9
22953,166,18,206,33
22954,125,17,137,13
22955,11,1,5,4
22956,4,0,4,0
22957,139,27,136,29
22958,95,13,95,7
22959,231,29,249,23
22960,16,2,23,5
22962,69,8,66,4
22963,12,2,14,0
22964,11,1,7,0
22965,179,25,168,19
22966,54,6,62,6
22967,27,3,33,4
22969,7,2,5,2
22970,63,2,82,4
22971,555,60,569,90
22972,5,1,3,1
22973,20,7,22,2
22974,3,10,6,14
22976,19,4,20,2
22977,137,17,144,17
22979,57,13,63,21
22980,1,33,0,37
22981,208,31,189,27
22982,6,1,3,1
22984,8,2,10,3
22985,120,39,119,33
22986,104,16,115,13
22987,107,13,107,12
22988,67,21,46,17
22989,165,18,157,7
22990,47,5,48,6
22991,104,16,101,21
22992,86,15,98,8
22993,70,12,66,7
22994,274,122,285,95
22995,105,24,111,13
22996,5,5,6,8
22997,35,4,39,1
22999,4,1279,4,1293
23000,32,9,29,5
23001,323,455,296,516
23002,252,44,253,49
23003,46,15,60,9
23004,132,18,122,21
23005,4,1,5,1
23006,84,9,77,3
23007,86,350,98,367
23008,12,8,10,12
23009,128,30,127,28
23010,3,37,1,34
23011,164,39,151,51
23012,1293,251,1319,269
23013,366,99,341,94
23016,230,919,200,881
23017,234,980,249,1182
23018,7,35,6,34
23019,163,574,124,515
23020,152,655,160,673
23021,340,1474,318,1494
23022,419,98,471,77
23023,292,43,301,39
23024,146,24,162,25
23025,313,54,310,56
23026,1183,434,1122,423
23027,1397,227,1384,209
23028,110,14,123,26
23029,154,32,146,27
23030,334,64,360,64
23031,641,99,661,105
23032,213,69,221,68
23033,315,85,292,78
23034,255,39,247,40
23035,153,26,145,29
23036,340,87,347,77
23037,285,36,279,55
23038,66,537,33,493
23039,14,104,24,124
23040,122,712,119,684
23041,219,569,218,544
23042,90,314,93,341
23043,71,186,75,201
23044,202,790,199,714
23046,12,40,8,38
23047,373,1606,387,1638
23048,58,510,62,558
23049,95,370,102,386
23050,114,2384,95,2411
23051,69,195,60,200
23052,478,1645,399,1602
23053,183,902,210,951
23054,89,345,79,291
23055,178,584,180,557
23056,159,3599,168,3625
23057,232,1194,233,1144
23058,52,134,45,128
23059,99,357,96,383
23060,59,624,62,676
23061,212,794,221,811
23062,302,6714,281,6820
23063,5,87,6,77
23064,11,211,13,223
23065,138,601,163,596
23066,513,3609,528,3623
23067,34,83,36,80
23068,4,14,2,8
23069,297,956,316,995
23070,43,12,52,12
23071,595,66,586,88
23072,148,567,109,519
23073,60,265,63,244
23074,3,59,2,73
23075,197,1100,215,1064
23076,42,14,44,17
23077,219,42,223,48
23078,409,47,424,78
23079,38,164,52,184
23080,21,333,16,357
23081,671,114,667,82
23082,635,108,641,113
23083,49,8,45,8
23084,38,154,43,143
23085,92,115,82,113
23086,7,4,6,3
23087,1147,169,1156,205
23088,199,54,204,46
23089,189,39,213,34
23090,218,44,219,42
23091,174,42,172,40
23092,92,19,116,16
23093,213,43,223,36
23094,296,75,325,86
23095,141,93,152,82
23096,409,61,408,55
23097,185,1771,193,1676
23098,7,4016,3,4004
23099,525,70,507,100
23100,306,59,320,54
23103,4,1,2,3
23104,49,12,50,12
23106,27,1,26,0
23110,30,1,41,3
23111,3,4,4,1
23114,80,3189,70,3084
23115,24,4,18,5
23117,73,20,88,13
23118,36,4,40,3
23119,73,12,63,17
23120,48,12,45,19
23121,20,8,17,9
23122,3,3,2,6
23123,34,5,26,7
23125,64,18,80,18
23128,1,2,3,3
23129,4,3,3,2
23130,5,11,5,7
23132,7,12,7,14
23133,4,2,3,4
23134,1,2,3,0
23136,11,1,11,0
23138,7,0,10,1
23139,12,14,17,9
23140,20,5,26,1
23142,6,110,3,130
23143,15,86,19,111
23144,6,9,2,2
23146,63,13,50,10
23147,204,25,209,28
23148,4,0,5,0
23149,527,189,586,193
23150,9,0,11,0
23152,125,33,126,53
23153,114,20,123,23
23154,135,24,125,39
23155,114,39,111,36
23156,107,13,122,18
23157,1,4,2,1
23158,237,34,228,55
23161,0,65,0,60
23163,154,31,145,37
23164,154,28,176,39
23165,123,22,129,30
23166,17,11,17,11
23167,20,6,25,3
23168,287,55,275,46
23169,49,6,54,10
23170,3,0,3,2
23171,35,11,19,6
23173,9,4,4,1
23174,23,6,26,4
23175,54,3,43,3
23176,154,15,165,14
23180,6,0,6,2
23184,1,16,1,17
23185,4,77,0,59
23187,95,16,89,19
23189,124,7,142,19
23190,227,56,214,40
23191,13,102,6,101
23192,69,29,74,23
23193,658,802,607,809
23194,140,29,112,28
23195,78,6,66,11
23196,10,68,12,72
23198,54,62,57,59
23199,162,44,168,39
23200,236,55,247,58
23201,8,1,6,4
23202,273,79,282,73
23203,14,3,14,5
23204,29,3,35,13
23205,9,1,5,0
23206,791,144,752,135
23207,56,15,52,22
23208,225,66,237,69
23209,1076,188,1061,166
23211,418,103,397,109
23212,45,75,62,103
23213,6,66,5,69
23214,664,164,647,161
23215,557,108,588,125
23217,50,732,59,757
23218,212,57,203,50
23219,523,97,491,131
23220,24,8,22,7
23221,290,75,288,58
23222,339,70,343,71
23224,148,20,126,15
23225,257,383,226,331
23226,34,183,33,181
23228,283,79,297,81
23229,337,107,363,93
23230,73,35,70,35
23232,13,46,19,65
23233,357,78,348,64
23235,113,1337,101,1319
23236,10,49,7,27
23237,4,12,8,23
23238,24,9,28,6
23239,649,176,659,198
23240,615,90,634,134
23243,531,140,541,128
23244,601,155,573,153
23245,380,101,363,114
23246,65,18,83,25
23247,49,2,43,6
23248,736,178,713,192
23249,8,102,7,126
23250,250,48,260,47
23251,239,33,234,19
23252,91,10,89,5
23253,1646,483,1699,442
23254,977,227,972,270
23255,1167,333,1112,327
23256,76,841,81,849
23257,95,1997,103,1921
23258,8,24,8,19
23259,39,121,29,123
23260,163,80,155,60
23261,145,26,142,26
23262,230,470,252,514
23263,128,139,132,110
23264,301,140,281,157
23265,65,608,71,652
23266,308,53,280,54
23267,109,21,113,15
23268,106,712,96,706
23269,32,128,24,118
23270,254,107,248,91
23271,133,376,110,351
23272,281,97,299,106
23273,177,49,173,53
23274,177,36,186,29
23275,236,73,215,70
23276,12,104,16,108
23277,91,26,85,39
23278,144,113,146,93
23279,517,407,516,408
23280,199,54,159,60
23281,2,21,1,15
23282,129,23,125,19
23283,158,48,171,55
23284,142,312,195,343
23285,169,88,174,97
23286,79,36,87,30
23287,47,140,48,142
23288,22,172,19,171
23289,24,60,31,68
23290,87,61,93,47
23291,76,19,55,29
23292,101,42,98,39
23293,233,74,218,81
23294,290,47,278,73
23295,38,7,30,5
23296,55,6,52,2
23297,7,2,8,2
23298,46,9,59,10
23299,271,85,262,58
23300,34,28,36,15
23301,28,12,28,14
23302,43,5,35,9
23303,44,702,78,745
23304,5,94,3,112
23305,6,38,13,55
23306,114,19,109,23
23307,0,1,1,1
23308,124,27,146,23
23309,134,30,136,24
23310,221,46,200,43
23311,8,23,11,27
23312,68,8,81,14
23313,5,49,2,60
23314,10,12,13,12
23315,71,37,72,24
23316,25,15,32,10
23317,29,11,38,12
23318,106,18,133,30
23319,47,26,52,28
23320,25,342,26,382
23321,324,1707,348,1694
23323,11,133,13,100
23324,23,161,33,169
23325,35,42,37,39
23326,36,30,36,20
23327,87,29,81,27
23328,43,32,33,30
23330,117,23,110,18
23331,53,296,53,272
23333,141,34,148,24
23334,46,124,52,146
23335,3,29,2,26
23336,4,9,2,7
23337,153,234,158,193
23338,69,12,74,4
23339,93,157,91,165
23340,63,24,69,17
23341,5,1289,3,1301
23342,25,109,20,107
23343,122,24,103,27
23346,2,0,4,2
23347,27,2,20,4
23349,23,2,25,1
23350,92,20,89,17
23351,43,5,38,6
23352,52,54,54,64
23353,98,108,103,115
23354,53,18,48,13
23355,24,3,23,4
23356,41,20,36,18
23358,129,1882,135,2030
23359,7,63,11,68
23361,39,3,43,9
23362,3,13,7,15
23363,13,46,9,52
23364,52,7,60,7
23365,8,1,12,3
23366,22,211,16,207
23367,63,13,64,10
23369,339,89,323,66
23370,88,18,79,16
23371,83,11,77,17
23372,79,50,93,47
23373,47,102,56,112
23376,9,32,7,23
23377,84,13,60,13
23378,528,151,551,147
23379,367,7677,341,7500
23380,105,17,117,11
23381,955,200,959,235
23382,174,54,173,51
23386,7,2,6,0
23387,135,13,137,13
23389,9,23,7,28
23390,96,898,82,952
23391,140,57,171,77
23392,19,2,10,2
23393,25,12,32,11
23394,75,15,69,15
23396,107,27,125,22
23397,9,3,10,4
23398,319,55,334,55
23399,173,20,157,28
23400,58,25,62,27
23403,534,91,535,90
23404,41,9,38,10
23405,15,13,21,9
23406,81,36,92,29
23407,226,435,226,477
23408,25,33,22,33
23409,66,18,58,8
23412,42,12,46,4
23413,40,9,45,5
23414,38,23,35,20
23417,1343,258,1228,216
23418,168,60,173,37
23419,54,13,38,26
23420,142,219,141,225
23421,466,99,497,86
23422,387,74,374,73
23423,807,125,832,130
23424,1357,232,1344,194
23425,655,186,662,215
23426,1046,168,1053,186
23429,67,52,56,37
23430,349,77,354,67
23431,491,270,495,288
23432,317,220,328,238
23433,679,227,661,205
23434,290,79,302,69
23437,4,0,5,1
23438,196,34,209,41
23439,1,8,0,10
23440,26,83,30,107
23441,69,295,66,319
23443,11,1210,7,1115
23445,66,24,63,25
23446,307,50,309,63
23447,209,40,173,39
23448,43,16,47,3
23449,28,221,30,199
23450,15,62,22,66
23451,1146,1406,1109,1323
23452,59,48,67,37
23453,169,15,168,79
23454,390,68,416,93
23455,1333,252,1256,275
23456,227,969,240,1006
23457,13,3603,13,3606
23458,186,104,197,110
23459,0,53,0,54
23460,158,17,148,23
23461,73,7,75,14
23463,662,110,641,79
23464,121,34,123,26
23465,16,10,23,16
23466,152,32,146,37
23467,97,22,118,25
23468,34,28,27,22
23469,223,39,184,46
23470,618,91,529,83
23471,73,13,83,20
23472,71,31,74,16
23473,747,616,805,585
23474,96,29,111,32
23475,308,56,301,47
23476,230,59,203,57
23477,34,8,41,2
23478,12,141,13,173
23479,105,18,114,58
23480,20,16,15,3
23481,170,60,181,84
23482,121,16,115,20
23483,52,4,64,9
23484,263,34,263,26
23485,77,12,84,7
23487,123,38,127,44
23489,0,47,0,60
23490,32,5,23,6
23491,273,90,250,63
23492,168,65,149,82
23493,382,92,383,93
23494,992,1767,943,1838
23495,1458,313,1455,313
23496,14,38,5,49
23497,16,93,12,91
23498,330,137,357,161
23499,78,64,72,59
23500,104,51,120,57
23501,60,1066,39,1017
23502,196,27,186,16
23503,33,3,22,6
23504,198,37,197,48
23505,19,1,11,7
23506,249,47,234,65
23507,66,362,66,339
23508,402,177,368,235
23509,3,35,1,72
23510,619,201,625,198
23511,21,487,19,516
23512,76,21,86,18
23513,224,282,207,312
23514,1,47,6,57
23515,319,63,345,55
23516,8,1479,8,1448
23517,47,2607,48,2624
23518,481,1018,445,1006
23519,67,14,87,11
23520,5,10,8,7
23521,136,30,126,43
23522,47,11,35,12
23523,132,62,128,73
23524,12,5,7,7
23525,194,2448,187,2427
23526,209,44,215,42
23527,39,1178,30,1029
23528,44,666,52,664
23529,401,116,391,95
23530,343,78,308,68
23531,105,1906,113,1867
23532,379,236,369,225
23535,26,2,26,3
23536,40,40,32,29
23537,23,2,28,2
23538,5,5,6,5
23539,213,29,206,36
23540,144,38,168,39
23541,3,4,4,0
23542,175,49,235,39
23543,10,1,3,2
23544,242,48,265,29
23545,306,59,296,38
23546,0,5,0,7
23547,28,11,26,7
23549,110,17,120,17
23550,81,10,57,4
23551,54,34,68,32
23552,113,2717,132,2732
23553,25,31,29,15
23554,189,8,196,17
23556,35,10,32,16
23557,131,46,145,51
23558,404,167,432,182
23559,45,9,50,11
23560,47,1037,46,994
23561,320,113,355,94
23562,6,42,3,44
23563,40,11,34,15
23564,19,295,20,255
23565,119,284,133,347
23566,6,21,5,21
23567,21,296,21,288
23568,856,386,841,393
23569,5,91,7,90
23570,105,25,101,22
23571,112,546,98,543
23575,1,2,1,0
23580,36,2,29,0
23584,4,1,3,2
23586,10,1,16,1
23587,70,3,68,5
23589,120,4,125,4
23590,3,0,1,1
23591,10,0,7,4
23592,45,14,48,3
23594,9,0,8,3
23595,35,40,30,21
23596,1,0,2,0
23599,11,1,12,2
23603,8,1,5,0
23604,0,7,0,6
23605,43,1,49,1
23608,39,3,45,7
23612,35,2,37,14
23614,146,23,185,22
23616,42,8,40,6
23617,3,7,4,11
23620,60,14,59,23
23621,8,97,19,133
23622,33,173,38,169
23623,146,406,137,414
23624,8,135,9,170
23625,24,204,28,187
23626,15,95,23,124
23627,9,273,15,297
23628,26,319,31,340
23629,100,461,103,430
23630,20,110,12,93
23631,13,137,16,132
23632,22,84,21,53
23633,123,53,114,27
23634,160,48,143,57
23635,69,36,72,18
23636,83,42,88,31
23637,112,29,124,38
23638,103,45,112,40
23639,166,72,175,70
23640,158,30,146,48
23641,150,54,151,56
23642,128,31,113,36
23643,108,32,129,73
23644,44,19,42,10
23645,98,29,103,29
23646,63,18,69,15
23647,174,1313,162,1391
23648,76,26,79,27
23649,663,291,688,280
23650,76,29,83,30
23651,159,53,163,51
23652,129,47,142,62
23653,93,35,88,26
23654,540,377,514,406
23655,133,120,143,121
23656,138,68,120,56
23657,161,42,140,73
23658,5,111,6,101
23659,3,112,13,116
23660,16,165,12,145
23661,112,228,105,295
23662,39,98,54,101
23663,321,245,397,244
23664,161,118,146,116
23665,141,132,152,181
23666,121,98,113,108
23667,29,294,35,254
23668,24,395,17,368
23669,141,46,135,34
23670,272,177,237,191
23671,204,69,207,63
23672,191,143,183,148
23673,68,26,62,18
23674,55,24,63,25
23675,131,42,125,40
23676,50,33,54,40
23677,58,19,58,19
23678,36,9,47,15
23679,64,278,64,253
23680,52,24,67,24
23681,88,51,72,35
23682,94,18,96,22
23683,52,26,56,46
23684,43,9,33,7
23685,45,15,52,12
23686,224,81,242,66
23687,131,30,161,27
23689,179,28,160,31
23690,361,65,371,58
23693,126,40,119,41
23694,17,4,18,1
23695,93,52,94,57
23697,67,18,69,18
23698,10,29,12,32
23699,6,68,17,85
23700,604,503,572,544
23701,419,69,417,73
23702,80,1064,86,1082
23703,46,234,49,220
23704,11,32,3,14
23705,8,1878,7,1825
23706,2,4,3,4
23707,39,10,37,6
23708,4,1033,6,982
23711,87,13,86,15
23712,338,31,349,43
23714,437,218,455,179
23715,27,13,16,13
23716,1,1207,2,1203
23718,4,3,4,2
23719,22,4,21,2
23720,294,52,287,74
23721,300,37,304,54
23722,42,15,55,14
23724,56,3,46,10
23725,34,13,32,17
23726,94,24,92,29
23727,26,4,21,5
23728,737,83,789,104
23729,13,26,8,12
23730,2,2,3,3
23731,62,12,66,13
23732,143,39,178,27
23733,83,16,92,11
23734,220,163,225,199
23735,196,29,194,27
23737,4,5,5,2
23739,326,41,301,40
23740,317,40,293,49
23741,179,88,170,76
23743,61,12,52,11
23744,134,32,160,27
23745,169,83,169,88
23746,385,104,379,79
23747,118,19,102,14
23749,102,582,114,600
23751,256,43,245,35
23753,64,836,55,782
23754,53,1243,44,1285
23755,0,86,0,92
23756,555,669,571,677
23757,74,258,61,275
23758,84,31,94,20
23759,155,78,170,62
23763,344,64,338,82
23764,47,13,61,6
23766,87,30,91,30
23769,216,35,221,35
23770,188,41,212,49
23771,23,4,30,3
23772,1,23,1,19
23773,1071,164,1093,164
23774,238,49,258,54
23775,282,60,285,48
23777,158,33,168,49
23778,197,81,179,63
23780,92,15,82,11
23784,5,0,3,3
23785,62,7,64,11
23786,67,14,74,20
23787,17,22,22,24
23789,107,29,107,37
23790,417,72,408,71
23791,237,24,227,34
23792,32,6,31,8
23795,64,15,68,13
23796,91,11,65,11
23797,62,12,55,23
23798,28,9,30,7
23799,33,12,34,2
23801,148,51,142,59
23802,191,57,189,57
23803,31,28,33,28
23804,62,19,58,19
23805,31,7,28,2
23806,0,39,0,35
23807,191,43,184,31
23808,6,3,6,2
23810,142,15,134,24
23811,108,28,102,25
23812,78,1466,90,1415
23813,250,47,256,64
23814,236,46,269,34
23815,349,53,337,69
23816,24,8,22,1
23817,243,41,224,49
23818,2,6,4,4
23819,138,18,136,31
23820,91,24,97,16
23821,38,39,38,41
23822,204,1361,202,1322
23823,68,14,59,17
23824,169,74,174,72
23825,360,73,363,73
23826,32,27,27,24
23827,60,89,47,84
23829,1308,379,1266,373
23830,1178,2737,1183,2748
23831,6,12,2,13
23832,205,47,235,46
23833,1075,216,1100,198
23835,516,98,495,92
23836,5,2538,6,2561
23837,329,60,318,54
23838,97,46,92,44
23839,90,36,106,45
23840,94,27,92,36
23842,0,26,3,18
23843,205,61,193,53
23845,72,332,75,376
23846,233,44,211,36
23847,342,144,335,119
23848,929,204,928,206
23849,485,481,470,338
23850,19,9,26,7
23851,348,96,322,78
23852,130,45,112,36
23853,638,138,649,127
23855,833,116,868,110
23856,148,31,149,38
23858,166,45,166,56
23859,1195,212,1153,342
23860,49,903,36,897
23861,1221,347,1252,327
23862,410,54,421,63
23863,138,36,134,50
23864,12,162,12,188
23865,71,13,65,12
23866,21,248,23,268
23867,366,102,366,96
23868,567,80,576,64
23870,100,25,115,17
23871,433,70,414,64
23872,12,2284,30,2254
23873,37,6,35,3
23874,379,54,361,59
23875,590,141,618,139
23876,261,684,305,712
23877,720,176,741,146
23878,607,135,626,131
23879,29,6,20,7
23880,37,8,32,4
23881,239,71,223,79
23882,135,76,127,72
23883,179,4084,164,4128
23884,96,1331,87,1324
23885,89,16,82,18
23886,37,16,48,20
23887,18,105,25,114
23888,192,31,161,38
23889,251,90,265,89
23890,395,72,397,67
23891,167,41,160,30
23892,27,86,25,75
23893,46,8,59,12
23894,100,25,94,39
23895,115,44,129,37
23896,435,69,420,67
23897,366,100,402,85
23898,79,47,68,40
23899,70,16,62,17
23900,338,62,339,70
23902,7,24,5,15
23904,129,20,127,39
23905,575,63,584,78
23909,61,39,61,54
23910,188,47,160,44
23911,135,188,114,133
23912,170,27,178,31
23913,107,39,105,20
23914,627,114,688,102
23915,100,28,103,16
23916,844,301,842,288
23917,833,226,823,200
23918,95,31,97,42
23919,339,136,351,143
23920,140,53,137,46
23921,261,39,273,99
23922,113,33,92,40
23923,173,44,155,40
23924,326,64,310,61
23925,231,100,255,99
23926,63,1619,65,1579
23927,585,137,624,118
23928,5,109,10,106
23930,9,49,10,39
23934,150,1651,155,1556
23936,303,62,313,51
23937,64,9,55,22
23938,102,1714,81,1553
23939,64,12,77,20
23940,128,23,121,16
23942,27,8,30,12
23943,20,6,26,8
23944,144,29,123,23
23946,93,17,106,20
23947,62,68,54,85
23948,31,8,35,9
23949,119,972,116,994
23950,170,576,163,563
23951,1152,308,1073,290
23952,621,169,611,203
23953,167,27,181,36
23954,338,56,344,54
23955,290,41,310,57
23956,23,93,20,105
23957,338,47,338,42
23958,1,11,0,7
23959,296,37,301,52
23960,213,44,227,52
23961,38,202,37,195
23962,1,6,2,9
23963,55,271,67,303
23964,18,49,11,36
23966,10,128,9,134
23967,45,808,32,861
23968,705,120,676,114
23969,1520,220,1565,243
23971,200,58,220,66
23972,38,14,31,13
23973,190,62,168,39
23974,920,119,870,145
23975,364,71,363,64
23976,65,19,53,6
23977,99,22,85,19
23978,64,49,69,42
23979,258,183,238,170
23980,148,37,155,46
23981,174,60,167,43
23982,82,17,78,30
23984,0,48,0,49
23985,42,4,40,2
23986,181,29,185,43
23987,27,9,28,9
23988,228,55,232,65
23989,6,4,7,2
23990,63,15,57,11
23991,78,12,74,16
23993,8,31,7,25
23996,0,14,2,9
23997,107,1005,102,1014
23998,89,328,81,349
23999,19,354,32,321
24001,155,553,139,560
24002,42,137,44,163
24005,76,17,69,17
24006,10,2,8,1
24007,49,10,60,7
24010,68,899,68,843
24011,118,525,108,536
24012,47,15,46,16
24013,312,51,306,62
24014,64,16,96,5
24015,96,44,104,40
24016,221,41,211,33
24017,26,141,27,150
24018,9,7,8,5
24019,0,956,1,895
24020,125,24,115,18
24021,62,14,71,9
24022,117,21,111,18
24023,88,14,87,19
24024,989,645,1028,680
24025,94,15,95,19
24026,43,7,49,9
24027,163,18,135,21
24028,65,6,67,7
24029,139,28,157,15
24030,68,29,76,40
24031,61,66,57,81
24033,101,15,94,19
24034,317,53,353,54
24036,3,31,2,34
24037,40,29,38,27
24038,30,26,36,29
24039,27,11,31,12
24040,5,29,3,30
24041,64,19,49,17
24042,310,107,327,131
24043,798,146,812,149
24044,253,34,246,55
24045,29,8,34,11
24046,340,474,316,449
24047,43,41,49,53
24048,79,18,78,14
24049,27,28,32,42
24050,54,24,43,20
24051,3,1,4,0
24055,120,13,115,14
24056,2,4,0,4
24057,3,0,4,2
24058,5,2,9,0
24060,4,1,10,3
24061,40,16,40,6
24062,13,2,10,3
24063,44,4,31,0
24065,200,36,189,46
24066,4,11,5,13
24068,1372,5930,1354,6065
24069,83,27,89,16
24070,268,107,277,80
24071,189,47,178,32
24072,57,7,46,12
24074,379,85,342,91
24075,74,11,94,17
24076,135,19,102,18
24077,49,8,71,3
24078,18,8,16,2
24079,164,40,153,43
24080,66,10,79,6
24081,31,11,41,24
24082,32,11,45,12
24083,233,91,216,85
24084,224,75,200,66
24088,36,348,37,353
24091,16,155,17,140
24094,9,32,6,28
24095,67,10,67,11
24098,218,58,236,46
24099,48,23,57,24
24100,57,2,49,5
24101,7,38,4,26
24102,18,184,14,181
24103,76,18,70,10
24104,54,15,52,20
24106,1265,128,1241,145
24110,0,3,0,0
24117,40,23,35,12
24118,53,777,64,821
24119,0,3,0,2
24122,38,12,56,15
24123,112,9,115,15
24124,65,10,63,12
24125,91,259,96,279
24126,465,2247,481,2235
24128,65,33,70,20
24129,103,38,124,28
24130,344,92,368,92
24131,92,566,77,513
24132,47,378,60,418
24133,162,42,167,53
24137,65,23,58,22
24138,369,67,396,89
24139,75,63,88,52
24140,223,74,213,64
24141,53,14,49,23
24143,99,27,86,23
24144,97,20,104,17
24145,1182,394,1158,388
24146,1,5,1,3
24147,1343,826,1297,800
24148,2,4,3,6
24149,94,11,97,8
24150,48,8,55,9
24151,130,28,134,28
24153,244,111,226,109
24154,597,195,589,164
24155,553,138,581,138
24156,637,110,641,110
24157,89,24,89,26
24158,49,10,60,28
24159,719,170,698,177
24160,423,112,426,123
24161,482,99,484,110
24162,263,73,272,71
24163,196,96,183,127
24164,699,95,714,118
24165,222,80,238,77
24166,84,18,61,38
24167,45,332,37,295
24168,23,7,31,11
24169,192,46,201,50
24170,248,43,265,50
24171,47,10,66,7
24172,188,35,205,34
24173,20,1,20,3
24174,65,21,81,8
24175,30,6,29,7
24176,717,145,762,120
24177,51,24,45,14
24178,262,59,257,51
24179,64,17,57,8
24180,193,30,186,38
24181,126,30,150,22
24183,370,70,357,43
24184,56,14,55,10
24185,51,12,61,6
24187,33,9,43,14
24188,10,7,12,4
24189,46,10,58,10
24190,89,19,91,11
24191,117,32,120,16
24193,157,21,138,28
24194,689,221,708,249
24195,370,106,388,107
24196,822,3449,754,3350
24197,28,399,41,346
24198,95,17,89,18
24199,102,22,110,13
24201,90,4,82,17
24202,47,3,48,2
24204,85,13,81,15
24205,86,23,86,23
24206,100,26,97,33
24207,57,31,65,35
24208,17,7,21,6
24209,243,41,220,57
24210,2109,603,2095,601
24211,127,26,147,47
24212,249,46,264,80
24213,13,137,16,124
24214,35,333,40,322
24215,27,13,26,16
24216,56,14,55,13
24217,9,3,6,2
24218,7,3,8,0
24219,154,34,132,30
24220,95,29,90,36
24221,254,70,267,75
24224,151,61,159,41
24225,205,41,208,35
24226,298,43,297,55
24227,1491,473,1544,445
24228,680,97,642,154
24229,338,113,341,120
24230,32,44,49,39
24231,695,202,673,218
24232,75,24,78,25
24233,274,65,301,50
24234,135,27,144,38
24235,86,19,75,18
24236,59,21,67,23
24238,9,87,7,80
24240,18,2,13,1
24241,16,1,17,2
24247,82,21,106,13
24248,59,7,46,10
24249,145,40,136,32
24257,9,6,13,1
24261,384,84,384,87
24262,18,10,16,6
24264,1,1,3,0
24268,98,29,108,40
24271,33,812,42,833
24273,38,1596,32,1544
24274,166,54,181,66
24275,259,42,238,45
24276,106,25,90,25
24277,7,1488,4,1500
24278,91,9,100,15
24279,261,44,225,47
24280,1163,229,1124,222
24281,66,21,58,13
24282,3,0,9,3
24283,10,4,9,1
24284,8,199,17,197
24285,30,8,34,9
24286,14,0,13,0
24290,632,47,695,67
24291,3365,334,3479,330
24292,539,49,595,55
24293,299,58,259,55
24294,112,22,115,28
24295,217,22,182,28
24297,340,96,317,91
24298,631,151,621,161
24299,43,18,59,15
24300,4,40,4,41
24301,19,76,14,72
24302,123,25,113,31
24303,2,40,4,49
24304,1,52,1,46
24305,519,111,505,105
24307,83,11,66,15
24308,49,2,37,8
24309,124,36,137,34
24310,138,26,132,35
24311,190,47,212,41
24312,89,23,83,33
24313,67,10,52,17
24314,66,96,72,69
24316,770,126,700,157
24317,8,3,8,1
24318,216,42,232,28
24321,108,49,99,21
24322,73,14203,84,14327
24323,5,1684,8,1637
24325,0,6,0,8
24327,0,564,0,580
24328,4,19,3,17
24329,37,75,42,75
24330,87,208,102,237
24331,4004,23894,4070,23729
24333,2863,22910,2840,23182
