TAZ,origins_eet,destinations_eet,origins_mc,destinations_mc
13.0,6078,1729,6120,1761
14.0,2746,3397,2751,3255
15.0,6187,2864,6163,2805
16.0,123,1004,127,997
17.0,16053,12557,15941,12457
18.0,859,633,904,620
19.0,232,380,245,333
20.0,824,237,806,227
21.0,523,700,472,668
22.0,322,496,329,554
23.0,63,322,58,326
24.0,171,299,179,327
25.0,455,439,452,392
26.0,1150,136,1146,140
27.0,498,285,489,314
28.0,362,1315,361,1244
29.0,517,953,548,990
30.0,335,342,313,345
31.0,488,373,444,352
32.0,471,236,431,226
33.0,205,1056,201,1128
34.0,1,3,2,2
35.0,413,484,390,486
36.0,372,691,412,737
37.0,1766,298,1810,270
38.0,146,1743,146,1671
39.0,443,332,395,313
40.0,642,258,664,306
41.0,563,212,528,232
42.0,22439,15368,22238,15422
43.0,591,188,642,220
44.0,703,468,646,478
45.0,2507,1547,2546,1512
46.0,399,109,378,125
47.0,934,146,926,187
48.0,1887,2898,1893,2909
49.0,521,343,510,357
50.0,351,685,357,688
51.0,143,146,143,143
52.0,468,1459,522,1393
53.0,381,654,361,623
54.0,1328,333,1372,344
55.0,2077,416,2049,445
56.0,103,1594,79,1573
57.0,202,213,220,268
58.0,478,142,439,135
59.0,1212,793,1197,813
60.0,231,91,219,77
61.0,659,284,647,261
62.0,1016,283,1061,270
63.0,566,829,554,800
64.0,1003,865,1046,978
65.0,732,206,731,181
66.0,445,2354,444,2318
67.0,1640,438,1607,461
68.0,438,127,441,97
69.0,520,111,478,114
70.0,661,1105,685,1017
71.0,822,89,841,102
72.0,601,96,615,100
73.0,1457,800,1488,816
74.0,715,166,755,161
75.0,96,1771,108,1768
76.0,1631,1412,1593,1287
77.0,445,223,439,204
78.0,876,2050,864,2165
79.0,708,565,760,552
80.0,737,1503,711,1560
81.0,503,2171,422,2006
82.0,382,661,424,706
83.0,212,163,216,202
84.0,2332,546,2327,473
85.0,261,684,305,712
86.0,453,846,461,820
87.0,97,127,108,113
88.0,304,1394,294,1377
89.0,95,548,118,513
90.0,1212,274,1267,285
91.0,476,1394,493,1447
92.0,249,1264,244,1282
93.0,539,74,548,102
94.0,1250,499,1149,451
95.0,1408,519,1356,481
96.0,1117,1068,1102,1111
97.0,590,1099,527,1036
98.0,946,388,881,312
100.0,225,1922,258,1849
101.0,3265,890,3336,882
102.0,629,1751,639,1744
103.0,462,972,456,971
104.0,1217,382,1270,339
105.0,908,507,976,554
107.0,146,824,150,868
108.0,335,636,316,554
109.0,836,1153,845,1247
110.0,433,631,397,609
111.0,593,4157,614,4208
112.0,763,234,759,233
113.0,190,744,189,645
114.0,1898,557,1971,614
115.0,600,99,554,104
116.0,1702,399,1696,418
117.0,1127,484,1110,439
118.0,636,182,659,183
119.0,215,733,209,721
120.0,460,265,436,245
121.0,1744,1713,1707,1727
123.0,72,332,75,376
124.0,213,793,206,721
125.0,630,185,623,211
126.0,52,6,72,8
127.0,507,130,490,137
128.0,1337,324,1296,375
129.0,1134,276,1155,297
130.0,670,365,643,359
131.0,486,112,470,116
132.0,1421,379,1413,387
133.0,569,161,563,157
134.0,387,1423,370,1414
135.0,2164,693,2202,657
136.0,39,197,24,205
137.0,1018,283,1019,238
138.0,100,582,94,531
139.0,1452,2005,1502,1958
140.0,291,3078,334,3058
141.0,913,1483,943,1473
142.0,618,225,619,218
143.0,614,163,627,172
144.0,8,63,8,66
145.0,12,162,12,188
146.0,438,8212,410,8304
147.0,665,95,691,102
148.0,1248,785,1244,811
149.0,1799,348,1800,331
150.0,2668,931,2635,1087
152.0,436,3309,441,3354
153.0,3360,3076,3499,3014
154.0,642,4261,627,4215
155.0,7037,3117,6994,3161
156.0,656,3596,613,3624
157.0,1626,519,1607,537
158.0,495,2802,528,2788
159.0,137,1053,139,1064
160.0,2807,882,2752,942
161.0,15,63,17,50
162.0,404,1903,360,1831
163.0,316,61,282,52
164.0,1985,696,2054,736
165.0,1620,415,1637,378
166.0,273,5983,263,6036
167.0,1450,393,1429,390
168.0,290,3115,291,3068
169.0,983,253,970,276
170.0,1958,603,1953,610
172.0,47,1037,46,994
173.0,107,563,126,602
174.0,1501,358,1530,374
175.0,234,980,249,1182
176.0,1502,472,1588,500
177.0,273,120,262,106
178.0,307,6801,287,6897
179.0,799,127,832,138
180.0,1816,338,1828,328
181.0,4185,4183,4086,4176
182.0,800,152,857,170
183.0,880,234,885,265
184.0,152,2977,169,3033
185.0,296,37,301,52
186.0,8,24,8,19
187.0,390,1378,401,1368
188.0,1262,326,1306,304
189.0,1221,254,1223,245
190.0,1089,925,1141,937
191.0,1758,1185,1731,1194
192.0,11,211,13,223
193.0,1269,254,1264,256
194.0,893,458,920,463
195.0,1106,1019,1155,1062
196.0,18,49,11,36
197.0,8058,3891,7912,3820
198.0,940,3627,906,3622
199.0,1795,432,1837,478
200.0,987,335,1023,318
201.0,2076,625,2002,611
202.0,1152,308,1073,290
203.0,702,299,670,310
204.0,7,35,6,34
205.0,1178,374,1153,347
206.0,621,169,611,203
207.0,59,624,62,676
208.0,1157,261,1152,249
209.0,103,1412,128,1438
210.0,1301,253,1268,229
211.0,1425,345,1429,344
212.0,1187,1382,1217,1422
213.0,1534,423,1546,407
214.0,952,238,941,226
215.0,2183,3139,2159,3101
216.0,170,576,163,563
217.0,2150,1692,2234,1709
218.0,848,528,824,485
219.0,721,390,790,420
220.0,1274,541,1317,544
221.0,795,124,835,147
222.0,3,37,1,34
223.0,182,801,180,834
224.0,402,3089,381,2902
225.0,591,342,598,324
226.0,906,196,913,194
227.0,62,244,70,257
228.0,45,311,59,288
229.0,1771,380,1798,394
230.0,1053,614,1088,690
231.0,1037,5326,1086,5181
232.0,1367,314,1338,287
233.0,2910,1004,2945,1112
234.0,1314,318,1333,308
235.0,1545,413,1580,419
236.0,119,972,116,994
237.0,2875,821,2815,814
238.0,2633,556,2595,528
239.0,888,897,939,980
240.0,1843,685,1804,623
241.0,5937,3668,5742,3772
242.0,2349,482,2372,479
243.0,1591,2211,1604,2306
244.0,19,354,32,321
245.0,808,249,792,247
246.0,195,3212,189,3124
247.0,989,270,932,251
248.0,3705,1013,3725,958
249.0,1457,304,1472,329
250.0,2314,2291,2448,2205
251.0,2095,359,2071,374
252.0,1428,1058,1430,1044
253.0,1309,648,1287,645
254.0,634,195,648,176
255.0,751,153,741,149
256.0,3425,501,3389,547
257.0,62,408,76,463
258.0,2234,1116,2233,1116
259.0,1577,280,1505,284
260.0,1611,687,1560,655
261.0,642,412,597,373
262.0,1420,1295,1433,1265
263.0,130,1556,111,1558
264.0,595,751,606,718
265.0,15,622,19,593
266.0,2840,2793,2849,2760
267.0,259,5128,247,5038
268.0,3915,1023,3929,1122
269.0,61,825,92,900
270.0,843,279,885,277
271.0,584,336,608,338
272.0,1655,495,1678,480
273.0,148,3028,148,3114
274.0,204,201,183,152
275.0,865,241,853,250
276.0,2545,884,2635,968
277.0,857,335,846,297
278.0,382,2247,416,2373
279.0,163,584,146,585
280.0,119,887,125,847
281.0,359,733,345,814
282.0,2047,472,2027,503
283.0,414,93,450,110
284.0,1236,284,1214,270
285.0,114,2057,103,2031
286.0,383,394,395,372
287.0,1129,257,1117,253
288.0,19,477,14,496
289.0,683,1177,680,1223
290.0,1885,508,1925,516
291.0,419,161,432,167
292.0,221,4571,215,4563
293.0,1705,495,1756,517
294.0,331,1486,336,1473
295.0,1034,267,1044,284
296.0,107,1005,102,1014
297.0,2432,549,2399,558
298.0,1905,426,1933,442
299.0,1394,5255,1498,5475
300.0,176,4248,170,4320
301.0,805,172,858,184
302.0,874,198,876,188
303.0,736,392,722,400
304.0,228,1069,246,1049
305.0,1121,431,1148,421
306.0,959,1896,974,1914
307.0,410,150,448,133
308.0,1174,222,1165,203
309.0,146,617,152,674
310.0,437,190,414,151
311.0,401,441,397,429
312.0,1166,356,1066,354
313.0,1437,2699,1441,2751
314.0,1307,377,1332,355
315.0,23,123,22,103
316.0,794,248,833,215
317.0,1004,1433,1040,1439
318.0,2620,704,2563,756
319.0,341,1281,337,1228
320.0,2450,1564,2373,1513
321.0,1177,2726,1173,2652
322.0,4997,1991,5107,2104
323.0,666,1005,704,1078
324.0,90,1572,71,1633
325.0,549,231,516,307
326.0,390,1717,374,1693
327.0,196,1558,211,1606
328.0,261,64,304,89
329.0,344,94,376,75
330.0,324,1707,348,1694
331.0,2479,798,2433,658
332.0,117,1222,111,1206
333.0,1065,378,1059,445
334.0,282,244,285,229
335.0,6,13,5,14
336.0,453,1830,447,1784
337.0,939,653,949,649
338.0,151,626,111,592
339.0,1222,489,1244,455
340.0,389,1975,427,2004
341.0,566,254,525,245
342.0,567,161,582,137
343.0,1288,810,1295,806
344.0,810,212,763,221
345.0,1123,315,1154,303
346.0,1520,3727,1507,3638
347.0,456,251,447,251
348.0,895,640,891,715
349.0,14,107,7,107
350.0,1592,2108,1623,2062
351.0,1906,639,1814,620
352.0,388,1348,373,1285
353.0,2,4,3,6
354.0,844,357,838,393
355.0,832,220,826,264
356.0,609,635,600,654
357.0,1291,422,1346,526
358.0,2251,507,2281,472
359.0,107,1246,119,1191
360.0,395,102,374,105
361.0,404,111,419,111
362.0,394,225,381,199
363.0,1306,685,1278,635
364.0,52,940,57,993
365.0,121,1478,121,1581
366.0,1552,554,1522,533
367.0,843,305,878,317
368.0,738,188,697,172
369.0,204,56,182,45
370.0,471,107,453,113
371.0,728,319,721,339
372.0,1194,698,1166,612
373.0,856,233,823,232
374.0,861,315,904,311
375.0,317,89,300,84
376.0,13,73,19,57
377.0,395,78,405,77
378.0,400,946,433,956
379.0,170,955,150,958
380.0,137,1603,120,1569
381.0,319,95,337,112
382.0,2580,661,2506,632
383.0,978,3575,922,3518
384.0,126,37,147,37
385.0,1233,257,1257,279
386.0,791,1581,803,1525
387.0,5,1627,6,1589
388.0,2771,1017,2682,995
389.0,893,3837,907,3894
390.0,263,235,227,237
391.0,99,357,96,383
392.0,785,1071,755,1017
393.0,226,779,218,778
394.0,788,347,830,387
395.0,184,855,196,882
396.0,1139,761,1176,785
397.0,56,20,60,13
398.0,517,174,568,173
399.0,620,101,636,94
400.0,700,1019,689,1023
401.0,506,106,537,122
402.0,400,1739,381,1738
403.0,325,193,322,186
404.0,593,538,609,561
405.0,174,75,180,81
406.0,380,984,377,980
407.0,90,1141,68,1072
408.0,2448,2289,2340,2422
409.0,805,250,813,244
410.0,77,927,71,905
411.0,41,1398,29,1432
412.0,1812,468,1837,514
413.0,106,893,102,836
414.0,1697,310,1711,316
415.0,37,52,44,50
416.0,30,2409,22,2398
417.0,221,44,187,56
418.0,1403,376,1368,394
419.0,2120,839,2085,919
420.0,241,1251,232,1271
421.0,1185,2179,1166,2262
422.0,771,870,752,861
423.0,494,465,473,473
424.0,856,235,816,250
425.0,1192,6014,1215,5926
426.0,2972,493,3007,490
427.0,184,422,159,428
428.0,1057,281,1080,272
429.0,1576,665,1556,652
430.0,179,1306,175,1234
431.0,619,2124,523,2021
432.0,934,281,970,293
433.0,216,121,219,146
434.0,757,1688,771,1703
435.0,548,349,571,289
436.0,2090,786,2147,796
437.0,1096,3006,1089,3024
438.0,227,58,224,58
439.0,677,271,710,281
440.0,175,944,189,997
441.0,576,148,581,105
442.0,235,1264,267,1248
443.0,88,910,107,900
444.0,80,43,80,46
445.0,57,15,41,17
446.0,1557,747,1448,701
447.0,44,1114,32,1107
448.0,508,1537,519,1472
449.0,955,515,942,525
450.0,846,267,863,319
451.0,2352,896,2435,932
452.0,267,1753,270,1750
453.0,1399,603,1432,552
454.0,952,318,933,322
455.0,386,38,373,46
456.0,768,659,764,644
457.0,307,55,293,52
458.0,1461,461,1491,502
459.0,995,206,1036,199
460.0,816,3122,842,3060
461.0,454,1955,437,1915
462.0,95,1298,116,1287
463.0,2003,595,2007,572
464.0,651,191,655,193
465.0,297,956,316,995
466.0,142,24,151,26
467.0,417,129,460,112
468.0,547,3692,564,3703
469.0,1085,550,1052,577
470.0,436,59,425,72
471.0,1048,238,1095,214
472.0,6,37,2,35
473.0,2507,1060,2422,1025
474.0,1358,1235,1412,1267
475.0,558,144,557,125
476.0,304,627,265,559
477.0,533,750,544,746
478.0,277,70,271,54
479.0,1346,292,1375,302
480.0,1573,419,1608,429
481.0,280,108,277,84
482.0,705,802,715,877
483.0,110,2142,129,2210
484.0,428,109,404,104
485.0,118,979,107,1059
486.0,304,987,308,952
487.0,1532,357,1476,396
488.0,547,372,548,375
489.0,208,93,203,82
490.0,1292,369,1333,347
491.0,1417,316,1460,369
492.0,202,145,185,167
493.0,2234,594,2384,659
494.0,726,567,778,563
495.0,359,435,417,463
496.0,89,377,93,351
497.0,1311,205,1310,211
498.0,824,141,769,142
499.0,264,339,251,369
500.0,152,4245,173,4300
501.0,506,4337,507,4428
502.0,1281,489,1278,484
503.0,66,1458,54,1505
504.0,2423,2448,2420,2301
505.0,737,181,695,164
506.0,1004,815,1004,872
507.0,1687,633,1738,638
508.0,1163,1290,1177,1292
509.0,2572,943,2491,910
510.0,774,233,710,245
511.0,1274,351,1170,375
512.0,3323,877,3393,884
513.0,175,919,180,981
514.0,30,1398,23,1408
515.0,275,413,262,439
516.0,152,633,177,684
517.0,714,212,745,225
518.0,131,1285,150,1352
519.0,310,49,312,46
520.0,81,1209,99,1175
521.0,850,568,799,596
522.0,438,323,438,342
523.0,285,152,266,142
524.0,95,59,112,49
525.0,1794,1144,1773,1087
526.0,432,144,444,122
527.0,6,1,7,0
528.0,351,2089,399,1951
529.0,787,364,772,349
530.0,1312,1444,1331,1492
531.0,794,319,795,310
532.0,1890,2680,1793,2810
533.0,728,765,655,690
534.0,667,143,706,121
535.0,227,3747,196,3684
536.0,1704,1446,1644,1425
537.0,634,198,659,210
538.0,550,162,538,119
539.0,181,1460,160,1489
540.0,46,839,64,883
541.0,825,610,804,633
542.0,135,1058,131,1075
543.0,185,25,188,38
544.0,166,78,151,63
545.0,865,511,893,509
546.0,654,1139,632,1114
547.0,218,79,207,66
548.0,98,1383,90,1309
549.0,2263,1150,2337,1174
550.0,330,463,358,441
551.0,492,392,453,388
552.0,395,3110,411,3175
553.0,354,76,320,57
554.0,486,114,478,110
555.0,970,181,923,148
556.0,205,231,198,257
557.0,908,163,845,165
558.0,1494,1334,1488,1350
559.0,306,1612,336,1604
560.0,451,185,448,162
561.0,944,740,991,735
562.0,1226,678,1197,621
563.0,488,161,477,159
564.0,1511,901,1526,846
565.0,1179,397,1245,458
566.0,73,329,63,327
567.0,632,1239,696,1244
568.0,127,37,126,29
569.0,69,1165,85,1172
570.0,1406,1486,1401,1487
571.0,120,2168,113,2308
572.0,1022,331,955,294
573.0,395,104,363,88
574.0,3477,3520,3546,3541
575.0,1678,1850,1666,1824
576.0,642,743,632,806
577.0,2214,3654,2178,3575
578.0,283,56,294,53
579.0,122,243,117,229
580.0,1020,187,938,194
581.0,1679,763,1735,831
582.0,76,729,102,756
583.0,681,234,703,256
584.0,597,155,602,167
585.0,289,1284,284,1312
586.0,229,887,213,892
587.0,1338,380,1345,358
588.0,574,141,540,174
589.0,476,206,470,213
590.0,289,52,256,66
591.0,4630,2528,4690,2569
592.0,788,396,806,478
593.0,640,2118,591,2087
594.0,184,52,209,59
595.0,1883,471,1875,548
596.0,511,123,539,116
597.0,841,190,870,179
598.0,295,256,318,296
599.0,1172,938,1175,950
600.0,648,1320,640,1327
601.0,689,185,716,164
602.0,281,1191,358,1335
603.0,692,374,700,404
604.0,669,114,624,119
605.0,1047,2360,1132,2305
606.0,576,281,560,310
607.0,58,654,70,701
608.0,597,366,610,311
609.0,43,4651,35,4453
610.0,588,466,601,477
611.0,337,442,346,443
612.0,588,1276,595,1295
613.0,481,168,478,164
614.0,774,387,757,372
615.0,294,112,302,126
616.0,86,1049,88,1146
617.0,960,841,971,845
618.0,1008,449,1025,472
619.0,262,70,252,61
620.0,3020,889,3001,847
621.0,2836,3162,2822,3198
622.0,1573,589,1612,606
623.0,1277,1457,1337,1503
624.0,2083,492,2069,497
625.0,381,103,365,98
626.0,1443,1124,1460,1135
628.0,225,87,227,95
629.0,1108,467,1091,550
630.0,1884,506,1828,473
631.0,103,154,113,176
632.0,37,131,41,124
633.0,419,494,430,462
634.0,752,170,753,184
635.0,144,494,115,488
636.0,536,1026,533,1009
637.0,291,347,301,376
638.0,549,164,548,167
639.0,232,85,257,88
640.0,2318,642,2357,738
641.0,432,122,384,109
642.0,3740,1046,3809,1028
643.0,488,118,447,123
644.0,2758,689,2758,635
645.0,562,949,570,976
646.0,145,46,135,52
648.0,1936,424,1834,504
649.0,867,3379,924,3297
650.0,845,240,886,229
651.0,513,222,546,215
652.0,1652,1770,1645,1736
653.0,346,176,312,160
654.0,602,328,614,353
655.0,673,780,611,846
656.0,284,125,273,84
657.0,1276,496,1376,571
658.0,4,139,3,131
659.0,2148,387,2177,373
661.0,610,2401,647,2530
662.0,40,80,54,63
663.0,478,188,458,189
664.0,1863,1335,1846,1347
665.0,998,5385,964,5373
666.0,196,180,189,183
667.0,169,2921,158,2918
668.0,3079,615,3035,654
669.0,1744,518,1746,574
670.0,284,1040,293,952
671.0,1576,388,1534,360
672.0,522,252,559,229
673.0,142,68,137,62
674.0,1349,243,1321,268
675.0,1030,258,1014,246
676.0,236,62,229,58
677.0,1366,786,1345,699
678.0,1507,365,1580,365
679.0,843,167,827,183
680.0,271,1115,325,1154
681.0,602,200,610,198
682.0,43,643,39,691
683.0,580,281,628,266
684.0,297,193,302,247
685.0,239,85,278,77
686.0,2333,833,2327,864
687.0,244,54,272,52
688.0,788,1811,792,1909
689.0,1231,271,1223,260
690.0,206,3118,235,3329
691.0,754,512,748,510
692.0,772,213,787,187
693.0,2407,3921,2308,4032
694.0,6,37,14,33
695.0,0,223,0,215
696.0,428,106,451,100
697.0,2533,1760,2461,1692
698.0,2184,1781,2174,1805
699.0,1067,190,1094,179
700.0,200,1639,228,1647
701.0,199,72,196,60
702.0,680,198,717,182
703.0,237,1097,205,1033
704.0,68,296,72,311
705.0,447,120,468,173
706.0,598,596,577,563
707.0,590,719,582,729
708.0,58,1189,56,1214
709.0,59,131,53,142
710.0,975,180,925,199
711.0,214,53,242,55
712.0,47,345,44,332
713.0,334,818,309,829
714.0,722,153,709,143
715.0,625,142,668,160
716.0,190,491,228,527
717.0,435,130,432,130
718.0,540,124,566,127
719.0,4,95,4,119
720.0,326,148,343,145
721.0,2046,432,2036,401
722.0,1526,358,1503,363
723.0,1682,555,1662,590
724.0,322,2185,370,2197
725.0,379,97,353,101
726.0,352,381,357,343
727.0,166,651,172,700
728.0,475,155,469,144
729.0,1460,496,1512,459
730.0,271,206,290,188
731.0,105,928,93,700
732.0,1482,1171,1612,1045
733.0,244,133,243,148
734.0,115,628,106,571
735.0,1985,435,2014,444
736.0,5,1,3,3
737.0,598,512,648,465
738.0,743,175,761,191
739.0,1422,304,1454,294
740.0,130,69,144,68
741.0,825,142,822,190
742.0,82,1924,98,1966
743.0,361,1347,346,1318
744.0,328,296,344,273
745.0,108,17,107,25
746.0,866,338,862,348
747.0,1036,195,987,177
748.0,257,53,250,50
749.0,10,1067,10,1024
750.0,1244,992,1189,939
751.0,1755,921,1714,793
752.0,354,1051,357,1041
753.0,23,421,29,381
754.0,301,792,314,818
755.0,688,1309,685,1311
756.0,957,1985,921,1948
757.0,831,307,859,502
758.0,205,56,204,60
759.0,1742,852,1659,879
760.0,8,102,7,126
761.0,1597,2795,1584,2853
762.0,38,1049,38,1001
763.0,307,578,327,581
764.0,1738,543,1764,531
765.0,1151,440,1173,445
766.0,1222,2897,1218,2888
767.0,1166,254,1238,270
768.0,491,129,508,119
769.0,8,234,7,241
770.0,991,520,1010,544
771.0,1542,370,1617,373
772.0,763,220,780,221
773.0,6,12,2,13
774.0,1218,275,1218,279
775.0,259,4318,265,4388
776.0,935,344,980,311
777.0,183,234,193,244
778.0,1324,569,1250,582
779.0,611,2037,567,2023
780.0,420,142,402,154
781.0,186,376,185,385
782.0,758,267,728,244
783.0,505,109,541,136
784.0,1653,2567,1607,2574
785.0,562,571,571,549
786.0,2447,2601,2493,2639
787.0,564,925,545,954
788.0,474,80,467,99
789.0,1136,1800,1208,1796
790.0,138,2312,121,2327
791.0,228,338,205,544
792.0,1273,1437,1292,1407
793.0,593,137,617,157
794.0,927,287,972,265
795.0,397,105,402,121
796.0,1087,389,1017,403
797.0,571,232,544,243
798.0,49,57,49,51
799.0,659,175,630,270
800.0,231,55,212,37
801.0,278,464,283,511
802.0,212,65,216,55
803.0,454,118,483,130
804.0,326,179,335,178
805.0,3733,2510,3629,2429
806.0,741,115,659,160
807.0,705,194,694,231
808.0,423,615,398,542
809.0,871,127,910,134
810.0,3112,2883,3119,2905
811.0,6258,1687,6280,1691
812.0,667,668,647,640
813.0,21,180,16,183
814.0,1162,298,1112,315
815.0,104,616,100,587
816.0,1179,505,1270,498
817.0,1069,258,1068,265
818.0,1149,245,1192,263
819.0,417,191,462,182
820.0,2000,1022,1872,942
821.0,1174,419,1134,406
822.0,986,362,1068,387
823.0,1173,401,1193,411
824.0,1006,2134,1045,2045
825.0,1854,625,1854,605
826.0,280,290,266,306
827.0,1705,8701,1664,8869
828.0,693,358,684,367
829.0,552,113,548,129
830.0,491,2129,517,2242
831.0,1229,1025,1159,1132
832.0,602,207,617,185
833.0,30,627,39,654
834.0,711,282,746,287
835.0,195,297,225,318
836.0,1570,662,1578,684
837.0,813,192,856,174
838.0,321,1461,392,1505
839.0,668,727,661,629
840.0,1740,1372,1740,1330
841.0,308,1306,291,1293
842.0,617,155,609,160
843.0,945,551,923,567
844.0,445,97,442,111
845.0,1448,458,1407,448
846.0,885,662,888,658
847.0,1554,1982,1520,1947
848.0,4,70,4,61
849.0,588,178,602,161
850.0,333,102,321,92
851.0,885,196,858,185
852.0,569,154,570,140
853.0,83,134,96,150
854.0,1128,2422,1136,2410
855.0,1407,499,1439,501
856.0,916,275,951,239
857.0,1278,1121,1254,1080
858.0,206,921,202,853
859.0,397,1585,389,1567
860.0,498,2046,514,2085
861.0,178,1839,185,1876
862.0,1798,344,1876,376
863.0,163,84,160,88
864.0,945,180,945,156
865.0,850,169,883,157
866.0,965,539,957,539
867.0,64,891,81,904
868.0,495,125,525,123
869.0,2289,643,2282,648
870.0,685,84,654,81
871.0,1054,274,1043,299
872.0,328,1407,328,1343
873.0,304,57,269,56
874.0,928,536,907,522
875.0,407,87,413,97
876.0,277,303,319,344
877.0,210,54,235,48
878.0,1022,388,1059,393
879.0,669,314,700,298
880.0,761,254,778,281
881.0,132,504,122,497
882.0,58,421,54,452
883.0,826,554,801,547
884.0,1995,2067,1977,2061
885.0,1824,696,1869,765
886.0,359,167,377,159
887.0,501,184,502,166
888.0,594,110,634,114
889.0,1526,716,1444,637
890.0,2120,2577,2123,2564
891.0,528,2777,545,2794
892.0,2232,1022,2167,974
893.0,396,80,390,57
894.0,921,225,883,195
895.0,750,468,759,472
896.0,78,252,95,287
897.0,427,209,428,223
898.0,114,2862,97,2896
899.0,218,78,239,87
900.0,1176,459,1117,466
901.0,1013,3036,1045,3231
902.0,424,82,420,71
903.0,17,354,23,345
904.0,480,105,524,185
905.0,930,154,871,151
906.0,386,92,383,94
907.0,3142,729,3192,779
908.0,1011,254,1066,265
909.0,4136,865,4123,1018
910.0,656,349,633,293
911.0,321,63,300,77
912.0,583,2294,582,2208
913.0,663,293,652,275
914.0,985,240,951,241
915.0,0,392,0,416
916.0,2649,542,2743,573
917.0,1855,569,1902,550
918.0,405,164,427,165
919.0,816,172,770,166
920.0,597,168,657,170
921.0,1099,272,1119,291
922.0,0,184,0,208
923.0,48,2053,50,2023
924.0,886,323,819,339
925.0,1624,2376,1585,2372
926.0,922,928,894,869
927.0,161,41,145,32
928.0,595,1626,541,1717
929.0,324,99,380,75
930.0,1787,493,1775,476
931.0,3653,1202,3653,1260
932.0,3189,739,3116,780
933.0,499,1086,543,1069
934.0,94,692,92,807
935.0,2823,2384,2778,2323
936.0,195,85,214,89
937.0,234,2002,218,2065
938.0,1102,2371,1131,2253
939.0,477,2502,465,2462
940.0,1,41,3,40
941.0,1277,404,1230,382
942.0,296,264,275,267
943.0,344,66,319,50
944.0,742,289,708,302
945.0,107,31,103,43
946.0,1421,359,1510,408
947.0,548,143,514,119
948.0,1408,423,1387,426
949.0,472,280,455,260
950.0,2337,826,2209,761
951.0,318,874,316,867
952.0,8710,4900,8890,4806
953.0,287,99,315,81
954.0,269,1145,237,1101
955.0,204,792,211,829
956.0,1189,368,1187,355
957.0,2657,1227,2612,1193
958.0,750,395,754,362
959.0,375,1430,385,1493
960.0,1397,401,1424,372
961.0,376,99,352,97
962.0,351,68,341,71
963.0,559,133,549,158
964.0,39,2,47,10
965.0,407,144,420,139
966.0,2044,4755,1997,4688
967.0,2184,669,2216,673
968.0,166,2312,156,2245
969.0,1485,320,1485,347
970.0,189,3556,183,3461
971.0,198,775,168,702
972.0,444,185,424,167
973.0,339,6121,371,6088
974.0,587,139,580,140
975.0,111,163,107,143
976.0,533,161,521,138
977.0,4,50,0,32
978.0,542,2268,550,2364
979.0,467,671,424,691
980.0,192,1297,169,1297
981.0,1053,2814,1097,2789
982.0,648,336,649,358
983.0,1330,856,1331,871
984.0,395,50,411,62
985.0,1789,935,1815,926
986.0,221,156,206,177
987.0,1426,1491,1436,1436
988.0,2508,1966,2598,2028
989.0,580,144,599,127
990.0,714,218,691,245
991.0,450,374,395,333
992.0,167,49,183,45
993.0,1627,458,1572,440
994.0,184,303,188,315
995.0,376,136,342,111
996.0,197,83,185,59
997.0,212,938,200,985
998.0,86,799,92,792
999.0,691,212,751,258
1000.0,338,2676,337,2773
1001.0,339,104,328,94
1002.0,247,501,261,522
1003.0,363,1762,325,1601
1004.0,1000,358,990,305
1005.0,978,195,1005,231
1006.0,350,779,369,572
1007.0,851,173,819,198
1008.0,2394,884,2355,842
1009.0,3085,2219,3112,2090
1010.0,1566,407,1566,434
1012.0,559,2225,581,2286
1013.0,201,78,230,45
1014.0,27,553,28,571
1015.0,1179,274,1142,290
1016.0,2622,592,2557,567
1017.0,1784,1617,1857,1671
1018.0,547,717,542,700
1019.0,625,158,597,157
1020.0,1183,319,1143,318
1021.0,2,8,0,8
1022.0,320,105,333,114
1023.0,514,118,500,90
1024.0,43,354,42,349
1025.0,1312,512,1332,521
1026.0,1014,212,1026,215
1027.0,698,149,676,149
1028.0,531,135,518,147
1029.0,71,798,68,806
1030.0,1245,487,1194,473
1031.0,2301,543,2213,545
1032.0,1337,427,1372,473
1033.0,400,84,380,86
1034.0,303,556,328,524
1035.0,159,59,177,62
1036.0,36,54,37,60
1037.0,1216,1788,1226,1945
1038.0,1472,224,1472,212
1039.0,3856,1231,3840,1213
1040.0,525,2050,537,2038
1041.0,650,159,645,122
1042.0,320,104,336,116
1043.0,338,74,345,123
1044.0,635,288,622,293
1045.0,1948,638,1956,607
1046.0,846,684,842,655
1047.0,1939,466,1914,399
1048.0,1666,4079,1693,4183
1049.0,1104,2339,1115,2315
1050.0,25,342,31,378
1051.0,1009,122,1021,137
1052.0,448,290,443,285
1053.0,651,120,647,114
1054.0,50,769,31,735
1055.0,1272,357,1293,352
1056.0,524,97,561,118
1057.0,238,2118,222,2099
1058.0,506,162,454,209
1059.0,23,545,28,554
1060.0,591,1515,591,1445
1061.0,582,1315,658,1292
1062.0,350,92,371,103
1063.0,273,928,262,1005
1064.0,930,543,882,527
1065.0,775,184,816,195
1066.0,259,77,281,74
1067.0,3751,2614,3762,2600
1068.0,1098,314,1122,352
1069.0,587,396,525,388
1070.0,411,76,403,109
1071.0,1167,277,1166,277
1072.0,500,3332,459,3222
1074.0,406,91,397,75
1075.0,385,70,375,87
1076.0,1279,3204,1314,3046
1077.0,477,912,475,905
1078.0,1454,482,1429,371
1079.0,6,1285,5,1285
1080.0,426,87,431,105
1081.0,498,130,591,125
1082.0,2796,1696,2834,1612
1083.0,293,219,331,252
1084.0,507,68,517,55
1085.0,217,1779,221,1783
1086.0,1843,348,1761,323
1087.0,212,149,190,145
1088.0,862,272,842,253
1089.0,525,145,501,151
1090.0,90,13,77,27
1091.0,275,338,258,308
1092.0,3193,1286,3187,1131
1093.0,1936,399,1941,403
1094.0,619,193,627,214
1095.0,52,28,57,40
1096.0,257,970,255,1003
1097.0,177,124,182,129
1098.0,236,158,250,194
1099.0,644,116,670,111
1100.0,1361,222,1462,256
1101.0,311,41,282,54
1102.0,571,5149,586,5202
1103.0,2218,481,2140,447
1104.0,1888,448,1946,450
1105.0,49,764,49,708
1106.0,1055,1542,1128,1635
1107.0,1508,360,1496,367
1108.0,1496,279,1499,285
1109.0,5731,3272,5758,3167
1110.0,1179,4288,1174,4189
1111.0,825,203,786,216
1112.0,2119,626,2108,606
1113.0,51,567,51,615
1114.0,419,91,387,92
1115.0,670,506,629,509
1116.0,344,184,345,203
1117.0,1481,860,1451,904
1118.0,0,604,0,552
1119.0,1965,1100,1971,1112
1120.0,114,948,109,989
1121.0,2449,669,2412,651
1122.0,2206,635,2207,652
1123.0,290,209,302,222
1124.0,571,231,530,207
1125.0,2313,728,2290,743
1126.0,860,324,852,294
1127.0,2041,306,2093,341
1128.0,206,46,215,44
1129.0,571,67,572,62
1130.0,481,1043,480,999
1131.0,1436,995,1495,988
1132.0,686,1596,727,1596
1133.0,756,647,741,642
1134.0,1238,324,1206,336
1135.0,1051,247,1067,262
1136.0,800,116,769,146
1137.0,1586,610,1570,632
1138.0,414,1533,376,1415
1139.0,1396,3166,1423,3127
1140.0,597,175,585,163
1141.0,1072,956,1123,999
1142.0,2094,853,2160,849
1143.0,234,493,215,513
1144.0,1073,160,1055,146
1145.0,320,82,333,75
1146.0,2863,1393,2916,1405
1147.0,372,111,386,95
1148.0,753,146,800,134
1149.0,2803,578,2708,570
1150.0,333,91,347,65
1151.0,116,41,114,48
1152.0,397,1402,332,1367
1153.0,7,52,5,54
1154.0,25,116,34,114
1155.0,262,187,290,158
1156.0,1348,799,1295,782
1157.0,706,93,695,95
1158.0,496,76,489,83
1159.0,1039,7936,1029,7868
1160.0,516,1742,503,1658
1161.0,1024,232,984,246
1162.0,552,349,563,328
1163.0,9,95,8,91
1164.0,681,1511,680,1481
1165.0,0,263,4,306
1166.0,47,472,49,431
1167.0,536,89,535,91
1168.0,8,199,17,197
1169.0,319,71,349,59
1170.0,737,951,759,1000
1171.0,1471,258,1425,265
1172.0,202,1176,185,1094
1173.0,435,1845,399,1713
1174.0,113,369,110,397
1175.0,3,11,1,15
1176.0,419,334,409,346
1177.0,763,602,797,708
1178.0,650,195,659,219
1179.0,727,163,751,169
1180.0,4233,2751,4255,2701
1181.0,384,77,394,63
1182.0,150,1032,170,1073
1183.0,236,931,227,908
1184.0,720,499,724,449
1185.0,2312,668,2450,653
1186.0,216,1243,221,1273
1187.0,1471,370,1450,422
1188.0,43,218,63,258
1189.0,177,48,178,56
1190.0,9,1952,16,2031
1191.0,27,255,19,240
1192.0,279,83,290,85
1193.0,826,231,814,239
1194.0,428,93,426,85
1195.0,1931,4623,1872,4550
1196.0,4958,4096,4923,3949
1197.0,247,69,291,81
1199.0,129,968,106,997
1200.0,695,195,757,200
1201.0,519,1919,490,1867
1202.0,1186,1120,1215,1114
1203.0,2780,1638,2756,1754
1204.0,2002,1633,1889,1646
1205.0,176,1378,204,1327
1206.0,1110,1911,1114,1849
1207.0,1326,1776,1242,1665
1208.0,1210,803,1237,886
1209.0,502,107,529,119
1210.0,255,1017,266,1036
1211.0,648,1521,657,1508
1212.0,1251,862,1241,863
1213.0,413,124,384,110
1214.0,2225,2792,2306,2701
1215.0,143,45,129,62
1216.0,356,54,321,68
1217.0,980,195,877,194
1218.0,690,698,679,705
1219.0,987,2626,1009,2583
1220.0,560,171,598,181
1221.0,109,1169,128,1230
1222.0,170,6124,150,6020
1223.0,653,2021,655,2062
1224.0,231,40,254,58
1225.0,218,1138,246,1128
1226.0,1030,255,1107,225
1227.0,44,560,56,521
1228.0,32,274,27,309
1229.0,509,590,506,611
1230.0,1196,268,1204,254
1231.0,436,129,423,127
1232.0,3906,575,3959,600
1233.0,140,3932,160,3930
1234.0,696,1474,726,1497
1235.0,429,125,430,93
1236.0,966,811,983,797
1237.0,1426,230,1413,234
1238.0,2635,1426,2702,1450
1239.0,159,50,181,45
1240.0,1806,498,1873,529
1241.0,3508,1053,3558,1000
1242.0,122,21,150,31
1243.0,486,1649,442,1656
1244.0,909,4725,926,4878
1245.0,1281,244,1329,223
1246.0,214,68,229,63
1247.0,395,100,403,143
1248.0,896,414,845,408
1249.0,412,116,419,112
1250.0,0,31,1,29
1251.0,1135,171,1051,174
1252.0,1170,242,1090,237
1253.0,413,188,435,169
1254.0,754,232,757,218
1255.0,513,18309,475,18471
1256.0,1,247,0,230
1257.0,1772,641,1752,634
1258.0,482,2142,441,2127
1259.0,925,231,900,222
1260.0,902,422,905,430
1261.0,154,1230,165,1173
1262.0,6,187,8,203
1263.0,205,61,202,60
1264.0,675,633,691,633
1265.0,462,122,469,123
1266.0,1503,402,1450,400
1267.0,407,97,388,123
1268.0,749,292,749,254
1269.0,24,394,16,369
1270.0,2654,1339,2700,1311
1271.0,170,44,151,39
1272.0,809,129,814,101
1273.0,472,623,477,628
1274.0,1688,699,1633,709
1275.0,1216,193,1175,222
1276.0,1064,198,1083,249
1277.0,286,1883,313,1942
1278.0,3871,4494,3788,4731
1279.0,237,826,205,818
1280.0,242,402,225,394
1281.0,49,1048,60,1088
1282.0,1710,954,1711,1001
1283.0,1088,1803,1085,1836
1284.0,195,619,219,718
1285.0,293,242,289,220
1286.0,766,733,752,828
1287.0,261,1319,245,1310
1288.0,1761,1516,1851,1534
1289.0,228,60,246,68
1290.0,2157,572,2235,564
1291.0,148,432,177,485
1292.0,163,1609,171,1502
1293.0,1810,419,1807,434
1294.0,0,2,1,4
1295.0,776,133,766,128
1296.0,76,2109,78,2087
1297.0,1372,2218,1372,2245
1299.0,1090,1124,1120,1079
1300.0,194,799,147,745
1301.0,1022,2583,1031,2467
1302.0,1696,724,1697,689
1303.0,911,234,965,281
1304.0,1220,412,1249,436
1305.0,54,593,43,651
1306.0,178,41,157,43
1307.0,914,4558,943,4408
1308.0,1737,593,1647,519
1309.0,1218,317,1163,299
1310.0,901,771,938,792
1311.0,1217,2126,1257,2135
1312.0,941,2193,938,2243
1313.0,1052,244,1032,218
1314.0,1070,172,1062,162
1315.0,726,241,723,241
1316.0,920,181,936,215
1317.0,1577,254,1588,278
1318.0,53,36,55,27
1319.0,1202,884,1200,849
1320.0,85,516,93,487
1321.0,321,128,315,122
1322.0,2392,887,2405,900
1323.0,1053,204,1062,243
1324.0,898,247,854,275
1325.0,323,1306,305,1221
1326.0,1485,234,1414,267
1327.0,223,3968,208,3925
1328.0,1605,5814,1560,5761
1329.0,1095,254,1115,255
1331.0,16,101,23,126
1332.0,2093,755,2158,762
1333.0,1205,444,1261,425
1334.0,920,5879,903,5875
1335.0,494,226,513,216
1336.0,154,1317,146,1314
1337.0,13,1490,19,1502
1338.0,46,168,42,166
1339.0,215,2351,227,2218
1340.0,562,119,548,123
1341.0,646,137,687,100
1342.0,281,1691,235,1641
1343.0,4656,1259,4724,1258
1344.0,214,1044,225,1180
1345.0,11,4210,25,4214
1346.0,237,64,246,65
1347.0,944,1443,969,1510
1348.0,70,434,43,374
1349.0,988,339,1036,364
1350.0,1495,1277,1532,1317
1351.0,6420,2635,6510,2655
1352.0,1723,367,1735,390
1353.0,1260,291,1307,244
1354.0,3457,1461,3494,1499
1355.0,677,156,708,138
1356.0,100,1115,112,1125
1357.0,254,1061,243,1093
1358.0,1233,272,1272,290
1359.0,2405,471,2481,509
1360.0,835,3366,912,3455
1361.0,1075,382,1110,398
1362.0,757,186,746,184
1363.0,840,2007,913,1986
1364.0,137,600,131,572
1365.0,52,352,49,343
1366.0,441,1965,428,1923
1368.0,4897,6731,4948,6779
1369.0,613,589,608,597
1370.0,875,1415,905,1412
1371.0,228,292,235,321
1372.0,891,548,917,515
1373.0,131,1596,130,1712
1374.0,2656,1472,2576,1559
1375.0,378,144,375,153
1376.0,72,1227,69,1168
1377.0,260,60,233,77
1378.0,303,57,309,51
1379.0,1020,4643,1058,4697
1380.0,1145,276,1119,272
1381.0,4885,3792,4714,3583
1382.0,1252,365,1260,365
1383.0,637,2431,589,2473
1384.0,574,849,568,806
1385.0,1099,5204,987,4989
1386.0,1720,252,1790,249
1387.0,1421,609,1423,590
1388.0,1494,318,1498,302
1389.0,968,187,983,205
1390.0,1543,513,1499,495
1391.0,154,644,144,650
1392.0,97,2925,91,2849
1393.0,78,457,78,452
1394.0,482,113,456,157
1395.0,1755,3752,1712,3768
1396.0,1228,4643,1169,4522
1397.0,436,1893,448,1867
1398.0,867,1186,869,1227
1399.0,407,120,419,132
1400.0,605,180,588,156
1401.0,528,209,564,200
1402.0,2524,619,2519,647
1403.0,519,6783,537,6863
1404.0,122,505,125,499
1405.0,922,1370,882,1405
1406.0,1010,317,971,419
1407.0,472,220,449,209
1408.0,570,2487,609,2538
1409.0,78,664,80,706
1410.0,638,78,605,73
1411.0,1446,405,1469,429
1412.0,10,7,10,2
1413.0,1618,260,1626,309
1414.0,647,144,657,149
1415.0,1056,351,1037,328
1416.0,34,205,35,221
1417.0,0,86,0,84
1418.0,4390,913,4491,853
1419.0,242,716,247,754
1420.0,1304,933,1307,893
1421.0,122,45,146,55
1422.0,1003,183,1031,167
1423.0,3850,2467,3846,2450
1424.0,1190,179,1182,216
1425.0,1505,2852,1566,2867
1426.0,1058,186,993,200
1427.0,361,112,371,158
1428.0,26,91,15,72
1429.0,2456,6224,2411,6350
1430.0,629,594,648,612
1431.0,790,1477,849,1480
1432.0,107,1092,137,1110
1433.0,933,205,959,189
1434.0,1,46,3,49
1435.0,515,1036,487,1080
1436.0,282,3078,284,3056
1437.0,223,1025,250,1081
1438.0,749,3603,802,3728
1439.0,2759,815,2828,822
1440.0,1349,396,1393,410
1441.0,1739,853,1748,813
1442.0,1762,409,1787,390
1443.0,610,158,623,144
1444.0,637,155,662,185
1445.0,1243,1517,1215,1448
1446.0,1361,775,1341,729
1447.0,2145,3072,2097,3065
1448.0,801,159,781,132
1449.0,508,781,493,840
1450.0,260,1694,253,1777
1451.0,276,984,277,935
1452.0,537,1531,529,1499
1453.0,1155,330,1155,312
1454.0,30,193,34,201
1455.0,848,174,864,227
1456.0,374,84,387,89
1457.0,319,1995,337,1997
1458.0,43,380,35,386
1459.0,1351,5476,1280,5284
1460.0,539,372,525,320
1461.0,1028,669,1093,687
1462.0,2953,1160,2986,1158
1463.0,293,71,305,72
1464.0,168,4351,178,4430
1465.0,2490,379,2424,381
1466.0,1846,556,1807,628
1467.0,976,200,976,231
1468.0,4875,7185,4952,7240
1469.0,1001,1842,968,1760
1470.0,752,139,739,160
1471.0,896,173,878,179
1472.0,137,446,138,461
1473.0,323,3895,369,3908
1474.0,473,1803,462,1739
1475.0,512,105,522,100
1476.0,6,24,8,24
1477.0,1510,493,1501,483
1478.0,691,168,705,171
1479.0,3176,731,3310,743
1480.0,803,191,856,186
1481.0,321,158,304,154
1482.0,1210,196,1219,208
1483.0,15,274,23,275
1484.0,571,119,558,122
1486.0,979,213,975,217
1487.0,522,133,498,132
1488.0,402,104,391,95
1489.0,105,28,98,26
1490.0,219,1703,221,1654
1492.0,547,554,523,588
1493.0,694,3992,712,3913
1494.0,1030,182,1036,166
1495.0,1258,229,1244,294
1496.0,534,128,540,118
1497.0,41,234,55,239
1498.0,2852,817,2848,826
1499.0,546,157,555,126
1500.0,565,768,565,800
1501.0,867,3488,767,3348
1502.0,521,1497,512,1537
1503.0,2943,1861,2907,1877
1504.0,104,880,109,888
1505.0,600,109,605,133
1506.0,1525,323,1535,305
1507.0,3,19,3,20
1508.0,665,145,651,120
1509.0,1932,331,2078,315
1510.0,2621,2110,2635,2070
1511.0,2105,996,2103,994
1512.0,1657,2300,1610,2273
1513.0,1095,1147,1093,1134
1514.0,826,241,812,253
1515.0,280,71,308,88
1516.0,264,1815,239,1828
1517.0,714,2935,738,2973
1518.0,641,141,656,133
1519.0,216,47,239,45
1520.0,103,377,106,374
1521.0,601,76,617,83
1522.0,573,128,561,146
1523.0,1202,638,1174,577
1524.0,590,2745,643,2819
1525.0,841,5986,790,5713
1526.0,866,2578,922,2592
1527.0,1149,346,1115,353
1528.0,500,1550,533,1513
1529.0,691,145,710,143
1530.0,702,92,689,60
1531.0,2113,2545,2272,2470
1532.0,701,1050,708,1061
1533.0,184,768,206,823
1534.0,129,2462,139,2455
1535.0,4683,1507,4651,1524
1536.0,370,1269,347,1208
1537.0,633,84,653,86
1538.0,2553,6216,2453,6201
1539.0,518,791,554,770
1540.0,651,602,617,632
1541.0,7,110,14,129
1542.0,235,81,251,88
1543.0,1261,425,1269,438
1544.0,2155,875,2197,908
1545.0,1768,1052,1729,1066
1546.0,838,256,869,215
1547.0,1043,3267,972,3215
1548.0,1047,292,1054,283
1549.0,1281,314,1230,266
1550.0,445,1861,442,1852
1551.0,1191,289,1285,305
1552.0,301,6161,349,6026
1553.0,259,3008,258,2979
1554.0,323,1950,319,1921
1555.0,467,686,458,675
1556.0,769,201,807,222
1557.0,439,103,433,98
1558.0,1290,670,1270,718
1559.0,1667,463,1655,440
1560.0,2507,1452,2510,1463
1561.0,2633,777,2675,749
1562.0,26,204,37,234
1563.0,1536,311,1577,266
1564.0,73,1045,66,1064
1565.0,842,3509,841,3506
1566.0,926,280,933,294
1567.0,3599,1233,3545,1233
1569.0,1353,1807,1307,1796
1571.0,2025,1434,2015,1394
1572.0,480,438,475,404
1573.0,352,91,371,96
1574.0,482,181,491,171
1575.0,57,30,69,12
1576.0,440,655,455,745
1577.0,4417,3886,4458,3869
1578.0,1333,398,1412,446
1579.0,978,2361,1021,2463
1581.0,26,507,30,473
1582.0,432,161,425,134
1583.0,1578,1088,1608,1139
1584.0,220,641,218,645
1585.0,1745,331,1716,344
1586.0,670,1394,603,1369
1587.0,194,1575,228,1596
1588.0,184,41,163,40
1589.0,429,154,464,161
1590.0,925,5767,1008,5906
1591.0,1284,2560,1265,2451
1592.0,529,308,491,264
1593.0,192,70,194,66
1594.0,800,358,794,403
1595.0,34,367,35,393
1596.0,2843,655,2772,634
1597.0,620,130,645,120
1598.0,239,54,204,58
1599.0,107,545,94,485
1600.0,3792,676,3755,706
1601.0,562,903,512,843
1602.0,131,485,115,451
1603.0,503,94,498,80
1604.0,143,21,149,20
1605.0,0,2,0,3
1606.0,198,1611,188,1485
1607.0,534,112,525,125
1608.0,31,274,32,268
1609.0,1257,251,1230,236
1610.0,228,1254,246,1272
1611.0,40,622,27,520
1612.0,238,25,241,41
1613.0,331,1502,293,1503
1614.0,139,3043,114,3081
1615.0,34,638,30,697
1616.0,343,76,393,103
1617.0,504,271,515,272
1618.0,487,183,486,189
1619.0,364,546,356,523
1620.0,1232,2008,1261,2058
1621.0,359,260,331,238
1622.0,115,26,110,22
1623.0,3761,3568,3764,3412
1624.0,1006,2393,1021,2334
1625.0,501,149,521,159
1626.0,292,151,272,153
1627.0,1195,1249,1150,1274
1628.0,472,138,505,127
1629.0,687,915,714,902
1630.0,1148,439,1173,437
1631.0,375,178,319,164
1632.0,3187,997,3270,1027
1633.0,105,383,106,377
1634.0,337,520,323,471
1635.0,3,32,5,29
1636.0,96,269,74,287
1637.0,522,376,540,379
1638.0,627,226,626,237
1639.0,63,1243,53,1212
1640.0,861,159,845,160
1641.0,64,1347,61,1336
1642.0,293,142,296,139
1643.0,84,420,83,429
1644.0,14,143,14,140
1645.0,1728,518,1691,531
1646.0,246,3036,246,3007
1647.0,104,10,91,13
1648.0,222,81,225,65
1649.0,744,3217,751,3195
1650.0,343,1157,335,1155
1651.0,314,571,300,544
1652.0,330,102,317,121
1653.0,515,190,467,176
1654.0,442,220,406,230
1655.0,286,181,281,177
1656.0,429,410,428,365
1658.0,552,878,558,908
1659.0,970,200,927,186
1660.0,288,127,269,98
1661.0,60,454,63,430
1662.0,1383,2799,1526,2889
1663.0,437,851,441,934
1664.0,114,40,113,38
1665.0,256,93,279,108
1666.0,639,199,671,245
1667.0,807,215,803,220
1668.0,190,401,205,328
1669.0,349,1655,326,1475
1670.0,517,246,530,242
1671.0,23,130,35,139
1672.0,697,1963,680,1992
1673.0,133,351,149,395
1674.0,158,588,151,645
1675.0,854,121,826,151
1676.0,333,573,355,570
1677.0,520,258,528,284
1678.0,927,184,905,193
1679.0,466,870,531,865
1680.0,121,603,105,584
1681.0,339,368,348,350
1682.0,69,843,93,905
1683.0,710,365,689,352
1684.0,738,2459,716,2353
1685.0,188,872,195,790
1686.0,82,591,81,595
1687.0,34,302,43,366
1688.0,613,548,631,582
1689.0,551,277,530,304
1690.0,133,133,148,169
1691.0,287,542,284,536
1692.0,86,422,91,417
1693.0,3,70,9,69
1694.0,164,665,162,618
1695.0,1304,214,1337,222
1696.0,2729,513,2762,535
1697.0,277,135,291,102
1698.0,384,5438,374,5790
1699.0,1561,1320,1541,1370
1700.0,2080,1278,2058,1186
1701.0,145,617,140,595
1702.0,805,270,771,314
1703.0,481,242,488,241
1704.0,611,187,634,169
1705.0,107,22,116,29
1706.0,476,560,453,568
1707.0,241,1258,224,1181
1708.0,73,450,74,440
1709.0,3506,929,3574,981
1710.0,235,1230,207,1186
1711.0,5,20,1,14
1712.0,725,368,794,422
1713.0,36,266,52,280
1714.0,56,183,55,180
1715.0,1232,179,1259,213
1716.0,114,34,107,37
1717.0,514,238,521,270
1718.0,492,87,528,73
1719.0,2518,348,2476,440
1720.0,732,20003,746,20195
1721.0,334,117,326,85
1722.0,211,442,210,425
1723.0,175,61,173,57
1725.0,855,260,885,256
1726.0,30,169,37,206
1727.0,95,501,104,525
1728.0,3,15,3,25
1729.0,7,111,8,101
1730.0,6,20,4,18
1731.0,380,1004,372,961
1732.0,527,222,538,229
1733.0,2,609,4,643
1734.0,32,257,28,276
1735.0,5853,5785,5873,5707
1736.0,3515,985,3450,1002
1737.0,691,189,721,185
1738.0,0,2,0,8
1739.0,289,2309,270,2385
1740.0,296,628,311,606
1741.0,312,132,306,126
1742.0,431,2576,422,2565
1743.0,108,559,96,550
1744.0,87,513,99,497
1745.0,729,225,701,236
1746.0,974,1730,932,1669
1747.0,34,123,27,133
1748.0,52,218,47,231
1749.0,6,63,13,62
1750.0,307,259,316,260
1751.0,4134,4291,4087,4412
1752.0,23,38,24,24
1753.0,1,4,0,4
1754.0,388,214,401,234
1755.0,83,107,73,128
1756.0,138,2153,161,2103
1757.0,670,690,604,704
1758.0,204,119,196,95
1759.0,225,1250,249,1258
1760.0,287,212,303,224
1761.0,450,612,449,579
1762.0,963,238,981,272
1763.0,356,139,361,162
1764.0,354,134,339,122
1765.0,76,565,68,578
1766.0,1417,6686,1472,6845
1768.0,1013,233,1002,325
1769.0,342,248,355,247
1770.0,839,1533,857,1547
1771.0,104,598,135,611
1772.0,435,683,453,675
1773.0,258,1441,250,1464
1774.0,13,275,8,255
1775.0,985,954,1017,948
1776.0,235,1119,206,1143
1777.0,140,1120,182,1148
1778.0,176,91,179,108
1779.0,618,490,592,459
1780.0,836,191,862,212
1781.0,633,275,643,260
1782.0,3354,811,3459,868
1783.0,314,3788,293,3797
1784.0,99,667,109,690
1785.0,312,483,311,506
1786.0,720,126,745,130
1787.0,1069,585,1059,545
1788.0,764,169,762,157
1789.0,1439,1085,1402,1144
1790.0,3084,610,3168,606
1791.0,60,240,67,306
1792.0,8,104,7,125
1793.0,2870,821,2951,897
1794.0,611,126,633,120
1795.0,305,2280,281,2364
1796.0,6,52,7,51
1797.0,202,550,191,472
1798.0,914,4969,881,4840
1799.0,345,1047,381,1084
1800.0,137,882,147,750
1801.0,1186,7002,1166,7030
1802.0,561,84,582,115
1803.0,83,788,69,730
1804.0,606,299,607,271
1805.0,349,272,364,276
1806.0,820,1339,819,1429
1807.0,820,685,859,688
1808.0,894,803,821,793
1809.0,1,11,1,11
1810.0,196,32,173,34
1811.0,429,340,413,338
1812.0,524,264,514,257
1813.0,317,631,348,671
1814.0,149,1677,172,1668
1815.0,580,1466,506,1512
1816.0,326,198,304,184
1817.0,266,323,258,301
1818.0,288,2253,302,2282
1819.0,749,2029,740,2062
1820.0,286,186,248,207
1821.0,531,301,529,297
1822.0,1585,635,1637,595
1823.0,661,244,631,232
1824.0,2421,2734,2460,2744
1825.0,181,167,201,178
1826.0,523,377,504,366
1828.0,3,43,7,49
1829.0,28,152,18,151
1830.0,711,667,705,656
1831.0,737,1841,704,1758
1832.0,1076,1789,1070,1693
1833.0,600,2363,583,2268
1834.0,634,1541,639,1597
1835.0,710,1095,703,1128
1836.0,546,579,536,573
1837.0,1389,1957,1393,1927
1838.0,579,839,586,841
1839.0,617,2221,634,2300
1840.0,526,2629,564,2719
1841.0,361,779,324,760
1842.0,378,722,371,707
1843.0,71,1491,70,1509
1844.0,193,850,198,873
1845.0,200,1111,208,1114
1846.0,74,835,89,906
1847.0,412,814,376,744
1848.0,408,2121,401,2185
1849.0,70,367,60,419
1850.0,123,601,134,661
1851.0,211,65,216,74
1852.0,499,257,509,239
1853.0,701,1194,711,1195
1854.0,896,942,910,966
1855.0,941,195,882,216
1856.0,642,874,719,859
1857.0,579,575,559,528
1858.0,211,951,235,982
1859.0,1359,3263,1393,3365
1860.0,169,1387,165,1393
1861.0,278,2612,299,2612
1862.0,308,410,297,417
1863.0,935,1017,986,965
1864.0,627,1349,646,1381
1865.0,1435,464,1464,472
1866.0,1025,294,1059,309
1867.0,77,801,64,782
1868.0,49,234,43,255
1869.0,78,684,80,679
1870.0,64,1474,73,1463
1871.0,144,1275,132,1244
1872.0,79,710,91,736
1873.0,270,2700,257,2618
1874.0,223,1230,232,1334
1875.0,203,969,181,879
1876.0,244,196,273,203
1877.0,3,9,2,11
1878.0,183,360,144,363
1879.0,574,2918,648,2936
1880.0,1604,669,1572,708
1882.0,29,362,32,451
1883.0,406,2603,377,2427
1884.0,2468,3048,2514,2961
1885.0,311,161,311,155
1886.0,48,11,49,12
1887.0,55,1017,37,970
1888.0,283,1601,248,1615
1889.0,444,3235,436,3232
1890.0,431,92,452,91
1891.0,75,195,75,181
1892.0,183,1128,205,1164
1893.0,2,54,6,51
1894.0,174,227,177,256
1895.0,170,309,163,279
1896.0,25,321,19,335
1897.0,461,871,469,907
1898.0,623,504,610,499
1899.0,203,755,199,741
1900.0,432,1761,402,1648
1901.0,318,1516,282,1440
1902.0,396,4069,344,4158
1903.0,240,162,232,129
1904.0,694,2647,688,2696
1905.0,182,661,186,698
1906.0,5015,1331,5121,1334
1907.0,212,1159,175,1086
1908.0,16,156,28,173
1909.0,27,9,28,9
1910.0,342,54,352,57
1911.0,609,119,590,109
1912.0,950,3110,921,3150
1913.0,3417,707,3465,702
1914.0,1861,1214,1806,1220
1915.0,3331,1232,3404,1334
1916.0,327,544,312,518
1917.0,2345,534,2412,493
1918.0,181,80,176,93
1919.0,328,205,350,192
1920.0,21,71,25,71
1921.0,2,37,5,56
1922.0,64,16,64,27
1923.0,52,280,56,311
1924.0,1508,620,1458,562
1925.0,1179,661,1211,677
1926.0,389,1758,374,1715
1927.0,426,2969,438,2928
1928.0,40,15,61,10
1929.0,79,334,66,296
1930.0,699,236,689,162
1931.0,846,232,885,248
1932.0,1439,3255,1461,3271
1933.0,4,354,1,369
1934.0,347,63,349,66
1935.0,3,102,1,90
1936.0,1141,610,1162,577
1937.0,76,206,69,177
1938.0,82,639,69,648
1939.0,313,424,321,394
1940.0,14,88,16,103
1941.0,363,367,345,344
1942.0,88,32,88,31
1943.0,207,286,214,282
1944.0,169,147,157,138
1946.0,817,350,854,363
1947.0,195,80,191,70
1948.0,831,187,903,164
1949.0,384,325,403,338
1950.0,1627,718,1572,614
1951.0,1125,6499,1089,6491
1952.0,55,382,39,413
1953.0,401,3370,369,3316
1954.0,679,993,657,1032
1955.0,3166,1854,3102,1903
1956.0,667,2146,644,2223
1957.0,687,334,630,351
1958.0,536,1008,560,971
1959.0,2477,611,2481,639
1960.0,1040,229,1044,252
1961.0,286,1202,284,1224
1962.0,764,352,758,372
1963.0,30,624,40,631
1964.0,206,349,189,324
1965.0,319,245,353,216
1966.0,191,168,195,175
1967.0,477,285,480,323
1968.0,261,227,219,246
1969.0,51,232,50,270
1970.0,1048,656,1118,674
1971.0,2037,349,2071,377
1972.0,262,147,267,132
1973.0,465,234,439,212
1974.0,71,758,61,707
1975.0,1511,735,1569,870
1976.0,154,3851,156,3873
1977.0,382,648,384,618
1978.0,108,79,123,110
1979.0,442,292,450,311
1980.0,31,907,26,892
1981.0,81,97,99,115
1982.0,324,216,353,191
1983.0,9,74,11,68
1984.0,187,97,200,100
1985.0,449,292,431,305
1986.0,848,540,841,533
1987.0,622,168,574,155
1988.0,208,1365,209,1382
1989.0,604,4145,585,4087
1990.0,186,1320,182,1413
1991.0,110,1633,112,1708
1992.0,124,642,113,614
1993.0,79,1574,96,1604
1994.0,555,2916,583,2938
1995.0,154,1780,142,1692
1996.0,1202,578,1258,650
1997.0,336,1382,367,1366
1998.0,1601,432,1677,474
1999.0,539,97,532,115
2000.0,1273,260,1297,259
2001.0,52,26,42,19
2002.0,274,178,306,218
2003.0,144,82,151,61
2004.0,685,330,696,320
2005.0,42,766,54,781
2006.0,176,210,154,203
2007.0,855,409,828,447
2008.0,469,403,446,393
2009.0,42,83,48,115
2010.0,14,143,11,147
2011.0,3,2218,0,2171
2012.0,191,122,202,109
2013.0,1801,1465,1795,1361
2014.0,966,180,982,183
2015.0,140,834,157,881
2016.0,2336,1876,2249,1890
2017.0,24,190,23,166
2018.0,353,205,392,197
2019.0,557,300,566,326
2020.0,259,254,250,234
2021.0,527,426,527,416
2022.0,329,191,350,199
2024.0,112,5,123,4
2025.0,58,23,62,20
2026.0,146,1198,163,1166
2027.0,795,5163,814,5186
2028.0,495,154,557,143
2029.0,810,3309,773,3224
2031.0,2409,875,2485,880
2032.0,1420,3710,1447,3825
2033.0,58,13,55,13
2035.0,494,292,519,302
2036.0,64,1072,84,1130
2037.0,449,231,444,261
2039.0,324,233,336,194
2040.0,84,26,88,22
2041.0,586,288,613,326
2042.0,861,225,794,205
2043.0,873,1304,857,1268
2044.0,227,1402,212,1337
2045.0,1668,11499,1640,11432
2046.0,1649,310,1575,275
2047.0,169,3868,162,4006
2048.0,2676,810,2638,751
2050.0,1288,362,1363,399
2051.0,285,3582,303,3520
2052.0,51,160,43,156
2053.0,40,382,41,387
2054.0,2343,846,2298,870
2055.0,267,1304,236,1254
2056.0,689,293,704,259
2057.0,943,1282,932,1199
2058.0,487,326,499,353
2059.0,643,201,671,180
2060.0,1551,390,1503,366
2061.0,142,1050,132,1061
2062.0,170,2673,157,2724
2063.0,225,848,220,854
2064.0,65,682,69,728
2065.0,8,2548,6,2610
2066.0,39,2501,48,2555
2067.0,79,2876,90,2882
2068.0,2,3,0,0
2069.0,2014,807,1919,758
2070.0,189,966,155,960
2071.0,527,942,569,926
2072.0,207,2800,220,2799
2073.0,1430,289,1376,236
2074.0,464,174,483,152
2075.0,9,87,4,79
2076.0,893,311,920,290
2077.0,2,4,0,5
2078.0,68,29,57,21
2079.0,252,125,239,91
2080.0,22,193,9,174
2081.0,1,12,0,7
2082.0,1,30,2,30
2083.0,671,3320,639,3178
2084.0,212,1655,257,1721
2085.0,4718,1169,4714,1139
2086.0,3,32,0,44
2087.0,2840,2124,2804,2246
2088.0,235,2130,228,2185
2089.0,3362,2197,3329,2207
2090.0,78,614,84,677
2091.0,111,2077,98,2032
2092.0,693,3232,693,3188
2093.0,167,754,195,830
2094.0,733,173,709,166
2095.0,1741,2742,1661,2661
2096.0,890,186,834,164
2097.0,2,3,2,6
2098.0,57,288,54,305
2099.0,46,31,49,31
2100.0,1682,448,1687,439
2101.0,225,2836,236,2744
2102.0,3106,1343,3210,1430
2103.0,589,143,628,149
2104.0,724,154,697,167
2105.0,2231,1124,2203,1158
2106.0,20,379,29,467
2107.0,325,353,335,390
2108.0,69,44,69,39
2109.0,23,9,24,13
2110.0,1208,1419,1180,1374
2112.0,700,438,726,469
2113.0,1116,1624,1140,1656
2114.0,1160,473,1194,490
2115.0,10,52,9,42
2116.0,470,2114,490,2087
2117.0,708,190,680,156
2118.0,270,7615,291,7640
2119.0,1564,317,1642,310
2120.0,1507,1191,1470,1086
2121.0,368,743,329,685
2122.0,2120,600,2185,566
2123.0,3439,2137,3275,2152
2124.0,552,839,558,855
2125.0,369,179,391,150
2126.0,850,411,765,376
2127.0,612,162,652,156
2128.0,59,1303,55,1308
2129.0,610,1545,680,1647
2130.0,660,319,665,346
2131.0,45,200,57,194
2132.0,300,79,304,67
2133.0,1261,3954,1185,3863
2134.0,4,44,1,38
2135.0,331,114,314,115
2136.0,1290,3012,1199,3063
2137.0,684,159,728,150
2139.0,1093,289,1123,305
2140.0,158,1035,165,1083
2141.0,91,136,93,152
2142.0,315,304,331,298
2143.0,3781,710,3812,761
2144.0,1227,1988,1232,1831
2145.0,739,1000,767,1075
2146.0,93,1624,128,1641
2147.0,40,184,46,195
2148.0,145,678,160,718
2149.0,46,151,47,147
2150.0,1620,638,1617,645
2151.0,457,1401,472,1407
2152.0,803,174,792,122
2153.0,159,4196,173,4257
2154.0,471,872,407,909
2155.0,744,488,784,487
2156.0,588,158,619,159
2157.0,509,3256,471,3033
2158.0,103,561,108,566
2159.0,1492,442,1519,461
2160.0,1195,455,1219,421
2161.0,576,3865,640,3949
2162.0,90,32,81,16
2163.0,1979,681,1956,689
2164.0,2822,4646,2852,4559
2165.0,4793,2535,4747,2526
2166.0,42,2,48,7
2167.0,87,635,86,656
2168.0,114,1010,123,1007
2169.0,1282,639,1259,603
2170.0,109,36,112,44
2171.0,125,946,134,1016
2172.0,95,31,79,27
2173.0,93,523,103,509
2174.0,82,1950,76,1897
2175.0,551,206,588,245
2176.0,945,1240,966,1268
2177.0,921,676,927,752
2178.0,533,992,522,995
2179.0,26,83,30,76
2180.0,63,21,73,17
2181.0,1407,2086,1388,2049
2182.0,2202,641,2146,643
2183.0,177,733,147,675
2184.0,1477,318,1464,326
2185.0,313,77,304,68
2186.0,2,30,1,26
2187.0,74,741,68,744
2188.0,2169,586,2183,587
2189.0,897,289,873,308
2190.0,567,2023,490,1993
2191.0,448,1090,445,1097
2192.0,515,1980,544,2048
2193.0,963,2943,939,2949
2194.0,1594,1659,1544,1667
2195.0,72,123,74,137
2196.0,2658,583,2676,540
2197.0,2,68,4,62
2198.0,95,8,106,11
2199.0,327,326,287,293
2200.0,119,424,89,420
2201.0,1120,964,1125,976
2202.0,1193,1919,1233,1997
2203.0,2138,718,2069,777
2204.0,1395,964,1286,877
2205.0,993,606,961,564
2206.0,2771,1270,2798,1264
2207.0,2335,1723,2405,1613
2208.0,2462,1246,2406,1273
2209.0,117,520,129,540
2210.0,1838,1355,1809,1237
2211.0,234,70,242,66
2212.0,22,2818,22,2826
2213.0,293,272,301,227
2214.0,458,126,431,135
2215.0,1218,929,1242,839
2216.0,47,19,58,29
2217.0,54,872,52,876
2218.0,271,69,258,62
2219.0,26,93,33,92
2220.0,1677,1423,1725,1388
2221.0,660,4118,631,4382
2222.0,120,31,124,33
2223.0,64,13,74,7
2224.0,1373,612,1334,532
2225.0,2665,841,2785,902
2226.0,849,208,833,237
2227.0,55,32,56,20
2228.0,755,177,802,192
2229.0,506,2534,509,2518
2230.0,5915,3488,5804,3531
2231.0,3501,1943,3568,1959
2232.0,223,1098,231,1112
2233.0,2012,606,1893,515
2234.0,2017,569,1955,582
2235.0,1311,4145,1299,4046
2236.0,274,1218,230,1218
2237.0,5144,1468,5067,1496
2238.0,1,594,2,603
2239.0,4489,2990,4383,2982
2240.0,1739,536,1636,533
2241.0,824,3546,855,3605
2242.0,1118,1674,1059,1544
2243.0,2,83,4,92
2244.0,2985,964,3040,969
2245.0,90,571,91,601
2246.0,2515,3620,2450,3518
2247.0,632,1025,614,1052
2248.0,128,38,119,26
2249.0,2212,546,2228,543
2250.0,878,388,873,455
2251.0,1073,601,1023,603
2252.0,1528,579,1508,537
2253.0,864,231,891,236
2254.0,395,106,361,98
2255.0,101,614,79,592
2256.0,1408,1061,1363,1043
2257.0,6476,2488,6534,2499
2258.0,871,5988,858,5818
2259.0,1456,312,1445,262
2260.0,2170,1668,2206,1748
2261.0,1355,834,1387,820
2262.0,694,238,673,257
2263.0,1697,1853,1713,1931
2264.0,941,5364,927,5216
2265.0,2966,1981,2927,2065
2266.0,117,60,108,49
2267.0,2020,373,2023,427
2268.0,203,392,225,445
2269.0,599,4624,612,4676
2270.0,1554,925,1450,885
2271.0,1995,1759,1957,1761
2272.0,1525,1170,1495,1174
2273.0,1392,513,1409,522
2274.0,2822,589,2857,627
2275.0,1522,388,1556,458
2276.0,1693,403,1750,439
2277.0,718,1869,673,1847
2278.0,28,2317,22,2209
2279.0,322,85,338,88
2280.0,1867,389,1780,376
2281.0,1382,292,1364,290
2282.0,994,400,992,336
2283.0,1119,364,1102,377
2284.0,1814,581,1798,629
2285.0,639,757,637,750
2286.0,2824,2236,2786,2353
2287.0,889,470,837,494
2288.0,914,2564,825,2473
2289.0,225,1451,211,1429
2290.0,1353,365,1384,371
2291.0,838,215,786,219
2292.0,831,620,762,590
2293.0,1077,323,1007,346
2294.0,2604,822,2655,847
2295.0,1225,445,1200,392
2296.0,2531,453,2522,480
2297.0,2586,623,2638,632
2298.0,718,309,705,287
2299.0,999,233,985,214
2300.0,3423,1655,3486,1648
2301.0,1417,386,1404,432
2302.0,743,373,768,381
2303.0,45,553,45,536
2304.0,2922,839,2903,831
2305.0,1315,320,1279,308
2306.0,2754,889,2719,824
2307.0,671,496,691,508
2308.0,1762,2765,1715,2620
2309.0,832,1555,846,1570
2310.0,1145,309,1142,285
2311.0,204,637,221,625
2312.0,733,3654,702,3502
2313.0,791,1461,781,1509
2314.0,2978,1164,3065,1243
2315.0,1102,4806,1043,4748
2316.0,12,116,13,125
2317.0,308,1227,312,1240
2318.0,1772,467,1717,501
2319.0,51,13,46,9
2320.0,1670,459,1570,460
2321.0,476,74,498,75
2322.0,575,2297,626,2368
2323.0,781,182,794,188
2324.0,310,1769,308,1828
2325.0,1647,660,1607,676
2326.0,1798,1563,1728,1518
2327.0,857,2448,852,2496
2328.0,325,48,316,49
2329.0,695,228,693,217
2330.0,1561,1226,1587,1258
2331.0,1320,1392,1305,1335
2332.0,589,5467,589,5355
2333.0,2798,749,2738,708
2334.0,899,4904,910,4893
2335.0,1004,283,952,277
2336.0,73,62,80,69
2337.0,3519,1214,3540,1230
2338.0,1050,1634,1075,1717
2339.0,2537,1581,2479,1606
2340.0,146,333,147,325
2341.0,1139,316,1142,266
2342.0,129,6702,134,6487
2343.0,108,25,122,22
2344.0,765,470,746,435
2345.0,1673,748,1645,763
2346.0,1148,421,1094,405
2347.0,5,33,13,49
2348.0,1117,903,1155,911
2349.0,1061,848,962,842
2350.0,480,251,508,298
2351.0,866,538,845,561
2352.0,1134,246,1221,268
2353.0,1038,444,1007,459
2354.0,893,245,943,276
2355.0,963,293,931,319
2356.0,168,2409,161,2354
2357.0,1250,484,1258,445
2358.0,1675,1067,1634,1053
2359.0,1718,630,1774,600
2360.0,1045,4009,1014,3914
2361.0,913,9172,924,9253
2362.0,698,2485,647,2418
2363.0,2426,538,2525,554
2364.0,325,2446,314,2494
2365.0,0,27,0,29
2366.0,60,89,47,84
2367.0,733,1186,726,1222
2368.0,693,158,734,158
2369.0,135,70,169,62
2370.0,1223,2066,1174,2041
2371.0,246,644,232,635
2372.0,5558,6631,5518,6421
2373.0,2393,678,2366,668
2374.0,1127,859,1088,781
2375.0,7709,10059,7836,9989
2376.0,95,18,86,10
2377.0,194,48,199,47
2378.0,811,1730,801,1691
2379.0,2037,469,2055,445
2380.0,65,13,67,11
2382.0,251,59,233,62
2383.0,3624,2431,3590,2400
2384.0,6695,3832,6841,3752
2385.0,79,22,77,21
2386.0,2028,1228,2085,1252
2387.0,362,652,352,601
2388.0,868,215,888,182
2389.0,1865,1843,1840,1815
2390.0,389,261,398,253
2391.0,2136,879,2112,852
2392.0,683,258,663,228
2393.0,8,3807,7,3740
2394.0,1369,436,1382,443
2395.0,2474,1236,2460,1242
2396.0,849,592,882,546
2397.0,13,2957,12,3052
2398.0,732,2795,697,2692
2399.0,662,1142,675,1099
2400.0,1362,1210,1307,1188
2401.0,108,2746,124,2740
2402.0,663,130,686,111
2404.0,1247,293,1306,315
2405.0,2259,3675,2316,3443
2406.0,977,252,990,290
2407.0,595,147,613,154
2408.0,1486,475,1493,489
2409.0,1138,3275,1142,3279
2410.0,1905,442,1963,442
2411.0,1605,544,1608,544
2412.0,294,80,321,65
2413.0,412,243,377,223
2414.0,729,1008,729,1002
2415.0,732,187,732,171
2416.0,2372,1113,2310,1087
2417.0,1997,632,1919,630
2418.0,1260,277,1229,254
2419.0,484,1829,441,1848
2420.0,2035,9500,1978,9429
2421.0,16,155,17,140
2422.0,1027,1533,1075,1472
2423.0,428,1862,439,1891
2424.0,383,83,382,102
2425.0,2,145,6,115
2426.0,651,135,669,165
2427.0,1036,1415,1020,1383
2428.0,389,1835,376,1927
2429.0,1233,5622,1320,5636
2430.0,2895,2034,2918,2013
2432.0,1341,6664,1303,6573
2433.0,801,199,801,200
2434.0,217,70,213,62
2435.0,307,345,295,331
2436.0,1293,6721,1227,6606
2437.0,970,4251,903,4065
2438.0,103,2654,118,2632
2439.0,3673,1067,3754,1113
2440.0,238,133,250,147
2441.0,486,2581,473,2591
2442.0,121,492,124,551
2443.0,1560,411,1561,428
2444.0,151,981,159,1047
2445.0,1316,1976,1256,1959
2446.0,4598,3080,4689,3163
2447.0,175,47,175,70
2448.0,1051,259,981,259
2449.0,513,301,486,235
2450.0,654,206,607,222
2451.0,232,5768,227,5829
2452.0,530,161,536,118
2453.0,613,2639,645,2721
2454.0,2796,1113,2803,1051
2455.0,1358,335,1309,304
2456.0,625,4746,575,4632
2457.0,1197,1844,1152,1831
2458.0,788,115,779,105
2459.0,621,2346,634,2311
2460.0,258,2699,285,2664
2461.0,3782,553,3720,604
2462.0,256,303,272,309
2463.0,1507,261,1472,232
2464.0,192,913,201,934
2465.0,1260,1233,1284,1330
2466.0,899,147,920,138
2467.0,2761,1078,2780,1105
2468.0,250,1291,254,1323
2469.0,1536,623,1550,496
2470.0,2103,1513,2010,1491
2471.0,1337,858,1300,901
2472.0,1698,1803,1768,1932
2473.0,3085,702,3128,710
2474.0,87,543,115,569
2475.0,38,38,37,23
2476.0,2614,1483,2589,1430
2477.0,4137,1421,4195,1427
2478.0,92,15,74,15
2479.0,2460,1584,2483,1637
2480.0,2493,846,2502,862
2481.0,903,5547,918,5598
2482.0,1029,383,1032,387
2483.0,133,832,122,814
2484.0,1323,383,1255,353
2485.0,5,27,9,42
2486.0,1516,3221,1455,3216
2487.0,2795,738,2883,791
2488.0,1892,2257,1928,2391
2489.0,160,970,132,948
2490.0,485,145,450,126
2491.0,410,103,394,108
2492.0,697,100,671,106
2493.0,146,38,163,41
2494.0,6034,2621,5938,2579
2495.0,935,465,907,487
2496.0,201,1096,236,1093
2497.0,875,399,885,452
2498.0,484,96,502,75
2499.0,1947,1365,1983,1320
2500.0,1003,302,1000,328
2501.0,164,800,204,870
2502.0,430,950,390,898
2503.0,1135,384,1204,358
2504.0,1633,251,1632,274
2505.0,2027,732,2078,688
2506.0,766,195,709,164
2507.0,47,9,52,16
2508.0,450,3812,453,3853
2509.0,1023,157,989,168
2511.0,1385,481,1315,471
2513.0,1801,486,1829,511
2514.0,196,5007,185,5128
2515.0,616,88,633,85
2516.0,501,77,468,60
2517.0,1585,413,1589,420
2518.0,394,808,391,762
2519.0,1972,1540,1964,1388
2520.0,2554,587,2525,585
2521.0,59,240,59,218
2522.0,61,445,74,439
2523.0,1,6,2,4
2524.0,1747,1030,1822,1016
2525.0,305,1321,274,1215
2526.0,3197,857,3128,919
2527.0,271,857,273,831
2529.0,63,291,62,280
2530.0,3927,1724,3951,1723
2531.0,119,696,132,642
2532.0,1413,591,1406,537
2533.0,349,686,374,728
2534.0,84,464,101,442
2535.0,3635,4440,3689,4472
2536.0,1564,532,1532,480
2537.0,528,2390,573,2435
2538.0,3259,1460,3261,1556
2539.0,642,3827,658,3743
2540.0,2906,1486,2879,1524
2541.0,2151,1632,2060,1687
2542.0,98,381,90,371
2543.0,1008,2660,941,2573
2544.0,1977,1591,1873,1523
2545.0,3758,1414,3751,1382
2546.0,2623,564,2667,572
2547.0,1090,1102,1065,1104
2548.0,1588,433,1587,421
2549.0,6,2226,10,2141
2550.0,2799,5378,2786,5402
2551.0,289,107,277,100
2552.0,124,136,128,129
2553.0,438,2429,461,2450
2554.0,982,1348,990,1260
2555.0,3175,6434,3139,6476
2556.0,974,1217,1001,1184
2557.0,126,375,111,384
2559.0,1418,560,1478,536
2560.0,1983,801,1912,776
2561.0,19,7,12,11
2562.0,1028,425,1041,439
2563.0,923,1183,915,1088
2564.0,1081,871,1061,812
2565.0,638,194,615,174
2566.0,2608,530,2577,601
2567.0,67,1208,60,1210
2568.0,494,267,493,237
2569.0,1862,776,1846,863
2570.0,193,401,220,423
2571.0,1879,384,1899,370
2572.0,2347,1772,2447,1701
2573.0,8727,4287,8734,4353
2574.0,324,333,273,357
2575.0,2775,1013,2734,1027
2576.0,713,194,683,232
2577.0,164,85,161,98
2578.0,108,695,130,739
2579.0,385,64,387,97
2580.0,107,17,104,14
2581.0,3034,2535,2979,2522
2582.0,781,185,781,180
2583.0,181,74,206,77
2584.0,1691,529,1708,554
2585.0,2,83,2,85
2586.0,194,45,189,44
2587.0,2449,2814,2466,2722
2588.0,6399,2176,6492,2145
2589.0,463,1686,510,1728
2590.0,460,705,419,660
2591.0,689,248,663,252
2592.0,1198,1632,1212,1627
2593.0,14,1487,11,1620
2594.0,6353,2311,6570,2397
2595.0,130,35,140,57
2596.0,569,166,569,166
2597.0,232,1230,237,1232
2598.0,23,174,21,192
2599.0,2077,457,2112,466
2600.0,848,253,814,250
2601.0,1747,2242,1762,2264
2602.0,704,1381,702,1347
2603.0,426,83,443,108
2605.0,1212,593,1166,590
2606.0,1142,289,1149,271
2607.0,1577,602,1529,671
2608.0,646,219,637,269
2610.0,3,12,3,7
2611.0,633,173,628,178
2612.0,1572,1520,1602,1485
2613.0,1681,370,1681,387
2614.0,269,1136,283,1138
2615.0,1816,778,1809,774
2616.0,3436,2097,3348,2155
2617.0,616,752,614,857
2618.0,64,557,73,519
2619.0,907,281,890,281
2620.0,738,1625,730,1538
2621.0,1175,225,1227,259
2622.0,200,2668,223,2805
2623.0,198,968,197,1021
2624.0,53,599,45,587
2625.0,56,3084,71,3249
2626.0,1263,1177,1355,1271
2627.0,1089,443,1094,440
2628.0,1283,402,1227,417
2629.0,111,18,106,31
2630.0,739,230,697,203
2631.0,1739,1364,1708,1404
2632.0,973,136,934,133
2633.0,861,2308,932,2341
2634.0,256,112,327,104
2635.0,1990,2771,2083,2730
2636.0,540,93,561,90
2637.0,3514,1813,3599,1926
2638.0,4471,1729,4568,1767
2639.0,287,1592,296,1596
2640.0,1984,2088,2005,2151
2641.0,903,416,926,412
2642.0,739,529,691,509
2643.0,321,63,325,75
2644.0,113,698,125,680
2645.0,2154,1256,2180,1242
2646.0,234,930,197,917
2647.0,948,234,969,271
2648.0,1098,222,1077,247
2649.0,3019,1367,2998,1308
2650.0,1648,3419,1649,3587
2651.0,30,137,33,145
2652.0,592,199,583,196
2653.0,747,297,734,273
2654.0,633,134,640,140
2655.0,464,751,470,788
2656.0,58,1414,67,1428
2657.0,109,33,100,27
2658.0,474,149,466,155
2659.0,421,109,416,127
2660.0,116,591,84,560
2661.0,543,350,510,355
2662.0,1545,442,1506,448
2663.0,3563,875,3668,904
2664.0,77,528,92,505
2665.0,88,2394,106,2356
2666.0,578,1279,608,1316
2667.0,827,270,857,253
2668.0,70,261,62,188
2669.0,1287,343,1271,366
2670.0,1415,3206,1388,3226
2671.0,613,438,600,412
2672.0,427,138,433,135
2673.0,310,1431,327,1413
2674.0,3609,548,3603,530
2675.0,1277,1905,1281,1847
2676.0,688,301,668,271
2677.0,826,3541,808,3470
2678.0,159,708,167,716
2679.0,0,39,0,35
2680.0,1965,432,2020,409
2681.0,265,106,254,107
2682.0,3520,1262,3442,1299
2683.0,1139,151,1077,143
2684.0,493,457,472,459
2685.0,40,1092,49,1100
2686.0,2583,1723,2587,1795
2687.0,484,1437,481,1409
2688.0,2785,541,2844,645
2689.0,125,3006,134,2954
2690.0,108,1121,83,986
2691.0,230,4731,259,4651
2692.0,255,1584,265,1642
2693.0,8,149,16,147
2694.0,1148,340,1187,324
2695.0,1404,1121,1380,1089
2696.0,1943,317,1939,306
2697.0,1468,403,1481,410
2698.0,283,66,261,67
2699.0,1488,368,1436,318
2700.0,499,836,458,803
2701.0,1685,374,1691,388
2702.0,548,195,594,218
2703.0,3262,7055,3227,7106
2704.0,648,4089,614,3975
2705.0,9,1416,15,1418
2706.0,15,147,10,140
2707.0,93,1979,90,1936
2708.0,320,605,327,533
2710.0,1388,1213,1487,1382
2711.0,1470,801,1494,738
2712.0,21,62,18,60
2713.0,1441,2415,1460,2475
2714.0,2063,611,2066,652
2715.0,771,181,790,240
2716.0,551,1076,575,1064
2718.0,218,459,227,465
2719.0,45,38,47,24
2720.0,794,302,828,275
2721.0,856,3294,848,3390
2722.0,2807,948,2696,972
2723.0,2919,913,2948,936
2724.0,1952,820,1882,827
2725.0,1817,678,1802,767
2726.0,3111,1047,3138,1100
2727.0,967,213,952,239
2728.0,318,580,317,566
2729.0,235,123,209,102
2730.0,2071,474,2056,525
2731.0,459,139,429,109
2732.0,944,446,913,437
2733.0,161,3096,169,3050
2734.0,224,1807,241,1811
2735.0,2710,617,2589,558
2736.0,1712,893,1751,890
2737.0,881,1086,861,1025
2738.0,951,267,965,235
2739.0,674,171,647,177
2740.0,1492,1572,1466,1557
2741.0,659,187,633,177
2742.0,3551,1859,3709,1748
2743.0,959,639,977,637
2744.0,1411,2776,1356,2759
2745.0,196,62,177,51
2746.0,7,248,16,287
2747.0,1131,2373,1162,2583
2748.0,7,2828,12,2622
2749.0,1372,2750,1454,2817
2750.0,701,145,697,165
2751.0,271,1339,269,1300
2752.0,254,93,272,92
2753.0,369,82,363,74
2754.0,765,3768,748,3740
2755.0,4384,1115,4377,1009
2757.0,1962,4130,1995,4300
2758.0,1507,291,1539,277
2759.0,2524,566,2437,572
2760.0,0,10,0,10
2761.0,2190,824,2158,817
2762.0,2587,3075,2626,3035
2763.0,699,1618,626,1619
2764.0,2009,3683,1956,3720
2765.0,1922,2757,1849,2691
2766.0,2647,1736,2614,1790
2767.0,2589,1060,2593,1057
2768.0,2274,1926,2360,1964
2769.0,1510,2445,1554,2366
2770.0,1159,365,1174,350
2771.0,268,1290,228,1187
2772.0,98,2858,105,2883
2773.0,2189,2114,2217,2035
2774.0,573,1134,578,1124
2775.0,1461,645,1491,609
2776.0,4047,3473,4161,3349
2777.0,159,1613,130,1605
2778.0,37,396,42,452
2779.0,1487,684,1470,619
2780.0,583,1471,604,1521
2781.0,25,461,11,421
2782.0,174,1085,174,1144
2783.0,1149,235,1140,253
2784.0,1308,428,1300,434
2785.0,1308,533,1290,515
2786.0,220,275,241,310
2787.0,0,137,0,132
2788.0,1178,1152,1188,1103
2789.0,1397,409,1475,445
2790.0,546,4046,558,4172
2791.0,483,883,446,857
2792.0,1658,457,1727,433
2794.0,427,236,420,210
2795.0,1341,317,1284,339
2796.0,135,59,150,42
2797.0,362,443,354,403
2798.0,230,5232,185,5241
2799.0,991,272,985,242
2800.0,953,374,993,422
2801.0,1941,514,1909,469
2802.0,1462,5167,1400,5191
2803.0,10,5,10,2
2804.0,69,127,77,117
2805.0,333,70,336,55
2806.0,1301,394,1265,384
2807.0,539,352,528,349
2808.0,234,53,233,45
2809.0,68,526,63,586
2810.0,537,140,535,155
2811.0,101,1219,109,1205
2812.0,1933,602,2013,560
2813.0,1346,4012,1405,3983
2814.0,684,186,757,181
2815.0,1045,280,1066,287
2816.0,141,287,148,270
2817.0,33,531,33,554
2818.0,1507,560,1447,493
2819.0,81,39,70,44
2820.0,1436,551,1370,568
2821.0,774,229,770,211
2822.0,1511,563,1548,542
2823.0,7,146,12,114
2824.0,156,43,156,69
2825.0,2137,545,2140,582
2826.0,921,1369,919,1375
2827.0,360,114,384,108
2828.0,2354,1157,2353,1206
2829.0,641,102,685,117
2830.0,76,531,90,574
2831.0,1094,524,1149,498
2832.0,1023,3348,1029,3276
2833.0,181,40,176,28
2834.0,1458,1717,1422,1649
2835.0,101,119,81,106
2836.0,265,68,259,75
2837.0,46,230,50,216
2838.0,368,1704,376,1733
2839.0,1067,4369,1052,4311
2840.0,1691,570,1615,537
2841.0,674,261,638,203
2842.0,2006,531,1987,519
2843.0,3880,1218,3890,1131
2844.0,132,184,145,208
2845.0,50,1832,68,1807
2846.0,831,190,786,202
2847.0,338,1467,312,1460
2848.0,901,1836,961,1870
2849.0,1468,350,1454,339
2850.0,767,140,723,140
2851.0,718,128,766,118
2852.0,909,1000,952,993
2853.0,128,3560,141,3560
2854.0,1098,223,1131,211
2855.0,1597,314,1530,298
2856.0,1113,241,1037,245
2857.0,950,215,974,260
2858.0,886,4856,897,4852
2859.0,100,2384,108,2331
2860.0,844,204,894,225
2861.0,709,2545,737,2470
2862.0,3780,1434,3860,1407
2863.0,4478,1740,4532,1707
2864.0,93,917,89,929
2865.0,1326,1004,1326,947
2866.0,81,613,71,584
2867.0,359,615,387,606
2868.0,120,2030,105,2014
2869.0,185,205,198,197
2870.0,390,123,398,118
2871.0,6277,3053,6329,3098
2872.0,795,368,833,384
2873.0,171,83,184,88
2874.0,1511,673,1523,711
2875.0,541,172,497,151
2876.0,1032,279,1074,260
2877.0,1739,632,1762,651
2878.0,1880,967,1932,970
2879.0,38,654,33,640
2880.0,2602,4396,2525,4296
2881.0,530,254,557,250
2882.0,669,378,646,350
2883.0,1154,298,1166,316
2884.0,1347,1901,1336,1924
2885.0,5669,3014,5722,2941
2886.0,334,75,351,75
2887.0,368,1486,369,1557
2888.0,1781,819,1769,855
2889.0,1124,1206,1136,1216
2890.0,679,198,715,188
2891.0,1642,1250,1721,1275
2892.0,330,313,301,308
2893.0,1890,3636,1859,3708
2894.0,374,171,389,164
2895.0,0,285,0,265
2896.0,1750,1394,1744,1392
2897.0,2905,1964,2832,1960
2898.0,913,466,910,431
2899.0,344,46,357,55
2900.0,1457,1255,1485,1328
2901.0,522,1359,512,1365
2902.0,14,169,27,189
2903.0,3707,1396,3716,1397
2904.0,4131,1387,4296,1366
2905.0,1371,580,1394,582
2906.0,374,1539,413,1487
2907.0,1506,1231,1440,1252
2908.0,565,2163,575,2167
2909.0,95,457,94,465
2910.0,551,320,533,309
2911.0,1715,727,1700,703
2912.0,1094,3485,1048,3408
2913.0,346,1705,356,1738
2914.0,646,131,623,111
2915.0,989,413,920,356
2916.0,1639,1049,1709,1156
2917.0,1392,339,1446,329
2918.0,666,893,656,931
2919.0,34,2587,24,2719
2920.0,292,2466,336,2474
2921.0,768,1712,783,1679
2922.0,730,705,705,673
2923.0,891,348,871,333
2924.0,40,1481,48,1403
2925.0,71,374,56,350
2926.0,3208,754,3154,757
2927.0,77,1985,86,1964
2928.0,15,9,13,5
2929.0,687,365,684,371
2930.0,413,82,391,76
2931.0,1235,1701,1211,1586
2932.0,1417,969,1366,1139
2933.0,3,13,4,21
2934.0,301,98,306,103
2935.0,315,85,351,103
2936.0,2287,1229,2231,1223
2937.0,70,1821,64,1730
2938.0,300,269,336,252
2939.0,712,171,728,160
2940.0,68,708,64,727
2941.0,230,51,221,33
2942.0,67,510,84,487
2943.0,922,187,827,181
2944.0,2403,744,2482,715
2945.0,1577,589,1544,627
2946.0,1718,266,1853,253
2947.0,326,8388,300,8205
2948.0,1148,318,1139,314
2949.0,2514,2225,2512,2266
2950.0,136,2043,119,1985
2951.0,978,626,968,622
2952.0,2391,1676,2439,1720
2953.0,515,427,498,487
2954.0,863,258,915,241
2955.0,46,445,53,514
2956.0,1417,865,1441,814
2957.0,772,1059,803,1080
2958.0,1022,744,1006,736
2959.0,439,1277,460,1234
2960.0,1634,860,1535,840
2961.0,875,340,909,373
2962.0,748,398,779,443
2963.0,1386,277,1422,253
2964.0,1295,273,1299,314
2965.0,1224,1038,1224,1117
2966.0,624,137,562,132
2967.0,505,426,526,450
2968.0,1204,309,1289,311
2969.0,817,4390,900,4445
2970.0,580,390,565,405
2971.0,1577,1390,1633,1342
2972.0,1696,565,1638,617
2973.0,148,32,150,26
2974.0,3059,953,3201,1003
2975.0,495,162,526,197
2976.0,904,2381,929,2357
2977.0,161,614,145,665
2978.0,614,432,644,381
2979.0,3785,3036,3747,3122
2980.0,471,3431,488,3475
2981.0,514,183,558,150
2982.0,1608,775,1614,750
2983.0,803,309,762,298
2984.0,144,125,144,120
2985.0,377,85,349,72
2986.0,10,79,22,83
2987.0,251,863,249,853
2988.0,306,708,346,726
2989.0,613,102,629,121
2990.0,1434,1056,1420,932
2991.0,3255,2154,3236,2103
2992.0,96,352,120,375
2993.0,2605,2564,2497,2535
2994.0,671,1871,627,1862
2995.0,1686,369,1685,376
2996.0,1366,392,1344,399
2997.0,2600,724,2538,664
2998.0,2393,598,2402,590
2999.0,51,446,63,505
3000.0,620,435,617,508
3001.0,411,3508,400,3768
3002.0,3234,1070,3264,1113
3003.0,152,4711,154,4749
3004.0,157,1561,137,1480
3005.0,736,184,726,190
3006.0,974,908,961,952
3007.0,242,1120,262,1107
3008.0,78,1703,78,1629
3009.0,511,110,547,124
3010.0,1206,424,1164,416
3011.0,3021,5327,3055,5342
3012.0,1324,1217,1344,1207
3013.0,83,1460,82,1468
3014.0,112,3186,129,3231
3015.0,1546,2164,1510,2148
3016.0,1430,858,1484,857
3017.0,977,199,1024,195
3018.0,751,231,748,214
3019.0,1975,545,1950,541
3020.0,1182,691,1134,629
3021.0,3771,2071,3705,2147
3022.0,383,77,314,76
3023.0,72,2350,75,2381
3024.0,2049,1157,2041,1131
3025.0,965,1820,971,1926
3026.0,193,1541,202,1511
3027.0,1728,614,1651,611
3028.0,104,415,101,442
3029.0,830,192,781,168
3030.0,55,257,59,222
3031.0,245,49,259,57
3032.0,480,108,478,137
3033.0,107,904,114,1266
3034.0,2225,507,2288,529
3035.0,1096,1449,1133,1501
3036.0,2804,3878,2872,4610
3037.0,1069,3876,1121,3788
3038.0,801,225,753,213
3039.0,372,137,365,116
3040.0,2642,486,2580,530
3041.0,1261,305,1240,283
3042.0,24,187,27,174
3043.0,879,2365,900,2355
3044.0,413,563,373,583
3045.0,1572,632,1584,647
3046.0,164,251,156,228
3047.0,355,58,350,57
3048.0,290,1305,273,1287
3049.0,2955,3346,2947,3309
3050.0,528,698,508,661
3051.0,268,777,251,702
3052.0,1459,1814,1361,1658
3053.0,1335,311,1367,331
3054.0,2409,1509,2450,1425
3055.0,1481,1836,1485,1939
3056.0,657,144,740,151
3057.0,2122,1543,2095,1457
3058.0,1074,285,1095,326
3059.0,823,771,812,786
3060.0,1679,1644,1692,1844
3061.0,2630,855,2555,943
3062.0,129,1298,128,1346
3063.0,294,891,308,925
3064.0,1871,619,1835,664
3065.0,269,1115,275,1142
3066.0,2762,3480,2739,3554
3067.0,2238,604,2335,583
3068.0,114,577,115,580
3069.0,1577,1466,1545,1545
3070.0,146,33,126,31
3071.0,402,217,389,214
3072.0,1805,1129,1740,1108
3073.0,4318,921,4404,982
3074.0,1635,1515,1649,1535
3075.0,722,2597,753,2614
3076.0,13,2559,18,2522
3077.0,117,869,125,847
3078.0,1052,947,1058,897
3079.0,1601,192,1691,156
3080.0,608,273,583,256
3081.0,46,429,43,433
3082.0,1247,998,1316,944
3083.0,961,1050,934,1104
3084.0,2157,473,2265,512
3085.0,3448,1609,3448,1556
3086.0,865,180,834,171
3087.0,544,2503,557,2521
3088.0,611,164,627,203
3089.0,2387,1205,2369,1203
3090.0,1828,527,1836,538
3091.0,1720,1403,1654,1399
3092.0,109,734,118,727
3093.0,231,961,267,969
3094.0,529,139,520,127
3095.0,1099,673,1068,710
3096.0,120,17,104,15
3097.0,427,108,404,107
3098.0,1250,317,1336,333
3099.0,903,250,916,283
3100.0,692,103,719,116
3101.0,791,284,833,280
3102.0,343,2506,339,2389
3103.0,433,177,478,218
3104.0,875,193,893,209
3105.0,2794,1451,2746,1460
3106.0,1623,844,1595,812
3107.0,532,498,547,436
3108.0,586,759,617,779
3109.0,1173,1769,1215,1809
3110.0,755,770,681,766
3111.0,688,12029,701,12057
3112.0,522,1247,544,1248
3113.0,1253,439,1247,446
3114.0,191,1577,179,1520
3115.0,1007,2256,1015,2207
3116.0,1046,213,1035,197
3117.0,3444,1773,3446,1754
3118.0,3642,665,3580,642
3119.0,82,1608,71,1618
3120.0,1614,548,1618,583
3121.0,990,970,1037,913
3122.0,440,140,426,154
3123.0,1313,602,1280,545
3124.0,847,297,863,271
3125.0,1478,1427,1443,1468
3126.0,287,92,299,89
3127.0,23,230,32,294
3128.0,553,521,551,500
3129.0,703,1315,705,1353
3130.0,989,1653,973,1691
3131.0,361,404,306,319
3132.0,1177,1835,1132,1784
3133.0,1730,431,1653,401
3134.0,546,146,568,174
3135.0,2696,1496,2721,1478
3136.0,1727,597,1671,644
3137.0,170,610,165,601
3138.0,1839,956,1857,1017
3139.0,2039,420,2042,461
3140.0,2059,838,1911,800
3141.0,726,145,713,162
3142.0,2360,1677,2368,1672
3143.0,247,54,246,60
3144.0,618,3277,612,3297
3145.0,270,2228,290,2252
3146.0,597,160,588,181
3147.0,155,463,175,445
3148.0,396,2279,423,2200
3149.0,1315,1580,1304,1573
3150.0,454,446,483,520
3151.0,1341,855,1362,801
3152.0,1167,199,1182,231
3153.0,1401,427,1339,385
3154.0,1043,222,1033,228
3155.0,157,1470,171,1560
3156.0,892,401,904,444
3157.0,2021,693,2097,655
3158.0,1755,399,1682,421
3159.0,1130,838,1116,852
3160.0,510,181,547,163
3161.0,746,790,713,721
3162.0,2063,423,2078,445
3163.0,86,403,91,402
3164.0,1530,454,1514,422
3165.0,1813,2301,1763,2352
3166.0,5389,986,5248,1020
3167.0,190,994,187,1033
3168.0,2328,546,2331,533
3169.0,425,132,477,144
3170.0,491,135,478,124
3171.0,2027,286,2075,297
3172.0,1562,2225,1514,2190
3173.0,325,119,292,90
3174.0,1433,1571,1401,1584
3175.0,506,1967,545,2061
3176.0,1424,328,1447,316
3177.0,81,295,67,367
3178.0,790,271,744,276
3179.0,680,171,650,163
3180.0,1615,1609,1607,1604
3181.0,1627,417,1613,478
3182.0,397,110,432,93
3183.0,2147,2545,2183,2432
3184.0,439,84,467,68
3185.0,1225,1676,1289,1663
3186.0,896,1270,820,1286
3187.0,200,17,193,31
3188.0,953,220,932,228
3189.0,1739,490,1750,529
3190.0,2158,558,2192,509
3191.0,1322,514,1340,508
3192.0,340,80,311,95
3193.0,721,699,706,675
3194.0,622,1245,636,1224
3195.0,1802,760,1824,755
3196.0,967,257,966,248
3197.0,475,1451,529,1403
3198.0,938,362,937,360
3199.0,3349,3256,3382,3240
3200.0,328,998,326,999
3201.0,1191,284,1172,263
3202.0,881,278,817,240
3203.0,3020,2865,3036,2882
3204.0,565,151,644,161
3205.0,1500,468,1465,453
3206.0,601,172,643,166
3207.0,1241,857,1285,934
3208.0,492,1858,457,1939
3209.0,1753,2461,1800,2460
3210.0,1058,437,1110,420
3211.0,737,311,770,266
3212.0,1767,496,1783,525
3213.0,61,1478,72,1566
3214.0,1667,2104,1646,2190
3215.0,971,211,969,213
3216.0,607,15153,608,15016
3217.0,1875,1365,1870,1448
3218.0,155,1799,173,1742
3219.0,915,231,860,241
3220.0,43,262,52,253
3221.0,2856,808,2812,859
3222.0,684,160,663,150
3223.0,219,169,203,168
3224.0,263,79,251,56
3225.0,1927,479,1954,472
3226.0,1333,1377,1324,1419
3227.0,202,37,201,44
3228.0,2257,682,2237,700
3229.0,823,248,830,235
3230.0,1889,503,1871,507
3231.0,662,582,657,603
3232.0,1281,290,1246,264
3233.0,919,3636,979,3753
3234.0,1108,243,1068,225
3235.0,1277,2493,1281,2575
3236.0,63,1318,70,1361
3237.0,1744,277,1792,306
3238.0,409,123,447,131
3239.0,901,1554,898,1572
3240.0,1188,328,1155,360
3241.0,2642,569,2567,557
3242.0,342,1064,355,1015
3243.0,563,152,551,151
3244.0,467,176,460,177
3245.0,606,3515,618,3494
3246.0,409,50,451,68
3247.0,1943,1117,1990,1045
3248.0,1191,245,1210,229
3249.0,1730,399,1805,371
3250.0,1116,2452,1155,2637
3251.0,150,392,148,362
3252.0,311,1711,366,1826
3253.0,3030,4042,2947,4027
3254.0,3556,3520,3480,3630
3255.0,667,186,673,171
3256.0,849,382,881,366
3257.0,1419,502,1395,562
3258.0,2633,938,2732,941
3259.0,1254,876,1212,854
3260.0,2051,574,2217,591
3261.0,995,917,913,856
3262.0,1720,460,1622,509
3263.0,1151,355,1183,387
3264.0,864,260,881,292
3265.0,2481,1492,2497,1456
3266.0,1241,274,1225,281
3267.0,1169,307,1110,292
3268.0,2325,2309,2286,2430
3269.0,974,355,974,329
3270.0,1091,2489,1112,2483
3271.0,832,414,837,532
3272.0,1373,722,1326,664
3273.0,1129,315,1173,328
3274.0,620,717,647,691
3275.0,2513,577,2536,629
3276.0,394,101,388,116
3277.0,860,312,820,321
3278.0,505,10773,496,10622
3279.0,667,203,673,173
3280.0,1906,411,1748,382
3281.0,27,412,29,409
3282.0,22,211,16,207
3283.0,452,129,461,121
3284.0,2126,310,2107,319
3285.0,2195,827,2220,798
3286.0,1374,1622,1298,1568
3287.0,2514,538,2429,516
3288.0,1070,495,1038,453
3289.0,1652,697,1756,711
3290.0,884,196,942,231
3291.0,2274,2125,2210,2017
3292.0,449,99,409,81
3293.0,536,175,539,200
3294.0,820,1457,825,1508
3295.0,2207,880,2235,872
3296.0,1,1602,1,1608
3297.0,913,218,840,239
3298.0,446,648,429,514
3299.0,1120,240,1122,225
3300.0,989,1979,1038,1881
3301.0,1919,487,1915,500
3302.0,538,117,515,106
3303.0,1447,294,1432,293
3304.0,1074,209,1088,199
3305.0,1393,920,1343,805
3306.0,69,674,51,677
3307.0,3478,851,3567,843
3308.0,1042,353,1083,382
3309.0,1133,400,1198,429
3310.0,1202,692,1090,667
3311.0,2549,1370,2664,1478
3312.0,286,56,302,47
3313.0,589,225,605,196
3314.0,1259,414,1257,412
3315.0,8,73,9,77
3316.0,78,1466,90,1415
3317.0,167,491,171,541
3318.0,688,424,717,439
3319.0,2843,6156,2847,6119
3320.0,387,1289,380,1280
3321.0,216,43,216,51
3322.0,711,182,720,193
3323.0,658,474,744,527
3324.0,1277,1433,1305,1318
3325.0,1791,937,1999,1043
3326.0,1100,2068,1105,1981
3327.0,885,143,916,149
3328.0,299,873,294,847
3329.0,700,185,710,183
3330.0,645,230,644,219
3331.0,339,64,312,83
3332.0,777,1308,791,1328
3333.0,1090,538,1052,556
3334.0,939,437,981,443
3335.0,635,224,627,222
3336.0,156,1318,162,1324
3337.0,951,238,965,231
3338.0,1802,702,1819,730
3339.0,431,110,412,85
3340.0,574,131,545,162
3341.0,676,163,687,168
3342.0,1867,1977,1906,1982
3343.0,697,169,622,152
3344.0,284,216,312,228
3345.0,1587,2234,1584,2227
3346.0,1865,540,1818,546
3347.0,1857,473,1931,477
3348.0,521,138,542,148
3349.0,1850,386,1880,402
3350.0,824,204,837,246
3351.0,904,255,860,200
3352.0,755,1252,754,1256
3353.0,454,2829,460,2734
3354.0,505,152,511,149
3355.0,1798,447,1839,465
3356.0,1214,301,1269,255
3357.0,521,197,530,206
3358.0,647,122,636,124
3359.0,689,161,705,170
3360.0,1485,763,1497,797
3361.0,585,95,588,128
3362.0,850,228,824,230
3363.0,418,143,415,111
3364.0,286,2512,327,2625
3365.0,397,156,420,157
3366.0,1402,4555,1357,4736
3367.0,61,90,50,83
3368.0,388,7873,363,7741
3369.0,476,79,461,74
3370.0,283,770,272,833
3371.0,1232,1524,1305,1626
3372.0,2507,850,2545,903
3373.0,215,49,200,56
3374.0,3073,1739,2969,1707
3375.0,1078,276,1060,227
3376.0,907,6368,917,6473
3377.0,879,1096,838,1139
3378.0,411,118,452,177
3379.0,1164,526,1148,491
3380.0,509,323,514,319
3381.0,1207,497,1216,535
3382.0,3271,1529,3321,1473
3383.0,1029,1271,1044,1294
3384.0,1448,1022,1413,1026
3385.0,190,35,216,39
3386.0,271,31,257,43
3387.0,699,509,699,536
3388.0,754,233,733,240
3389.0,475,162,444,112
3390.0,435,709,407,664
3391.0,782,180,771,187
3392.0,14,93,19,79
3393.0,98,2066,99,1950
3394.0,862,2503,899,2527
3395.0,1149,650,1146,551
3396.0,263,81,269,81
3397.0,622,207,654,200
3398.0,13,2088,14,2133
3399.0,1168,237,1105,208
3400.0,1307,323,1297,304
3401.0,3588,1325,3591,1217
3402.0,2900,632,2841,664
3403.0,754,170,757,184
3404.0,2111,487,2098,539
3405.0,397,1741,415,1722
3406.0,1079,212,1050,205
3407.0,573,141,565,134
3408.0,1036,290,1077,252
3409.0,331,88,317,84
3410.0,1774,1362,1792,1379
3411.0,1898,573,1894,592
3412.0,294,94,320,90
3413.0,318,609,312,559
3414.0,1418,810,1397,795
3415.0,31,447,21,407
3416.0,611,250,593,267
3417.0,216,4659,211,4910
3418.0,97,2809,92,2831
3419.0,2584,714,2675,751
3420.0,567,211,574,177
3421.0,1583,1114,1584,1164
3422.0,153,4463,154,4525
3423.0,1260,293,1271,314
3425.0,1390,387,1325,451
3426.0,2016,462,2037,536
3427.0,823,334,904,340
3428.0,727,1447,748,1399
3429.0,2345,1097,2399,1096
3430.0,417,98,402,114
3431.0,54,638,58,590
3432.0,1009,691,975,623
3433.0,288,106,284,102
3434.0,1055,388,1036,364
3435.0,1076,1774,1062,1835
3436.0,1666,1823,1737,1883
3437.0,3234,837,3196,837
3438.0,1272,287,1226,251
3439.0,819,280,839,324
3440.0,3960,2334,3950,2299
3441.0,1874,3374,1897,3423
3442.0,417,413,403,377
3443.0,1413,333,1349,353
3444.0,1493,238,1432,270
3445.0,83,15,81,11
3446.0,2085,862,2097,743
3447.0,289,2187,281,2171
3448.0,756,212,841,211
3449.0,507,149,493,221
3450.0,1034,261,1061,264
3451.0,207,52,195,45
3452.0,1963,503,1953,491
3454.0,574,254,580,308
3455.0,452,80,455,66
3456.0,4,5,3,5
3457.0,54,1392,61,1400
3458.0,3207,2550,3112,2413
3459.0,1580,528,1579,560
3460.0,1323,1506,1334,1579
3461.0,1813,2130,1827,2204
3462.0,645,128,681,119
3463.0,1166,6606,1191,6502
3464.0,504,1417,499,1338
3465.0,1316,485,1288,438
3466.0,2065,439,2156,547
3467.0,924,2449,880,2549
3468.0,683,418,690,441
3469.0,74,93,84,116
3470.0,2276,658,2255,663
3471.0,66,570,62,520
3472.0,733,159,853,178
3473.0,1108,285,1098,274
3474.0,1100,302,1078,266
3475.0,790,187,852,202
3476.0,42,581,40,592
3477.0,1370,279,1412,243
3478.0,812,176,820,165
3479.0,204,1109,193,1077
3480.0,1493,494,1458,501
3481.0,2793,2232,2749,2130
3482.0,1866,441,1994,448
3483.0,1087,909,1114,951
3484.0,1945,2303,2050,2407
3485.0,2109,516,2102,577
3486.0,530,268,500,271
3487.0,1319,770,1295,822
3488.0,658,626,686,664
3489.0,3143,638,3153,677
3490.0,1793,462,1795,440
3491.0,2534,428,2535,431
3492.0,734,200,727,246
3493.0,555,130,609,151
3494.0,840,1053,935,1012
3495.0,1266,304,1282,266
3496.0,1750,1151,1760,1164
3497.0,353,151,350,148
3498.0,2905,2248,2957,2189
3499.0,513,180,507,169
3500.0,519,352,495,319
3501.0,530,135,549,150
3502.0,838,955,806,936
3503.0,742,170,804,217
3504.0,1287,365,1347,356
3505.0,1260,271,1222,270
3506.0,45,2516,57,2444
3507.0,446,123,444,104
3508.0,1003,969,969,1050
3509.0,1301,1623,1337,1552
3510.0,551,2314,588,2083
3511.0,2531,1112,2423,1124
3512.0,1568,311,1495,342
3513.0,1141,311,1187,290
3514.0,1950,510,2076,615
3515.0,1780,498,1898,457
3516.0,545,147,527,159
3517.0,2588,917,2595,910
3518.0,875,1252,862,1172
3519.0,811,1821,858,1801
3520.0,1677,369,1732,407
3521.0,632,317,608,362
3522.0,693,1576,689,1571
3523.0,464,2098,463,2112
3524.0,2630,920,2505,936
3525.0,628,3856,619,3889
3526.0,1493,1720,1444,1657
3527.0,1636,569,1526,481
3528.0,871,2056,916,2002
3529.0,900,304,893,312
3530.0,62,311,55,273
3531.0,843,200,872,197
3532.0,411,132,412,144
3533.0,118,115,143,145
3534.0,903,234,882,192
3535.0,1698,1484,1727,1512
3536.0,136,284,150,334
3537.0,857,840,862,828
3538.0,334,63,334,78
3539.0,22,3488,22,3296
3540.0,2624,2381,2612,2272
3541.0,392,184,394,186
3542.0,1550,577,1507,580
3543.0,1685,431,1700,413
3544.0,583,126,527,158
3545.0,2321,522,2367,576
3546.0,1816,2476,1873,2545
3547.0,1012,264,984,278
3548.0,1258,330,1302,313
3549.0,1930,1554,1902,1560
3550.0,3377,1164,3313,1244
3551.0,8,8,5,9
3552.0,2786,1610,2770,1543
3553.0,483,3448,502,3325
3554.0,108,208,102,186
3555.0,2257,535,2293,559
3556.0,2064,2211,2120,2094
3557.0,315,50,295,58
3558.0,1884,1240,1859,1234
3559.0,2494,760,2487,735
3560.0,7,127,11,134
3561.0,4407,1374,4493,1357
3562.0,431,77,435,87
3563.0,1373,545,1397,554
3564.0,300,1324,289,1332
3565.0,3341,785,3294,841
3566.0,3516,786,3620,813
3567.0,1584,425,1596,402
3568.0,1828,1202,1812,1173
3569.0,945,1384,954,1342
3570.0,2196,1375,2138,1349
3571.0,1229,595,1226,559
3572.0,454,138,449,133
3573.0,797,6439,811,6460
3574.0,2295,2305,2215,2337
3575.0,1315,581,1236,566
3576.0,1756,405,1765,382
3577.0,402,106,367,103
3578.0,2541,3233,2553,3103
3579.0,610,782,562,757
3580.0,1569,301,1530,331
3581.0,236,27,254,39
3582.0,807,163,799,138
3583.0,483,1421,494,1464
3584.0,260,59,249,53
3585.0,712,263,750,268
3586.0,2242,444,2234,506
3587.0,2701,661,2771,724
3588.0,2835,1918,2894,1872
3589.0,1691,371,1708,370
3590.0,712,125,735,146
3591.0,2666,1865,2731,1832
3592.0,1970,1091,1961,1022
3593.0,26,296,26,299
3594.0,1578,449,1535,422
3595.0,718,656,787,700
3596.0,536,215,559,252
3597.0,431,141,450,139
3598.0,3761,2302,3723,2391
3599.0,339,135,342,144
3600.0,404,298,415,311
3601.0,58,241,48,213
3602.0,516,518,485,475
3603.0,1495,546,1448,557
3604.0,371,2132,364,2111
3605.0,2772,3656,2851,3755
3606.0,505,2227,523,2281
3607.0,1732,733,1778,711
3608.0,746,188,734,227
3609.0,804,217,774,221
3610.0,2771,726,2768,818
3611.0,2409,582,2369,569
3612.0,398,9635,389,9841
3613.0,1386,314,1352,333
3614.0,1702,2371,1662,2346
3615.0,665,161,708,165
3616.0,1634,574,1680,631
3617.0,998,314,1002,288
3618.0,1315,372,1331,373
3619.0,1164,847,1150,875
3620.0,207,62,204,63
3621.0,1550,1847,1493,1823
3622.0,1506,736,1465,694
3623.0,1839,397,1767,340
3624.0,257,776,281,771
3625.0,2,329,2,338
3626.0,2673,835,2679,830
3627.0,2735,877,2639,822
3628.0,1248,516,1204,503
3629.0,389,923,376,892
3630.0,26,602,22,668
3631.0,3207,882,3152,882
3632.0,3107,3450,3170,3305
3633.0,1848,2223,1870,2137
3634.0,2938,3225,2886,3192
3635.0,724,255,694,234
3636.0,20,1410,24,1426
3637.0,1214,1656,1248,1743
3638.0,267,991,251,984
3639.0,1992,516,1926,516
3640.0,1388,437,1413,420
3641.0,280,850,306,855
3642.0,1388,299,1466,311
3643.0,1113,412,1148,400
3644.0,1185,3163,1162,3074
3645.0,1553,1592,1536,1649
3646.0,1384,303,1356,302
3647.0,82,162,71,148
3648.0,816,882,883,934
3649.0,1226,307,1211,387
3650.0,1130,284,1147,306
3651.0,1257,732,1226,719
3652.0,1126,265,1123,254
3653.0,713,328,718,214
3654.0,1940,418,1932,436
3655.0,1725,541,1636,531
3656.0,271,966,285,966
3657.0,477,545,482,561
3658.0,607,139,604,120
3659.0,919,1240,870,1207
3660.0,915,2720,898,2822
3661.0,320,75,364,89
3662.0,702,188,672,211
3663.0,1709,588,1651,520
3664.0,1243,472,1255,499
3665.0,1487,258,1406,281
3666.0,2872,575,2962,601
3667.0,4290,1960,4296,2028
3668.0,2653,820,2655,787
3669.0,239,3280,238,3177
3670.0,1130,1397,1088,1438
3671.0,1095,747,1171,792
3672.0,82,17,83,24
3673.0,96,431,108,420
3674.0,273,5287,285,5407
3675.0,1049,757,1072,735
3676.0,502,3205,490,3365
3677.0,150,3583,154,3474
3678.0,450,111,412,123
3679.0,1537,1966,1528,1941
3680.0,702,288,639,260
3681.0,1429,422,1403,378
3682.0,2080,622,2177,603
3683.0,1386,308,1414,294
3684.0,144,814,144,844
3685.0,701,364,703,367
3686.0,10,130,18,126
3687.0,882,731,910,831
3688.0,1995,1164,1982,1153
3689.0,294,171,265,189
3690.0,92,18,74,3
3691.0,310,809,345,797
3692.0,881,376,808,331
3694.0,306,80,312,87
3695.0,1445,336,1476,300
3696.0,947,2583,960,2475
3697.0,1116,1934,1084,1914
3698.0,857,1810,883,1663
3700.0,1455,1313,1409,1301
3701.0,201,2642,207,2733
3702.0,2330,1605,2245,1701
3703.0,646,162,635,154
3704.0,484,90,466,108
3705.0,2065,476,2134,490
3706.0,862,1164,942,1173
3707.0,1193,250,1188,267
3708.0,1862,592,1899,568
3709.0,896,1531,902,1452
3710.0,1816,957,1846,959
3711.0,660,190,666,193
3712.0,1338,435,1272,413
3713.0,1035,2541,1105,2559
3714.0,554,145,555,142
3715.0,5,11,8,21
3716.0,519,133,537,138
3717.0,285,75,282,70
3718.0,1232,333,1190,355
3719.0,358,46,356,64
3720.0,244,102,281,106
3721.0,1904,304,1865,325
3722.0,1021,1630,1120,1632
3723.0,1413,447,1385,393
3724.0,69,1726,54,1798
3725.0,1086,378,1112,407
3726.0,262,72,243,60
3727.0,891,2203,911,2163
3728.0,1002,2329,1000,2274
3729.0,614,245,621,304
3730.0,753,988,786,999
3731.0,2529,756,2461,729
3733.0,65,32,84,35
3734.0,1885,1515,1793,1485
3735.0,1194,1015,1201,1014
3736.0,1180,345,1088,314
3737.0,727,958,712,992
3738.0,3,0,3,1
3739.0,1746,714,1856,706
3740.0,1288,411,1322,452
3741.0,590,1957,551,1910
3742.0,356,2057,366,2021
3743.0,948,267,930,262
3744.0,197,19754,233,19778
3745.0,1874,429,1874,442
3746.0,368,146,335,138
3747.0,2341,628,2377,578
3748.0,345,3917,370,3866
3749.0,193,2595,176,2711
3750.0,681,174,685,190
3751.0,629,259,625,276
3752.0,398,201,406,170
3753.0,1842,432,1874,452
3754.0,1332,513,1328,535
3755.0,4409,1152,4417,1265
3756.0,5107,1107,5066,1054
3757.0,1407,515,1429,460
3758.0,9,607,23,603
3759.0,1609,230,1557,260
3760.0,398,111,440,110
3761.0,284,135,311,96
3762.0,1188,561,1190,563
3763.0,136,209,136,209
3764.0,2346,635,2325,684
3765.0,120,3282,142,3312
3766.0,2688,3121,2726,3171
3767.0,1294,1789,1312,1775
3768.0,384,88,354,71
3769.0,1377,880,1357,797
3770.0,811,214,805,190
3771.0,125,997,121,913
3772.0,1864,1085,1911,1046
3773.0,129,2996,164,3179
3774.0,2760,1910,2845,1981
3775.0,943,351,899,363
3776.0,123,1073,126,1101
3777.0,1146,576,1194,619
3778.0,434,1181,407,1129
3779.0,560,1822,600,1762
3780.0,593,172,581,169
3781.0,177,707,181,704
3783.0,2316,1121,2311,1143
3784.0,317,79,359,96
3785.0,2916,737,2746,746
3786.0,1548,322,1569,297
3787.0,374,805,395,859
3788.0,1148,1224,1118,1197
3789.0,137,21,140,31
3790.0,951,194,1022,216
3791.0,341,181,370,151
3792.0,732,2143,728,2252
3793.0,251,185,237,147
3794.0,976,246,1019,253
3795.0,280,63,296,53
3796.0,788,3176,783,3132
3797.0,1204,1115,1208,1090
3798.0,737,672,762,697
3799.0,1020,776,1008,758
3800.0,1000,3993,1022,4011
3801.0,950,326,993,312
3802.0,244,112,234,138
3803.0,2000,1688,1966,1677
3804.0,3057,1893,3105,2040
3805.0,659,561,683,521
3806.0,144,371,130,324
3807.0,2402,548,2499,548
3808.0,1262,604,1251,579
3809.0,976,685,961,660
3810.0,1263,469,1264,472
3812.0,2394,4844,2402,4897
3813.0,648,2083,635,2114
3814.0,271,51,262,54
3815.0,2509,2707,2507,2771
3816.0,64,1560,77,1456
3817.0,83,225,77,255
3818.0,542,104,540,114
3819.0,2428,2753,2444,2854
3820.0,1304,4309,1304,4285
3821.0,1915,524,1867,477
3822.0,2391,553,2339,532
3823.0,241,94,224,62
3824.0,852,227,862,213
3825.0,822,644,778,634
3826.0,335,1422,336,1442
3827.0,921,353,852,367
3828.0,283,103,278,92
3829.0,701,201,693,214
3830.0,132,2934,102,2824
3831.0,65,331,56,362
3832.0,1211,260,1189,263
3834.0,801,500,745,515
3835.0,397,1888,414,2015
3837.0,230,30,210,40
3838.0,572,258,563,213
3839.0,515,191,551,189
3840.0,705,1147,769,1076
3841.0,2528,3049,2464,3009
3842.0,315,1530,318,1588
3843.0,1112,370,1054,331
3844.0,94,24,92,29
3845.0,878,342,921,309
3846.0,69,384,78,379
3847.0,467,99,465,119
3848.0,582,555,537,512
3849.0,195,2003,205,1927
3850.0,149,601,154,595
3851.0,8,3,11,3
3852.0,631,283,593,251
3853.0,65,274,94,333
3854.0,1790,690,1800,770
3855.0,1137,728,1075,731
3856.0,993,1178,986,1175
3857.0,68,18,69,11
3858.0,494,658,456,652
3859.0,2771,602,2810,591
3860.0,12,2692,13,2800
3861.0,494,162,500,188
3862.0,1322,344,1267,332
3863.0,1774,401,1818,410
3864.0,2265,762,2258,767
3865.0,136,901,101,903
3866.0,584,1573,575,1542
3867.0,2532,765,2572,753
3868.0,1412,1287,1416,1330
3869.0,1365,271,1305,269
3870.0,95,1143,139,1243
3871.0,1474,580,1482,594
3872.0,655,700,624,688
3873.0,832,117,853,136
3874.0,938,215,904,252
3875.0,803,204,789,179
3876.0,2084,567,2082,624
3877.0,1200,1483,1168,1586
3878.0,622,1828,601,1824
3879.0,707,119,655,161
3880.0,512,433,510,443
3881.0,38,175,31,142
3883.0,164,950,168,900
3884.0,100,387,72,373
3885.0,1499,383,1512,343
3886.0,117,827,131,840
3887.0,235,44,238,34
3888.0,2087,2391,1957,2295
3889.0,1105,180,1089,161
3890.0,1086,639,1040,626
3891.0,990,232,999,187
3892.0,1667,1050,1701,1055
3893.0,843,280,836,313
3894.0,1115,229,1114,229
3895.0,19,127,28,122
3896.0,50,971,46,907
3897.0,761,419,763,429
3898.0,2024,635,1998,672
3899.0,942,404,886,398
3900.0,293,1747,270,1681
3901.0,2835,1615,2808,1723
3902.0,1329,1751,1361,1665
3903.0,304,136,350,116
3904.0,654,399,677,412
3905.0,6,22,6,23
3906.0,94,1864,101,1872
3907.0,185,28,146,37
3908.0,1568,352,1514,362
3909.0,1565,351,1531,312
3910.0,916,230,932,261
3911.0,1565,496,1538,421
3912.0,76,1085,72,1132
3913.0,768,715,744,717
3914.0,2639,590,2572,546
3915.0,487,161,489,161
3916.0,665,1711,612,1750
3918.0,700,221,696,253
3919.0,3060,1871,3224,1954
3920.0,2799,641,2733,625
3921.0,474,93,496,82
3922.0,2330,595,2390,591
3923.0,687,617,644,657
3925.0,357,121,351,122
3926.0,376,115,341,107
3927.0,1292,440,1325,496
3928.0,3549,1341,3537,1359
3929.0,745,329,743,329
3930.0,920,1126,978,1049
3931.0,2072,1521,2026,1548
3932.0,1462,487,1453,484
3933.0,911,2029,905,2039
3934.0,13,63,16,67
3935.0,969,192,993,228
3936.0,112,38,114,30
3938.0,1259,285,1251,286
3939.0,2319,5887,2257,6082
3940.0,502,9902,502,9768
3941.0,1170,2573,1100,2492
3942.0,349,390,330,372
3943.0,2199,407,2218,387
3944.0,3267,790,3278,837
3945.0,2991,541,2960,502
3946.0,2211,784,2166,809
3947.0,7,73,1,75
3948.0,1580,322,1488,285
3949.0,929,185,904,206
3950.0,741,1365,744,1367
3951.0,375,2537,326,2505
3952.0,1885,1709,1919,1640
3953.0,1913,1523,1855,1471
3954.0,2149,2821,2049,2770
3955.0,1302,618,1282,686
3956.0,1638,564,1571,620
3957.0,22,536,24,547
3958.0,5175,1709,5104,1701
3959.0,2099,361,2060,352
3960.0,802,579,763,543
3961.0,848,227,845,209
3962.0,5,20,3,14
3963.0,1346,227,1334,232
3964.0,221,2022,220,2024
3965.0,276,97,282,96
3967.0,1203,1648,1167,1578
3968.0,1210,488,1145,460
3969.0,398,545,385,529
3970.0,52,371,50,359
3971.0,900,6705,873,6850
3972.0,582,1434,603,1489
3973.0,2082,1887,2031,1839
3974.0,2431,4839,2347,4821
3975.0,819,405,799,455
3977.0,819,493,804,534
3979.0,261,51,308,51
3980.0,3105,1069,3173,1141
3981.0,854,190,869,173
3982.0,529,2525,558,2448
3983.0,676,240,638,255
3984.0,79,4255,81,4197
3985.0,550,236,559,226
3986.0,647,2255,661,2187
3987.0,1343,503,1317,511
3988.0,1532,3825,1540,3841
3989.0,698,4655,688,4596
3990.0,260,71,294,86
3991.0,340,157,365,207
3992.0,2367,474,2315,463
3993.0,834,1348,822,1348
3994.0,883,224,845,235
3995.0,2256,369,2328,419
3996.0,1049,226,1045,218
3997.0,489,113,546,103
3998.0,148,593,180,550
3999.0,2456,1171,2386,1105
4000.0,1963,1110,1969,1070
4001.0,875,1023,827,1053
4002.0,600,146,630,142
4003.0,82,1403,67,1338
4004.0,283,77,304,76
4006.0,1111,319,1105,333
4007.0,502,108,524,88
4008.0,86,56,79,50
4009.0,1271,513,1343,528
4010.0,10,181,16,218
4011.0,125,76,140,65
4012.0,944,1065,943,1036
4013.0,4859,3354,4893,3401
4014.0,381,1494,337,1442
4015.0,2316,687,2263,674
4016.0,1034,354,1051,373
4017.0,156,23,149,30
4018.0,1741,893,1779,880
4019.0,1821,468,1850,436
4020.0,429,5386,439,5349
4021.0,1309,700,1365,676
4022.0,15,2626,11,2664
4023.0,1977,714,2010,706
4024.0,496,132,496,135
4025.0,235,57,243,50
4026.0,1390,431,1364,410
4027.0,408,101,398,119
4028.0,1036,480,1047,528
4029.0,24,57,25,50
4030.0,1,3,0,5
4031.0,6594,1158,6598,1143
4032.0,671,147,677,177
4033.0,391,70,343,61
4034.0,861,415,911,501
4035.0,868,149,878,151
4036.0,12,172,13,165
4037.0,54,149,46,134
4038.0,1491,308,1497,284
4039.0,906,1607,871,1639
4040.0,357,136,385,133
4041.0,245,41,256,36
4042.0,816,172,798,156
4044.0,455,76,455,62
4045.0,926,247,970,257
4046.0,193,341,196,302
4047.0,168,161,203,186
4048.0,520,417,533,414
4049.0,1704,532,1755,577
4050.0,836,181,866,192
4051.0,555,135,504,122
4052.0,1606,859,1561,866
4053.0,6565,3109,6519,3008
4054.0,478,109,482,107
4055.0,1502,501,1513,465
4056.0,529,113,563,110
4057.0,359,80,363,84
4058.0,2462,2293,2454,2316
4059.0,824,2036,832,2214
4060.0,2732,541,2621,507
4061.0,884,283,941,288
4062.0,22,350,24,342
4063.0,873,224,861,172
4064.0,210,44,221,54
4065.0,1754,1608,1805,1711
4066.0,638,445,619,491
4067.0,1180,2289,1205,2351
4068.0,1548,388,1492,394
4069.0,6,19,7,15
4070.0,9539,8226,9693,8194
4071.0,3935,762,3943,807
4072.0,609,2367,630,2365
4073.0,67,388,84,426
4074.0,57,39,60,32
4075.0,998,622,1002,578
4076.0,435,99,411,121
4077.0,368,68,367,101
4078.0,4,2,3,3
4079.0,1163,358,1089,324
4080.0,345,133,366,115
4081.0,1300,329,1321,286
4082.0,250,64,259,57
4083.0,462,143,467,133
4084.0,871,185,882,207
4085.0,1003,196,979,169
4086.0,4905,1708,4931,1728
4087.0,217,33,227,41
4088.0,1455,2083,1422,2103
4089.0,798,210,743,178
4090.0,3368,3252,3328,3365
4091.0,753,241,725,246
4092.0,927,215,923,224
4093.0,902,177,913,161
4094.0,509,1359,488,1369
4095.0,464,163,473,128
4096.0,1434,345,1498,348
4097.0,9,126,20,149
4098.0,3044,874,3147,881
4099.0,1121,745,1122,697
4100.0,56,1580,53,1571
4101.0,331,49,369,42
4102.0,983,502,973,470
4103.0,474,1543,440,1480
4104.0,111,1868,106,1748
4105.0,644,161,647,144
4106.0,81,378,94,363
4109.0,376,539,363,506
4110.0,1486,726,1535,760
4111.0,1780,1657,1658,1648
4112.0,1518,1443,1530,1547
4113.0,1446,3200,1550,3266
4114.0,36,151,46,140
4115.0,1207,2067,1238,2128
4116.0,12,57,13,41
4118.0,254,36,239,40
4119.0,2,23,0,8
4120.0,25,53,45,41
4121.0,3525,1034,3454,1168
4122.0,63,67,54,62
4123.0,98,2044,103,2162
4124.0,1089,239,1113,245
4125.0,176,4130,145,4008
4126.0,1514,1553,1536,1602
4128.0,364,3150,373,3158
4130.0,169,222,191,218
4131.0,2158,833,2173,829
4132.0,83,24,93,12
4133.0,978,347,969,306
4134.0,339,1382,368,1491
4135.0,36,508,29,481
4136.0,206,34,196,33
4137.0,1518,368,1565,369
4138.0,877,364,939,349
4139.0,1054,254,1147,273
4140.0,1849,378,1832,390
4141.0,1905,2265,1881,2238
4142.0,722,492,698,526
4143.0,186,78,191,109
4144.0,1088,264,1010,215
4145.0,6,3,3,3
4146.0,1226,328,1167,361
4147.0,29,343,38,361
4148.0,1052,273,1027,272
4149.0,259,105,220,68
4150.0,1029,316,1063,334
4151.0,576,204,597,181
4152.0,1954,353,1977,393
4153.0,849,2485,872,2448
4154.0,343,78,350,96
4155.0,141,16,178,13
4156.0,2748,584,2779,559
4157.0,146,3866,164,3874
4158.0,227,56,244,51
4159.0,151,22,142,26
4160.0,1465,866,1426,846
4161.0,102,12,105,16
4162.0,20,73,12,45
4163.0,1884,1761,1873,1820
4164.0,1162,891,1231,880
4165.0,1079,308,1118,328
4166.0,1314,598,1402,583
4167.0,770,483,764,500
4168.0,5,2538,6,2561
4169.0,38,405,21,407
4170.0,2198,600,2240,648
4171.0,841,259,849,272
4172.0,2755,2406,2726,2238
4173.0,7655,4328,7656,4484
4174.0,2922,4418,2915,4496
4175.0,5151,1048,5048,969
4176.0,5243,3706,5329,3677
4177.0,1673,639,1724,675
4178.0,4830,2533,4899,2684
4179.0,418,1972,384,1925
4180.0,614,1257,699,1305
4182.0,294,360,284,349
4183.0,109,1355,124,1447
4184.0,12,90,10,91
4185.0,199,788,174,746
4186.0,23,102,25,118
4187.0,97,396,97,388
4188.0,95,478,94,474
4189.0,593,134,605,170
4190.0,292,165,292,167
4191.0,1207,325,1243,320
4192.0,44,11,32,12
4193.0,167,101,192,93
4194.0,1559,1123,1467,1132
4195.0,183,657,158,601
4196.0,1536,388,1501,397
4197.0,109,358,111,407
4198.0,331,114,324,104
4199.0,1561,2639,1554,2673
4201.0,336,405,378,411
4202.0,1387,595,1348,614
4203.0,27,669,41,668
4205.0,778,184,778,204
4206.0,4629,2160,4580,2245
4207.0,1621,274,1631,293
4208.0,356,476,372,465
4209.0,63,970,64,958
4210.0,47,21,49,12
4211.0,1642,830,1674,782
4212.0,181,186,158,181
4213.0,365,2321,357,2384
4214.0,721,222,745,234
4215.0,74,1213,82,1223
4216.0,644,190,689,160
4217.0,793,243,867,232
4218.0,210,3775,225,3721
4219.0,419,2585,409,2614
4220.0,3348,1034,3305,1089
4222.0,720,628,694,628
4223.0,60,386,66,380
4224.0,547,2602,493,2530
4225.0,1103,690,1054,700
4226.0,62,12,56,8
4227.0,1866,2463,1948,2548
4228.0,326,431,333,463
4229.0,735,1207,738,1274
4231.0,427,2262,387,2056
4232.0,152,1155,147,1194
4233.0,1147,273,1139,239
4234.0,11,2637,7,2612
4235.0,1423,1692,1362,1613
4236.0,261,6370,260,6353
4237.0,563,335,605,368
4238.0,467,123,441,100
4239.0,1006,399,1087,441
4240.0,507,125,529,131
4241.0,10,3593,10,3586
4242.0,1855,1059,1915,1112
4243.0,1683,792,1776,866
4244.0,191,4796,211,4754
4246.0,873,6844,871,6971
4247.0,114,1678,104,1603
4249.0,13,29,15,31
4250.0,15,97,15,102
4251.0,14,140,13,153
4252.0,4669,2678,4512,2621
4253.0,180,1811,161,1749
4254.0,103,8,91,10
4255.0,2442,646,2435,691
4256.0,67,162,64,146
4257.0,243,20,233,29
4258.0,2345,1283,2325,1307
4259.0,1099,883,1132,884
4260.0,7995,2536,7982,2465
4261.0,81,12,77,13
4263.0,1012,1034,961,1011
4264.0,1081,2771,1084,2651
4265.0,2221,2972,2276,2757
4266.0,3513,1453,3362,1585
4267.0,337,10328,385,10476
4269.0,2084,612,2109,616
4270.0,2575,769,2625,772
4271.0,424,255,482,234
4272.0,1357,405,1336,399
4273.0,974,330,931,327
4274.0,109,827,84,830
4275.0,130,617,117,619
4276.0,1060,216,967,216
4277.0,324,93,315,92
4278.0,367,98,366,93
4279.0,162,2484,136,2502
4280.0,3052,4731,3056,4629
4281.0,332,61,307,66
4282.0,2397,2552,2394,2514
4283.0,2789,713,2745,682
4284.0,279,252,314,290
4285.0,895,1210,894,1172
4286.0,774,1464,756,1393
4287.0,719,297,716,287
4288.0,4678,2594,4621,2570
4289.0,482,929,463,976
4290.0,59,57,72,66
4291.0,3642,2574,3613,2561
4292.0,117,881,116,831
4293.0,142,1648,144,1548
4294.0,1487,1952,1422,1960
4295.0,919,228,880,243
4296.0,380,74,361,108
4297.0,0,3,0,6
4298.0,2312,460,2306,440
4299.0,205,1913,166,1712
4302.0,73,484,68,459
4304.0,2766,839,2769,827
4305.0,4375,4543,4229,4644
4306.0,1611,544,1719,519
4307.0,107,1632,95,1659
4308.0,3113,936,3157,1019
4309.0,2184,1133,2204,1135
4310.0,469,1229,469,1139
4311.0,2867,918,2884,892
4312.0,797,678,813,713
4313.0,111,1630,98,1640
4314.0,1560,972,1661,1283
4315.0,488,831,523,830
4316.0,992,1767,943,1838
4317.0,621,91,616,88
4318.0,264,47,252,47
4319.0,2601,670,2664,690
4320.0,554,115,565,144
4321.0,2321,629,2281,620
4322.0,58,281,52,287
4323.0,435,1544,399,1507
4324.0,31,185,29,204
4325.0,265,2118,239,2134
4326.0,2285,3239,2260,3093
4327.0,57,290,63,264
4328.0,480,137,444,117
4329.0,4244,759,4196,729
4330.0,315,83,320,78
4332.0,980,203,1051,216
4333.0,719,108,679,100
4334.0,916,246,943,271
4335.0,2392,1623,2366,1622
4336.0,4765,1856,4730,1851
4337.0,911,183,897,199
4338.0,2238,598,2329,605
4339.0,1545,1594,1658,1647
4340.0,2725,2269,2621,2174
4341.0,4,10,3,13
4343.0,2047,478,2024,461
4344.0,1131,204,1099,201
4345.0,1796,454,1821,493
4346.0,390,1203,396,1178
4347.0,1071,204,1090,205
4348.0,701,150,686,180
4349.0,1794,2783,1855,2876
4350.0,2453,1053,2316,1008
4351.0,1614,356,1621,354
4353.0,32,158,29,145
4355.0,996,206,964,203
4356.0,2086,1594,2132,1546
4357.0,256,925,245,979
4358.0,880,622,860,632
4359.0,1164,212,1177,231
4360.0,2390,598,2351,561
4361.0,1850,5136,1840,5041
4362.0,3429,1844,3328,1551
4363.0,642,99,688,109
4364.0,387,1597,412,1738
4365.0,41,8,39,3
4366.0,1352,313,1358,262
4367.0,13,106,3,80
4368.0,3267,756,3280,724
4369.0,826,1973,802,2088
4370.0,3175,1174,3324,1192
4371.0,8,25,1,12
4372.0,2308,2818,2363,2749
4373.0,1254,4493,1211,4326
4374.0,462,346,405,326
4375.0,286,1681,313,1663
4376.0,2527,1066,2493,1007
4377.0,418,116,401,118
4378.0,1180,994,1148,972
4379.0,4,2623,5,2601
4380.0,1688,304,1539,280
4381.0,427,174,430,173
4382.0,208,51,206,53
4383.0,974,268,1051,270
4384.0,1512,841,1569,823
4385.0,962,317,894,318
4386.0,328,264,328,265
4387.0,3734,3132,3670,3190
4388.0,25,238,26,205
4389.0,2901,1936,2750,1831
4390.0,3275,3328,3327,3388
4391.0,1121,2221,1140,2199
4392.0,300,107,325,118
4394.0,2241,655,2231,660
4395.0,973,173,927,156
4396.0,418,311,450,308
4397.0,268,1170,262,1232
4398.0,1321,1316,1348,1160
4399.0,9,87,17,117
4400.0,2496,429,2537,474
4401.0,631,114,634,135
4402.0,1778,2535,1799,2589
4403.0,491,270,495,288
4404.0,1211,241,1111,240
4405.0,330,202,301,174
4406.0,7,95,8,96
4407.0,609,169,662,174
4408.0,1543,297,1587,311
4409.0,3696,1917,3685,1815
4410.0,723,182,697,194
4411.0,407,85,421,70
4413.0,1255,341,1195,340
4414.0,124,520,126,560
4415.0,2115,1542,2153,1550
4417.0,1294,328,1231,302
4418.0,37,2535,31,2640
4419.0,779,178,805,156
4420.0,94,373,92,356
4421.0,452,71,497,77
4422.0,865,2691,881,2722
4423.0,1960,2354,1901,2168
4425.0,3624,1815,3742,1763
4426.0,3815,946,3790,930
4427.0,66,726,53,705
4428.0,255,88,254,104
4429.0,1807,1182,1789,1111
4430.0,745,177,717,201
4431.0,113,2717,132,2732
4432.0,31,729,45,804
4433.0,204,725,204,762
4434.0,905,823,874,786
4435.0,97,451,123,519
4436.0,103,201,104,189
4437.0,2977,674,2845,612
4438.0,46,3,42,14
4439.0,359,78,352,88
4440.0,567,1563,607,1544
4441.0,451,177,435,171
4442.0,903,286,922,236
4443.0,363,136,362,145
4444.0,1052,2409,1107,2393
4445.0,1749,631,1793,715
4446.0,1,8,0,10
4447.0,1446,428,1367,411
4448.0,3548,5612,3441,5530
4449.0,868,170,812,181
4450.0,5,75,3,71
4451.0,668,173,675,200
4452.0,203,162,224,174
4453.0,956,300,980,245
4454.0,310,95,335,97
4455.0,1610,763,1694,698
4457.0,34,409,41,394
4458.0,1696,1413,1577,1388
4459.0,172,67,148,136
4460.0,2095,353,2025,393
4461.0,575,153,596,195
4462.0,441,70,412,86
4463.0,14,53,15,55
4464.0,38,34,64,36
4465.0,2895,5929,2877,5738
4467.0,1081,238,1104,265
4468.0,67,291,80,310
4469.0,719,481,689,526
4470.0,1647,1467,1706,1496
4471.0,78,373,69,331
4472.0,873,255,936,239
4473.0,319,60,286,62
4474.0,1178,291,1211,324
4475.0,2052,4226,2112,4288
4476.0,884,527,887,507
4477.0,551,192,556,193
4478.0,2920,1746,2966,1765
4479.0,201,2633,193,2482
4480.0,652,223,647,198
4481.0,242,86,238,71
4482.0,1374,401,1369,432
4483.0,1429,1699,1434,1863
4484.0,1701,5506,1712,5451
4485.0,998,1041,1058,1027
4486.0,1813,1099,1899,1123
4487.0,1268,388,1234,366
4488.0,506,2808,478,2800
4489.0,712,1299,678,1341
4490.0,142,254,189,260
4491.0,1236,408,1232,367
4492.0,533,173,552,136
4493.0,1020,785,956,836
4494.0,173,39,210,33
4495.0,66,81,63,97
4496.0,1232,375,1276,440
4497.0,1654,648,1648,680
4498.0,2156,1305,2154,1330
4499.0,1444,473,1332,450
4500.0,954,274,924,254
4501.0,1912,602,1902,621
4502.0,219,684,244,662
4503.0,385,1656,380,1656
4504.0,581,1037,563,993
4505.0,2179,2025,2123,1983
4506.0,1509,283,1452,267
4507.0,116,124,124,97
4508.0,2179,447,2096,410
4509.0,298,360,271,372
4510.0,1008,610,952,626
4511.0,27,2,44,2
4512.0,5,27,5,21
4513.0,0,1,2,4
4514.0,7,36,5,52
4515.0,850,197,809,182
4516.0,1150,928,1100,929
4517.0,2286,1502,2345,1578
4518.0,865,244,820,252
4519.0,1000,598,1001,619
4520.0,267,88,230,79
4521.0,44,27,66,27
4522.0,273,2495,302,2500
4523.0,576,512,538,500
4524.0,1070,245,1090,254
4525.0,3520,1280,3528,1303
4526.0,251,12,240,24
4527.0,1006,215,919,225
4528.0,2421,554,2430,604
4529.0,440,3477,459,3453
4530.0,1938,1947,1916,1787
4531.0,20,213,23,222
4532.0,365,97,390,94
4533.0,1288,1586,1293,1579
4534.0,94,102,118,129
4535.0,1323,374,1311,372
4536.0,54,529,48,496
4537.0,551,2395,521,2294
4538.0,1380,346,1359,373
4539.0,210,591,178,601
4540.0,33,388,31,356
4541.0,973,159,917,134
4542.0,170,50,182,49
4543.0,355,92,351,84
4544.0,680,1265,675,1299
4545.0,763,222,759,261
4546.0,42,2327,59,2364
4547.0,24,48,22,50
4548.0,2405,818,2288,795
4551.0,0,6,2,8
4552.0,1063,287,1052,300
4553.0,537,548,513,564
4554.0,1494,347,1562,361
4555.0,609,726,628,733
4556.0,822,147,766,166
4557.0,166,32,172,37
4559.0,4,0,4,1
4560.0,1227,533,1232,542
4561.0,1149,1626,1171,1620
4562.0,862,2546,885,2514
4563.0,672,359,676,314
4564.0,1315,253,1335,272
4565.0,1029,351,1039,321
4566.0,178,1086,189,1053
4567.0,498,103,481,79
4568.0,1762,808,1773,773
4569.0,3144,842,3136,861
4570.0,352,78,342,53
4571.0,1203,328,1256,323
4572.0,2672,701,2639,709
4573.0,418,104,411,126
4574.0,669,188,630,187
4575.0,1699,342,1708,345
4576.0,354,2733,364,2755
4577.0,622,212,595,174
4578.0,1195,82,1184,97
4580.0,497,156,503,196
4581.0,5,5,6,5
4583.0,383,99,390,110
4584.0,1456,300,1390,316
4585.0,827,1999,832,1950
4586.0,55,4,52,10
4589.0,658,802,607,809
4590.0,1019,249,975,255
4591.0,351,86,413,109
4592.0,196,32,193,32
4593.0,2954,646,3000,701
4594.0,362,126,357,126
4595.0,276,95,299,104
4596.0,551,136,521,119
4598.0,270,254,321,235
4599.0,583,222,592,210
4600.0,817,2843,829,2822
4601.0,875,117,828,117
4602.0,507,1740,522,1747
4603.0,1104,241,1140,253
4604.0,2206,919,2215,901
4605.0,268,66,266,64
4606.0,483,98,467,100
4607.0,102,16,109,41
4608.0,389,91,342,69
4609.0,199,62,202,63
4610.0,271,87,258,78
4612.0,867,198,853,214
4614.0,407,79,351,91
4615.0,311,83,278,75
4616.0,287,79,294,84
4617.0,1501,2902,1560,3042
4618.0,99,20,110,12
4619.0,296,114,287,78
4620.0,459,76,448,84
4621.0,5,1,1,2
4622.0,273,110,304,116
4623.0,254,41,261,33
4624.0,979,198,1035,204
4625.0,88,118,91,134
4626.0,359,73,357,49
4627.0,620,80,631,63
4628.0,91,54,97,57
4629.0,1826,484,1877,538
4630.0,104,31,112,35
4631.0,98,11,97,10
4632.0,70,180,67,190
4633.0,118,277,104,236
4634.0,194,110,208,142
4635.0,1871,341,1838,331
4636.0,154,347,177,379
4637.0,846,295,899,311
4638.0,53,48,53,65
4639.0,21,2,12,3
4640.0,306,59,296,38
4641.0,154,1239,170,1155
4642.0,932,276,957,295
4643.0,386,196,408,166
4644.0,341,69,353,77
4645.0,462,85,472,73
4646.0,352,78,350,115
4647.0,106,28,126,25
4648.0,555,60,569,90
4649.0,246,430,215,494
4650.0,74,769,63,756
4651.0,512,121,480,114
4652.0,389,80,354,69
4653.0,792,159,816,192
4654.0,905,187,942,194
4655.0,84,76,96,95
4657.0,242,416,242,365
4658.0,811,538,788,530
4659.0,404,167,432,182
4660.0,597,564,581,559
4661.0,311,404,296,412
4662.0,726,169,750,175
4663.0,1146,1406,1109,1323
4664.0,646,108,646,105
4665.0,1673,2423,1688,2325
4666.0,447,135,434,145
4667.0,4,1,5,1
4668.0,157,19,145,36
4669.0,1310,418,1285,416
4670.0,861,188,847,169
4671.0,187,712,205,727
4672.0,66,24,63,25
4673.0,64,207,70,192
4674.0,1573,4824,1509,4887
4675.0,722,835,750,871
4676.0,1,3,9,2
4677.0,634,693,647,699
4678.0,540,1014,514,1007
4679.0,252,917,270,908
4680.0,486,79,544,83
4681.0,156,88,148,104
4682.0,696,615,738,608
4683.0,713,149,675,166
4684.0,406,764,390,735
4685.0,592,436,623,454
4686.0,386,140,418,121
4687.0,132,18,122,21
4688.0,379,77,350,59
4689.0,575,499,549,565
4690.0,338,599,357,596
4691.0,324,417,344,434
4692.0,30,6,30,2
4693.0,211,38,217,25
4694.0,412,102,393,59
4695.0,418,1375,451,1354
4696.0,463,84,474,77
4697.0,1001,270,969,232
4698.0,336,616,330,623
4699.0,225,30,239,30
4700.0,361,398,364,450
4701.0,2,5,4,14
4702.0,354,173,360,163
4703.0,339,55,370,72
4704.0,669,156,709,249
4705.0,277,70,267,72
4706.0,915,149,917,117
4707.0,271,118,270,130
4708.0,348,456,358,499
4709.0,1256,1719,1274,1795
4710.0,271,59,287,72
4711.0,120,33,145,32
4712.0,396,82,375,59
4713.0,547,1464,587,1423
4714.0,82,31,89,30
4715.0,287,45,328,34
4716.0,318,52,299,61
4717.0,197,35,217,39
4718.0,794,503,773,465
4719.0,1013,230,1010,249
4720.0,381,125,390,133
4721.0,696,243,609,264
4722.0,559,98,540,102
4723.0,145,15,162,37
4724.0,390,64,383,36
4725.0,381,356,390,330
4726.0,426,62,428,63
4727.0,970,156,976,151
4728.0,510,128,527,155
4729.0,1120,555,1140,603
4730.0,2,6,0,4
4731.0,410,74,447,101
4732.0,223,28,215,45
4733.0,113,776,117,790
4734.0,133,27,121,31
4735.0,1275,296,1264,280
4736.0,15,5,11,1
4737.0,35,1,33,3
4738.0,220,39,229,35
4739.0,133,37,114,35
4740.0,239,68,246,81
4741.0,1040,227,1036,207
4742.0,496,77,487,80
4743.0,425,71,423,63
4744.0,1640,798,1673,743
4745.0,832,193,825,167
4746.0,511,85,511,103
4747.0,2337,722,2341,658
4748.0,538,1725,523,1747
4749.0,39,91,52,91
4750.0,234,53,244,43
4751.0,54,9,64,4
4752.0,489,100,517,90
4753.0,592,1430,583,1450
4754.0,916,1332,973,1336
4755.0,394,46,329,36
4756.0,300,47,324,49
4759.0,173,40,175,44
4760.0,106,34,98,26
4761.0,859,280,831,239
4762.0,400,168,418,178
4763.0,205,42,227,40
4764.0,887,193,861,226
4765.0,86,4,110,6
4766.0,626,91,716,95
4767.0,19,17,27,17
4768.0,677,280,656,310
4769.0,80,117,69,132
4770.0,191,42,179,45
4771.0,1079,1387,993,1397
4772.0,1691,323,1675,343
4773.0,206,38,208,50
4774.0,516,110,523,114
4775.0,858,248,799,234
4776.0,353,96,380,75
4777.0,668,379,650,414
4778.0,735,1270,771,1306
4779.0,973,212,969,181
4780.0,683,135,667,143
4781.0,51,11,50,15
4782.0,1799,610,1851,624
4783.0,1273,316,1215,323
4784.0,31,439,40,456
4785.0,210,24,227,24
4786.0,500,148,502,106
4787.0,246,73,252,58
4788.0,246,86,222,93
4789.0,160,647,162,702
4790.0,1890,570,1934,548
4791.0,387,986,397,970
4792.0,243,46,246,38
4793.0,514,294,546,299
4794.0,551,68,569,58
4795.0,640,262,605,241
4796.0,790,172,850,157
4797.0,86,88,84,97
4798.0,52,10,59,11
4799.0,479,96,510,108
4800.0,1013,248,1076,241
4801.0,163,89,190,70
4802.0,1405,1523,1473,1484
4803.0,122,37,126,38
4804.0,805,489,787,478
4805.0,657,151,621,130
4806.0,339,59,309,65
4807.0,923,972,905,1004
4808.0,9,1,11,2
4809.0,200,61,202,78
4810.0,69,13,97,8
4811.0,365,56,347,63
4812.0,650,140,603,124
4813.0,363,121,358,118
4814.0,71,5,71,2
4815.0,78,14,101,12
4816.0,34,108,36,121
4817.0,1067,203,1069,208
4820.0,275,139,259,113
4821.0,97,12,103,23
4822.0,0,3,0,0
4823.0,86,16,77,8
4824.0,207,384,210,334
4825.0,486,57,504,64
4826.0,28,854,35,799
4827.0,548,91,582,111
4828.0,43,517,38,460
4829.0,408,250,427,243
4830.0,1,1,1,0
4831.0,113,18,97,21
4832.0,274,29,284,39
4833.0,14,7,25,10
4834.0,506,92,495,73
4835.0,179,37,151,31
4836.0,155,20,199,31
4837.0,165,20,167,23
4838.0,146,20,170,33
4839.0,149,29,162,27
4840.0,15,127,15,116
4841.0,250,37,227,33
4842.0,156,16,162,22
4843.0,155,17,151,16
4844.0,26,4,29,7
4845.0,174,32,148,26
4846.0,167,39,179,47
4847.0,34,7,40,10
4848.0,1231,313,1135,275
4849.0,328,135,332,142
4850.0,58,3,60,9
4851.0,53,91,53,60
4852.0,90,16,83,9
4853.0,101,180,87,198
4854.0,47,15,60,19
4855.0,41,5,43,6
4856.0,89,65,89,78
4857.0,236,43,236,27
4858.0,30,7,28,8
4859.0,67,37,74,27
4860.0,21,12,25,12
4861.0,53,333,50,328
4862.0,474,516,469,478
4863.0,116,1552,120,1587
4864.0,724,689,685,624
4865.0,341,54,307,47
4866.0,60,21,59,20
4867.0,411,112,432,120
4868.0,87,18,91,17
4869.0,646,227,599,199
4870.0,267,75,249,63
4871.0,129,46,146,52
4872.0,549,146,596,132
4873.0,47,18,36,10
4874.0,72,18,66,13
4875.0,62,6,47,6
4876.0,94,24,95,26
4877.0,54,422,58,410
4878.0,45,23,54,31
4879.0,302,57,283,67
4880.0,287,63,266,62
4881.0,47,14,73,18
4882.0,1265,948,1195,979
4883.0,286,66,311,94
4884.0,243,939,234,837
4885.0,793,270,754,281
4886.0,645,191,617,193
4887.0,17,39,22,34
4888.0,141,164,158,189
4889.0,331,88,351,105
4890.0,195,48,168,42
4891.0,4,637,7,616
4892.0,652,122,647,119
4893.0,140,20,152,25
4894.0,26,3,26,2
4896.0,1601,671,1622,622
4897.0,226,44,255,43
4898.0,66,15,49,23
4899.0,23,2,22,4
4900.0,37,8,34,4
4901.0,51,13,39,10
4902.0,103,29,115,29
4903.0,9,16,13,12
4904.0,123,28,120,38
4905.0,30,1587,31,1290
4906.0,17,129,8,135
4907.0,54,278,44,251
4908.0,383,78,377,63
4909.0,188,65,183,89
4910.0,3,67,3,73
4911.0,37,65,39,64
4912.0,13,49,14,33
4913.0,237,54,257,63
4914.0,157,20,125,16
4915.0,400,84,397,94
4916.0,24,16,35,15
4917.0,79,15,111,14
4918.0,1,2,0,0
4919.0,72,6,64,4
4920.0,8,7,9,4
4921.0,18,87,11,80
4922.0,54,6,52,9
4923.0,2,99,1,99
4924.0,118,32,132,42
4925.0,8,17,6,12
4926.0,36,41,42,51
4927.0,452,91,469,113
4928.0,12,2,21,2
4929.0,220,103,223,101
4930.0,186,37,190,35
4931.0,426,212,379,233
4932.0,3,39,1,33
4933.0,108,104,104,134
4934.0,15,2,13,1
4935.0,138,30,129,21
4936.0,51,3,38,1
4937.0,0,1,1,6
4938.0,384,106,367,85
4939.0,136,11,137,19
4941.0,68,8,75,7
4942.0,199,121,212,116
4943.0,42,8,47,5
4944.0,339,101,382,111
4945.0,3,42,1,43
4947.0,17,1,19,1
,7073,63563,7149,63792
